"","ID","annon_fric","annon_sric_sqrt","brd_fric_sqrt","brd_sric_sqrt","mml_fric_sqrt","mml_sric_sqrt","annual_temp","temp_season","annual_prec","prec_season"
"1",10004,0.0283155677731596,0.204585080501487,0.847700993712771,0.476438621836075,0.705165428386468,0.637799591556079,0.665368139918146,0.0577447579541707,0.26886512206383,0.22338902453428
"2",10005,0.161743083081378,0.231753390739774,0.909080904055757,0.731022287480125,0.70805801055566,0.901676735057588,0.497676360402925,0.101629463348498,0.168470504861797,0.278285399654946
"3",10015,0.0410184505066237,0.231753390739774,0.607122178046523,0.554116807488609,0.721202196538057,0.748874689216131,0.89862720982912,0.20793550651856,0.0388774674718835,0.506205850261383
"4",10017,0.128650266012762,0.204585080501487,0.833183355483225,0.418604574450696,0.672641158580214,0.372261839813153,0.793894022717209,0.222691384046941,0.181577030065617,0.526310787239996
"5",10018,0.127486859979971,0.145820431566465,0.832552249597549,0.438234673639348,0.672641158580214,0.407560647010149,0.769521710346516,0.193426652868039,0.138924249899939,0.526161795684282
"6",10019,0.0416163788508444,0.145820431566465,0.68422619834986,0.36633029979982,0.674271205960239,0.441214910679389,0.775113098599595,0.152114095601687,0.138677534826812,0.520806343601388
"7",10020,0.111993119299183,0.145820431566465,0.518006692681248,0.360349560935654,0.674271205960239,0.465504646794033,0.719373279627641,0.121496519028697,0.168044155736315,0.480800368666197
"9",10031,0.00185990277080761,0,0.589269027544506,0.329879691568013,0.700193567393138,0.489061521226215,0.707982144832132,0.0847963016462172,0.19276141370941,0.314886299660974
"10",10033,0.000181086309023446,0,0.913185892306982,0.780152833403506,0.714420923251847,0.811377533284316,0.479392933661814,0.146406507686893,0.155896862996699,0.341719243787395
"11",10034,0.0001042603024035,0,0.829601092963514,0.704664414873,0.733743430756877,0.816888573105468,0.499783868102757,0.184465630448582,0.114518419301811,0.419068403485549
"12",10042,0.0674797293613704,0.231753390739774,0.748820528174825,0.677770285167397,0.724845972394167,0.901676735057588,0.832236452200429,0.233620871029121,0.00632077734109248,0.458993945877635
"13",10043,0.0927375834772834,0.329684086508448,0.624731618169092,0.610346545083695,0.682633101933295,0.737111918454705,0.881105807061099,0.211518370925897,0.0541970118627144,0.4617560083757
"14",10044,0.169394028779514,0.329684086508448,0.852673878620252,0.521107095782326,0.667274402257161,0.381254185254881,0.798556086928823,0.255848371853122,0.129039397850355,0.535595261398086
"15",10045,0.278167179316688,0.352041663558859,0.88307695351463,0.551610689252489,0.674271205960239,0.48128660545668,0.76900677978433,0.200572355161513,0.125398837293341,0.517471182374206
"16",10046,0.00627629420343253,0.0415528817560006,0.665928816801321,0.41007688457221,0.692028691901481,0.534218594919176,0.764775632203653,0.143540495610021,0.127600116534865,0.516599681023311
"17",10047,0.254593254149271,0.329684086508448,0.681491405208718,0.510755978916393,0.68454635450894,0.54151350969986,0.766620850498569,0.0956977325933414,0.151517330366479,0.485014823169288
"18",10050,0.0103026212976551,0,0.616638179771811,0.339122562324497,0.69676082003374,0.548746860715935,0.76153099258138,0.0461714503382629,0.158931639783306,0.373558794127302
"19",10060,0.000215822770769806,0.0415528817560006,0.81836302333722,0.693525576617837,0.750512857803633,0.794680300259369,0.584019348430247,0.229602516136727,0.116287564599027,0.478165515185486
"20",10067,0.0515497969672691,0.176020831779429,0.739800005279411,0.763262243666104,0.741889687190742,0.990500789904253,0.70575405681972,0.326733404957334,0.0273183894112791,0.449844542238766
"21",10068,0.243705504939584,0.510280780360892,0.731860756999154,0.773842891653286,0.748499281811352,0.901676735057588,0.823437522569641,0.274278760220403,0.048081384896756,0.380032942421776
"22",10072,0.215836840759968,0.352041663558859,0.908964013594009,0.566567836597105,0.679024814054924,0.473435083981673,0.778875127978915,0.255088384572823,0.111143872779458,0.530015942652578
"23",10074,0.2156226943906,0.306567981894736,0.666347457702225,0.49504874239707,0.695871689212085,0.519437606777876,0.743858834214885,0.0971988988079582,0.130208989709831,0.515691832665144
"24",10077,0.158779497505588,0.176020831779429,0.474121252219801,0.36633029979982,0.695901035151411,0.54151350969986,0.732050946071756,0.0505751631348455,0.160351072763915,0.3543195538808
"25",10080,0.00506493362508085,0.0415528817560006,0.676768249461519,0.46836522184292,0.702118252897862,0.54151350969986,0.727033620689559,0.0854109940351735,0.163364277723823,0.306825080840136
"26",10087,0.00566648382573703,0.113665682896246,0.616736992651149,0.643346169657319,0.739228187246168,0.777728103401413,0.678004773040615,0.261781432718455,0.0901787783288495,0.530655341901285
"27",10088,0.0052695184877567,0.0791195584010167,0.583826367661156,0.583782487824325,0.739546209796191,0.754707599062995,0.658935531498746,0.310872959498248,0.0846376179774982,0.583730160473607
"28",10094,0.234960364492773,0.545491992483284,0.753509855925424,0.792688016727019,0.74452092761817,0.956695168728091,0.68010445487104,0.325268756453846,0.0757669453569343,0.400851042163432
"29",10095,0.325081964841714,0.643682526691789,0.766971977442253,0.744009884927252,0.744995474242501,0.870591599581612,0.826006796339671,0.278928220588525,0.113842938649335,0.352036636474083
"30",10098,0.259194649789126,0.510280780360892,0.900117346855316,0.657227376553734,0.690130700589464,0.473435083981673,0.798970983607563,0.27762740271644,0.0656757473864288,0.58274756382158
"31",10099,0.142009762861896,0.282610470971695,0.780483714358962,0.541532028638397,0.713128298670175,0.504390230220781,0.769000238652917,0.174303019408606,0.0845027683422787,0.568433061226
"32",10100,0.0177093526468486,0.0791195584010167,0.510769848465455,0.386982497023383,0.698256826853926,0.473435083981673,0.69893867121243,0.0902528387265459,0.11507893034432,0.528525871682438
"33",10113,0.00432209927133701,0.0415528817560006,0.585340968265879,0.702444167225575,0.739228187246168,0.789058473302789,0.660902710932674,0.258087345812875,0.109536925070442,0.567406381287792
"34",10114,7.87079334785679e-05,0,0.539130892641551,0.554116807488609,0.739546209796191,0.777728103401413,0.620373632935709,0.31365257870587,0.101181243291273,0.624700735652435
"35",10117,0.0244664180596963,0.0415528817560006,0.611533908767981,0.675503857514265,0.762819629044191,0.816888573105468,0.645589372597467,0.257713959737321,0.0232662913462641,0.736396082472624
"36",10119,0.0415265932437666,0.0415528817560006,0.648688092035603,0.775949380396132,0.76281849119428,0.833263089621329,0.585438154710153,0.292080939159998,0.0341359754419591,0.611675611094584
"37",10120,0.28845582804213,0.595859525062267,0.751087544187941,0.841752351297926,0.767007799977006,0.870591599581612,0.731126760362161,0.294812217289528,0.0850246136176699,0.399359603325754
"38",10121,0.142831337513862,0.415215354125646,0.712342398471591,0.647990157002929,0.726176213501781,0.794680300259369,0.859483023879211,0.239278234949139,0.145254666589792,0.342047551305553
"39",10132,0.160490110431258,0.176020831779429,0.602059510563344,0.421431582981392,0.701265015089471,0.563034940247751,0.676130493331598,0.164479763025538,0.166034201222771,0.404851423352751
"40",10133,0.0168815456050917,0,0.552980357383625,0.427062647040328,0.688866415283577,0.526860517167108,0.712393216232621,0.209753210704821,0.149061408073224,0.428090987695435
"41",10143,0.000681958117796902,0,0.507062657594756,0.593509566573148,0.762321151333377,0.811377533284316,0.702234575795529,0.294058852838089,0.00734435873574455,0.786569081136682
"42",10144,0.0520021049523187,0.204585080501487,0.695600350965173,0.704664414873,0.762321762898451,0.827830971819262,0.635992630510862,0.303722983498582,0.0631397999914897,0.603305632586758
"43",10145,0.314542096714501,0.492124590248654,0.673675452121494,0.713508369931545,0.748880336486039,0.844050992765686,0.757512132829807,0.25845027197785,0.0971303995381785,0.465260903860094
"44",10146,0.233672016858938,0.415215354125646,0.645758498095536,0.634006498130118,0.668158498205093,0.737111918454705,0.843363887427117,0.204518403652429,0.0898725955290761,0.489710971693568
"45",10154,0.00718911745167643,0.113665682896246,0.638669623902179,0.586221626608085,0.697195532085615,0.534218594919176,0.671653320875243,0.129815927413492,0.158366718605821,0.458298579668076
"46",10157,0.203899363549589,0.145820431566465,0.519542850544536,0.386982497023383,0.698447044051038,0.548746860715935,0.663415217967049,0.223086872494603,0.1474565947082,0.483133130801261
"47",10163,0.000327163557436951,0,0.698899780577605,0.70688094038743,0.746426727840922,0.844050992765686,0.611966853792409,0.294985737730557,0.0672996515040407,0.702116808899327
"48",10167,0.00646320342643906,0,0.639749228929941,0.689043451693545,0.762934960313904,0.860047257129607,0.535069460900845,0.306119028696507,0.0312504948696663,0.752030802532421
"49",10168,0.214538991921965,0.562589407938659,0.646690482037478,0.624596600542168,0.744875839164991,0.838669644090499,0.671868530773204,0.297163598661573,0.109819458494853,0.61099369379539
"50",10169,0.0223161994704752,0.113665682896246,0.691357598702887,0.654924358407406,0.726055660122081,0.794680300259369,0.820952162912786,0.223569940797044,0.0918686469957194,0.51958986260514
"51",10170,0.000629852425424024,0.0415528817560006,0.667506871303852,0.605559631453627,0.684448615047631,0.663572424808024,0.845906481249541,0.179460436908168,0.103410252987456,0.561023351684601
"52",10188,0.0236860026784189,0.0791195584010167,0.628541953863743,0.673233450172126,0.746426727840922,0.827830971819262,0.618420147883545,0.316910527756986,0.0920524045927577,0.721709034861442
"53",10190,0.0126694548927192,0.0791195584010167,0.60622736437473,0.689043451693545,0.764012576296245,0.844050992765686,0.583116031705728,0.362513052742441,0.0810989345753376,0.715424263820123
"54",10191,0.00383282258600363,0,0.580622108207934,0.693525576617837,0.745242439349901,0.800273805129097,0.56215892258198,0.34335190688908,0.055804943199196,0.726108825450648
"55",10192,0.231292429136719,0.352041663558859,0.578389411461984,0.709093762426239,0.746058245957036,0.816888573105468,0.545730369500362,0.326362803534478,0.105670644081718,0.675986691282998
"56",10193,0.0499992600086791,0.204585080501487,0.509272385913349,0.566567836597105,0.737683480416361,0.760508893523854,0.762909199717036,0.277468408466695,0.163226682090389,0.619291503443807
"57",10194,0.0993248785175448,0.394751479129127,0.582195051199957,0.551610689252489,0.722148268923141,0.71921709683141,0.776583595082232,0.188462956938691,0.0719415058108307,0.582084881582092
"58",10195,0.299979732692479,0.454587121959464,0.644967121421401,0.612733017056206,0.684448615047631,0.637799591556079,0.822007684329405,0.156874792473006,0.0693944840087891,0.556446611217538
"59",10198,0.0275090964738116,0.0791195584010167,0.593593779526325,0.515943353877601,0.645531305291287,0.48128660545668,0.69640355902061,0.117211955483092,0.0942286725404749,0.612661949394054
"60",10199,0.000126890195923655,0,0.513283930570395,0.481787948348224,0.769104221881035,0.504390230220781,0.59270611786531,0.126365031015868,0.0964690244741604,0.552256125197822
"61",10214,0.00104354170782652,0.0415528817560006,0.725399148764936,0.689043451693545,0.735814709990183,0.816888573105468,0.517917928624415,0.401877207177481,0.166086853944998,0.624386257250434
"62",10215,0.0297097367760329,0,0.613602121175144,0.666398138698433,0.723217026214446,0.766279081175622,0.390471058565617,0.357392361201963,0.117883731455722,0.672784684063408
"63",10219,0.175972783780802,0.329684086508448,0.61523867703382,0.588655832841244,0.680814938514255,0.577094366239055,0.805160412927732,0.167473664123149,0.0661398659148766,0.60801328887302
"64",10233,0.0468532821018067,0,0.815062971459481,0.61749212629063,0.765547917124666,0.669910327957927,0.599281568495417,0.316220668214837,0.0895631174593567,0.675765321505436
"65",10237,0.000734126820682214,0,0.708270974763454,0.668680612082471,0.735792655813092,0.707113282950276,0.591874975039635,0.39648216997527,0.120210337645145,0.758824666518528
"66",10244,0.271416418671027,0.454587121959464,0.57744572584262,0.573976000398091,0.680814938514255,0.555920180808876,0.747921107287031,0.196666256240688,0.070189518071852,0.700394555896571
"67",10245,0.0316899772003087,0.0791195584010167,0.55599863868927,0.50030901224043,0.680814938514255,0.473435083981673,0.828514213023826,0.199230399980675,0.0815811771629138,0.642470700446007
"68",10255,0.000890041692016659,0,0.956736506395101,0.643346169657319,0.76537304110883,0.663572424808024,0.564812422028146,0.287983599416689,0.152751683828364,0.632992745108154
"69",10258,0.171695411207578,0.176020831779429,0.770218961856166,0.631660669217809,0.758760320831413,0.707113282950276,0.601512858851414,0.39143106424996,0.100045213867705,0.751720143396909
"70",10268,0.040007955076125,0.0791195584010167,0.508947657393326,0.49504874239707,0.723306877250849,0.504390230220781,0.762076674184789,0.235520394307098,0.0713387064955131,0.767437570743931
"71",10269,0.0642377493497356,0.204585080501487,0.525312699509473,0.476438621836075,0.680814938514255,0.432943205486478,0.819800170327421,0.214560254159515,0.0790519153277459,0.668631421130635
"72",10276,2.8839022425563e-05,0,0.580410046935587,0.515943353877601,0.700202413636506,0.526860517167108,0.525764614654582,0.299379482666172,0.12509291856765,0.611292284762713
"73",10281,0.00605547932099207,0.0415528817560006,0.835420308810988,0.546582266740115,0.730891237894626,0.682465403755675,0.547586053352778,0.341925175173691,0.124594601324739,0.681330296167136
"74",10284,0.0453869116919307,0.176020831779429,0.762262044303602,0.556617576467933,0.737108677582856,0.701007337798098,0.579183391986069,0.428031501859716,0.110756387144374,0.773576515480541
"75",10295,0.00689556931080584,0.0415528817560006,0.496888720535541,0.510755978916393,0.677543463981783,0.335050896722087,0.803672746879288,0.22363391657743,0.0822274562385039,0.737462253372307
"76",10299,0.000866995345892994,0,0.422563937756674,0.21096049568341,0.23599010889265,0.231052357040149,0.840925303252823,0.208283358736326,0.102302845650767,0.842327283892788
"77",10313,0.00877113146646721,0,0.759849114787646,0.591085136327884,0.73677161560749,0.73118096811729,0.582404252464016,0.461964305265427,0.107149124164249,0.785104379543967
"78",10314,0.0444834774811171,0.0791195584010167,0.801778451028949,0.638685013975812,0.737108677582856,0.737111918454705,0.578239071142286,0.467114539683344,0.113002126073749,0.808812168538441
"79",10315,0.0224938290151865,0.0791195584010167,0.765026524044535,0.610346545083695,0.747758635669968,0.772018657104437,0.544072453413254,0.490471017149654,0.0910316223987964,0.84867528198591
"80",10321,0.00395068908235328,0,0.521549744116172,0.441009256084881,0.723247811091474,0.511948119202481,0.712668228059303,0.36268991318145,0.109638129712987,0.791308757238909
"81",10322,0.0709218069832758,0.0791195584010167,0.446664275394108,0.375233851650879,0.723247811091474,0.424579070399208,0.734357098639054,0.325651603282323,0.0841403844266909,0.807259087739198
"82",10323,0.000426821733808409,0,0.461609840761655,0.438234673639348,0.723247811091474,0.353914927349012,0.737077105869463,0.281082500690661,0.0677213489604993,0.80234029227474
"83",10324,0.0900307083259484,0.145820431566465,0.499667328099058,0.424250919804718,0.677543463981783,0.344550293889333,0.803760379349578,0.239488563176756,0.0731528008434036,0.746032712813423
"84",10327,0.0475465116116422,0.113665682896246,0.415781730937154,0.225003065658597,0.510460870976305,0.305681873863074,0.808015787057336,0.218894278313026,0.131602575682366,0.709533112502035
"85",10347,0.0640762054665474,0,0.735491992563686,0.645670297520894,0.747223281696439,0.748874689216131,0.67983836723758,0.439969462022218,0.0741743426174523,0.869128219462697
"86",10354,0.0327455268648433,0.0791195584010167,0.387072769473365,0.182135877003312,0.510460537590044,0.295578675935995,0.73564735998136,0.214143533333176,0.240663576352359,0.697575313107827
"87",10355,0.0132376876174111,0,0.365362252924327,0.193065240496745,0.510460537590044,0.335050896722087,0.634577814461725,0.271399954818584,0.222343494542089,0.448077874982061
"88",10368,0.0183868539322791,0.0415528817560006,0.747534729082991,0.638685013975812,0.735827019136357,0.669910327957927,0.640128621672331,0.496675685409987,0.0628873676516803,0.782659759464606
"89",10377,0.0959722737952997,0.113665682896246,0.744509530800229,0.61749212629063,0.743521702462502,0.754707599062995,0.580018464001299,0.483233371995871,0.0727247154213519,0.742507855457701
"90",10378,0.00214162155222635,0,0.762584133969785,0.7002201786306,0.743521677260443,0.71921709683141,0.689117959179302,0.466344694156925,0.0729877930315022,0.725809187173381
"91",10380,0.000865475105853501,0.0791195584010167,0.430780634268227,0.441009256084881,0.738665699151919,0.398899447905632,0.694339199252059,0.412705185069852,0.0828032770905608,0.777442767346654
"92",10381,0.0908626533661612,0.145820431566465,0.421922044520145,0.46294944070625,0.665853606236729,0.325410744740412,0.727446395264095,0.368794710887776,0.0918671218839849,0.739465415811712
"93",10382,0.00940141044525304,0.145820431566465,0.478438737226789,0.518528158785594,0.665853606236729,0.325410744740412,0.807047976363041,0.307329976518434,0.0714980976332702,0.706704420447294
"94",10385,0.078962049789373,0.176020831779429,0.474297765265605,0.238815382761736,0.510460537590044,0.36315037488555,0.565560245531845,0.346799744891577,0.297497536577951,0.330212562544521
"95",10403,0.00335982127370192,0.0415528817560006,0.751750561548492,0.641017749764561,0.747501096167703,0.805839411697123,0.617807550483241,0.580648445147411,0.0439229363247289,0.872447547258072
"96",10409,0.110283848855633,0.204585080501487,0.836187615223263,0.746162458621111,0.732839591851896,0.73118096811729,0.62791250318644,0.50152844978651,0.12229788973503,0.636665848260396
"97",10412,0.00466095882734889,0,0.47349076471039,0.505544643411184,0.665853606236729,0.325410744740412,0.774546946475969,0.404544354320996,0.0973657397993794,0.640397144302932
"98",10418,0.0976559106773288,0.306567981894736,0.412541768444581,0.32054575144745,0.510460537590044,0.36315037488555,0.607779865015361,0.39005602008145,0.333225816172421,0.302131011389792
"99",10440,0.0823206867602504,0.0791195584010167,0.777054960621966,0.684545897630903,0.743516648848604,0.777728103401413,0.798881296547424,0.527275078672271,0.0356704316704908,0.724773042164234
"100",10441,0.00423296786802161,0,0.79502418323922,0.697992430114479,0.732834464804348,0.71921709683141,0.718427725521202,0.525949327139829,0.122323302384149,0.57657516926105
"101",10451,0.050897166137814,0.0415528817560006,0.372110963380956,0.249030147664804,0.509797986904251,0.335050896722087,0.636748277560575,0.406731842982379,0.405607077552867,0.267045488700884
"102",10464,0.00377173207872741,0,0.751981413137532,0.645670297520894,0.747501096167703,0.737111918454705,0.658974974577974,0.629732945564513,0.0240313845526336,0.827796125736014
"103",10471,0.000395334665910451,0,0.705187074037212,0.624596600542168,0.743324387983791,0.754707599062995,0.657691088087644,0.496137863623477,0.0613701664433143,0.772058856555543
"104",10473,0.0913861681783784,0.176020831779429,0.739626399706402,0.650305771534711,0.696451266720248,0.6180031869969,0.768682558198081,0.507238727340892,0.0815590219246255,0.591133073611648
"105",10474,0.000548231847239566,0.0415528817560006,0.562667815750785,0.556617576467933,0.696451266720248,0.416119335883719,0.795313208733861,0.456295293898234,0.121725189375071,0.532943845838283
"106",10475,0.000468847681861009,0,0.433085176044772,0.429866825974048,0.696447518033579,0.353914927349012,0.819866097318565,0.392055482392651,0.13669389861833,0.50054420096971
"107",10482,0.0359576592398347,0.0791195584010167,0.4298351182371,0.129019453020231,0.512565781437739,0.344550293889333,0.53578818722199,0.440792379288397,0.260627320023422,0.461999465005645
"108",10483,0.175827268780304,0.204585080501487,0.363259984524905,0.378184009649366,0.509819204755605,0.344550293889333,0.690251203736285,0.414453307893959,0.435091498074132,0.264430521697196
"109",10493,0.00321957145533829,0,0.711755913728027,0.571511741034727,0.734813657678822,0.650771929084552,0.671405527858773,0.697305130180917,0.00436511534077169,0.773991025098912
"110",10504,0.0116370484370899,0.113665682896246,0.718772584527105,0.593509566573148,0.74186651133548,0.669910327957927,0.740278348018934,0.505719105194046,0.0790387519319141,0.636945736702428
"111",10505,0.0894484690842727,0.145820431566465,0.707890559082847,0.638685013975812,0.696451266720248,0.504390230220781,0.788725273333288,0.470751157548329,0.0909993183852409,0.542158653482389
"112",10511,0.0817963265828442,0.176020831779429,0.348883076956315,0.193065240496745,0.497756006144916,0.353914927349012,0.492406566695309,0.46884582169832,0.245740548638497,0.478654778365157
"113",10512,0.0526790110766488,0.204585080501487,0.378339305994486,0.460231344407767,0.509819204755605,0.344550293889333,0.714979807404594,0.423617883634876,0.39128302602369,0.271642800772156
"114",10530,0.00643336583526364,0.0415528817560006,0.787617689706962,0.659526241365943,0.736510297616698,0.805839411697123,0.528675817139477,0.598483171046,0.0436284174284048,0.675023657453181
"115",10531,0.0216332923086908,0.204585080501487,0.790158226116356,0.661820975234065,0.746905554199626,0.794680300259369,0.616374200519143,0.549370396709636,0.107060945856323,0.626978304525971
"116",10532,0.0267076432938639,0.145820431566465,0.691284471320489,0.600753908515297,0.696185046945433,0.644307673802989,0.766783937542121,0.505622250960054,0.102325622898867,0.595038640272041
"117",10539,0.0665182415782921,0.231753390739774,0.397331988223424,0.159816268909758,0.497756006144916,0.353914927349012,0.540610634367465,0.478074529032391,0.214415323500329,0.462351725433001
"118",10559,0.00612590946711331,0.0791195584010167,0.789812370160474,0.631660669217809,0.747548789034798,0.816888573105468,0.575346615743363,0.616481491707506,0.0313664241592725,0.642891355502891
"119",10560,0.000902279253001806,0,0.745367534752419,0.702444167225575,0.745722584758961,0.748874689216131,0.680509064333016,0.558197402531502,0.0841739593194976,0.599549601047668
"120",10585,0.00562356075122094,0.0415528817560006,0.810810131317723,0.622232966189411,0.747626457570376,0.811377533284316,0.70211919137624,0.635282638856164,0.0135234606781931,0.63258352025294
"121",10592,0.00230718734695416,0,0.304272593834339,0.121119637252467,0.506814375101268,0.36315037488555,0.458743193911516,0.486985677733986,0.135944358144267,0.565886266124281
"122",10635,0.000462488498079908,0,0.704636957970987,0.652617164333933,0.736991586689327,0.789058473302789,0.558367548919156,0.708331281095761,0.033648661981987,0.571931017661954
"123",10636,0.00205568823085452,0.0415528817560006,0.735729642325548,0.603159135012466,0.747626457570376,0.8223729246119,0.661803530050679,0.678299528279831,0.00872501298883973,0.596470046798432
"124",10644,0.0302221816062557,0.0791195584010167,0.371796461862599,0.21096049568341,0.211037823169226,0.315623389321116,0.627127378730048,0.475569005367499,0.192564741654432,0.398375389963425
"125",10668,0.00523858360237646,0,0.412188571090022,0.22847728737516,0.212072322246507,0.305681873863074,0.559516542237092,0.460444523069227,0.209295820114279,0.354322591352176
"126",10683,0.00164691972718814,0,0.696295826418307,0.722293947135116,0.770564013990566,0.816888573105468,0.488723667456368,0.635799549597231,0.057275888418978,0.527799526018661
"127",10684,0.00372978749769393,0.0791195584010167,0.67219865248635,0.689043451693545,0.732601898820262,0.71921709683141,0.697957326344181,0.581521158249016,0.0228358373855186,0.476067375559193
"128",10685,0.0141262343762791,0.176020831779429,0.534102324326372,0.536459688521407,0.615503665740594,0.473435083981673,0.74244302481579,0.533548310768008,0.0524378420632379,0.365213255392834
"129",10691,0.0884554602397131,0.257712384106153,0.414942459979776,0.182135877003312,0.229555391484178,0.335050896722087,0.628477240436522,0.427483067665437,0.200382454706126,0.231094753997851
"130",10707,0.0141262343762791,0.176020831779429,0.858302070237697,0.726665202055472,0.732132035631458,0.71921709683141,0.660797055408177,0.538380682071764,0.037095492228926,0.465645437583656
"131",10726,0.00764935931566809,0.0791195584010167,0.855028337830761,0.767504202569331,0.668302928702367,0.701007337798098,0.640636709243785,0.520026879666302,0.0310831603198448,0.408697797478522
"132",10743,0.00421598372013276,0.0415528817560006,0.68958954442677,0.675503857514265,0.672231899926865,0.71921709683141,0.612645809915257,0.536285532642403,0.0427562737491156,0.338809365937375
"133",10771,0.000773488055888127,0,0.651770948067363,0.536459688521407,0.605672012858196,0.570092550247869,0.505542187629185,0.570056572588555,0.0644375511586394,0.333959313700996
"134",10833,0.00046460344894971,0.0415528817560006,0.972563853200958,0.750457444326563,0.258897994069472,0.650771929084552,0.523499454155127,0.0637462531738887,0.164776114570018,0.432097876914832
"135",10834,0.0181165899174174,0.0415528817560006,0.87977039713615,0.675503857514265,0.258897994481371,0.676207732079935,0.794436617001391,0.117942527479931,0.0785034826275762,0.463611332113045
"136",10835,0.161963838286181,0.113665682896246,0.6902003776939,0.386982497023383,0.221430791924005,0.663572424808024,0.972129630814524,0.159093173569156,0.042194220784989,0.44088482202727
"137",10837,0.0223032832858086,0.0791195584010167,0.848074317246385,0.583782487824325,0.223112795395446,0.682465403755675,0.811449564369059,0.0905287409012888,0.0846172463772748,0.270378141635517
"138",10838,0.0137018557061855,0.0791195584010167,0.90362586404677,0.622232966189411,0.223112795395446,0.682465403755675,0.744201540354393,0.072220969009752,0.0688165814942704,0.347976133379348
"139",10839,0.193351163407107,0.145820431566465,0.912702469274068,0.650305771534711,0.223112795395446,0.657193231076691,0.702153474546255,0.0828079256668849,0.120157328442305,0.306555452348065
"140",10842,0.138332627403641,0.0791195584010167,0.834996401315409,0.571511741034727,0.102853162743952,0.669910327957927,0.824064320672644,0.107072192054589,0.11469792636891,0.322549571111941
"141",10843,0.0175737975161355,0,0.739694870121502,0.476438621836075,0.102852973808367,0.631246778642231,0.808002550827816,0.0946990760957422,0.0868090215189276,0.382379286538273
"142",10845,0.0535622364089629,0.0791195584010167,0.722315938313225,0.48976348272629,0.257205690084442,0.597777830050658,0.903278931236814,0.0654565594655744,0.126235656538821,0.34192171074206
"143",10846,0.0300446532184767,0.0791195584010167,0.820202550913174,0.724481354425757,0.2582815163535,0.669910327957927,0.846949665236782,0.0648755620584019,0.164121335979563,0.366748241415635
"144",10847,0.00994379825328382,0.0791195584010167,0.812022817261605,0.645670297520894,0.221850642727152,0.669910327957927,0.834092445022252,0.104534290124226,0.157088586164852,0.338320402070073
"145",10848,0.0500565900981248,0.0791195584010167,0.684006248826834,0.484452873651962,0.221744768805988,0.682465403755675,0.963849223895008,0.122968729965051,0.105059562215802,0.311337399170822
"146",10849,0.147241776600244,0.113665682896246,0.768259524365285,0.654924358407406,0.222148323959924,0.688684085684076,0.698631183109195,0.0772905961599322,0.0803402669813145,0.309922215691536
"147",10850,0.143103874287499,0.113665682896246,0.815941735695771,0.600753908515297,0.223671811829615,0.694864497710254,0.773896720369054,0.0965637560270939,0.123524676281501,0.433361901349209
"148",10852,0.131519715976039,0.145820431566465,0.891547653297345,0.588655832841244,0.223672494935252,0.694864497710254,0.824377189942971,0.110448970652329,0.0946197590803036,0.482124156982458
"149",10853,0.143203628735625,0.145820431566465,0.820375615675712,0.49768197890589,0.104390134218466,0.669910327957927,0.914081660027077,0.105723393394059,0.0701657637908071,0.49749752294703
"150",10855,0.00455354326163407,0,0.868026755543758,0.591085136327884,0.104370517909457,0.682465403755675,0.814987319906314,0.112960517651794,0.13097681072899,0.365107163801647
"151",10858,0.0743957964467373,0.0415528817560006,0.75140638104645,0.515943353877601,0.256955517970826,0.631246778642231,0.86387371972039,0.0165985136481562,0.270107416224342,0.302098516465535
"152",10859,0.0254570460679818,0.0415528817560006,0.727098461054429,0.487111369674757,0.257179490997021,0.604569010688612,0.888980609878896,0.0223347503212304,0.143907655469885,0.396692930712026
"153",10860,0.00764896617557182,0.0415528817560006,0.797287694952908,0.643346169657319,0.257205690084442,0.604569010688612,0.905009042835559,0.0462159282468677,0.184626607332567,0.414461420932033
"154",10861,0.00217967778688597,0,0.703112639579009,0.564088127146786,0.257295241829766,0.663572424808024,0.802812571564827,0.0643360297415675,0.225003222003821,0.360424376362623
"155",10862,0.042661244227995,0.0791195584010167,0.665715030775016,0.460231344407767,0.258190425629488,0.682465403755675,0.929850204413111,0.145167547809382,0.260139264487106,0.214811328070022
"156",10863,0.171229369502641,0.113665682896246,0.746174196610998,0.641017749764561,0.417098423939661,0.701007337798098,0.525193293462672,0.0837310519606931,0.151442050706067,0.199196171420324
"157",10864,0.183847712909742,0.145820431566465,0.802476974841711,0.759007212377452,0.225834982140475,0.725216222370434,0.693954859006202,0.0875770984896393,0.168991222321967,0.387288638474181
"158",10865,0.0254570460679818,0.0415528817560006,0.74264304648418,0.546582266740115,0.104400315609623,0.694864497710254,0.921875706132909,0.193657668050914,0.14393587427924,0.52477001011791
"159",10866,0.00342060204844859,0,0.758730618245561,0.523680204650502,0.104395869798639,0.682465403755675,0.944630028291085,0.229938564022081,0.114791494775059,0.560706481441826
"160",10869,0.0246032640265353,0.0415528817560006,0.686115057283117,0.452035609718479,0.103174444590506,0.644307673802989,0.889552059363845,0.142386455603789,0.0733542323166067,0.527470766216903
"161",10870,0.00346158916927289,0,0.699605298826582,0.46294944070625,0.217141024881398,0.657193231076691,0.871422366937929,0.130925547529248,0.0830651301726184,0.44133423820051
"162",10871,0.0355496870339457,0,0.824787252012901,0.502929886034106,0.216800344565882,0.650771929084552,0.858881771175909,0.111409488995224,0.132546061054511,0.302781689397448
"163",10875,0.254430489171815,0.373710818176806,0.721891758157738,0.578889291868346,0.256955517970826,0.637799591556079,0.820013060444996,0.0200764183920696,0.30696668738733,0.237979150827685
"164",10876,0.111001850478726,0.0791195584010167,0.735711224266249,0.505544643411184,0.257179490997021,0.6180031869969,0.840503267220106,0.0189227049929617,0.227280734586735,0.32989476420977
"165",10877,0.269813257708145,0.394751479129127,0.684310726378275,0.510755978916393,0.257205690084442,0.611310437077231,0.812192716776491,0.0260813811720089,0.298751836357014,0.395169542085945
"166",10878,0.17225316987541,0.306567981894736,0.76810358932058,0.638685013975812,0.257293588638005,0.650771929084552,0.72597750521952,0.0567926433140248,0.208748524225095,0.333736029665152
"167",10879,0.314466412456252,0.204585080501487,0.802266125856865,0.697992430114479,0.490427192180475,0.694864497710254,0.660634720750516,0.104705726779431,0.222920321582208,0.241992130987484
"168",10880,0.165326682330128,0.145820431566465,0.76594955167388,0.689043451693545,0.226753736429088,0.725216222370434,0.595192947060953,0.0673522004127628,0.19934798893102,0.361432280786826
"169",10881,0.00616403578269284,0,0.779114747984589,0.591085136327884,0.103508030287748,0.694864497710254,0.892470408235637,0.159528495705562,0.1702553434951,0.483257180576544
"170",10884,0.032741090430879,0.0791195584010167,0.690076866715801,0.415769831243173,0.104293771646833,0.650771929084552,0.945654016783412,0.245821309330276,0.126332784767266,0.648506987478421
"171",10886,0.0131620200739101,0.0415528817560006,0.736105290256247,0.746162458621111,0.260176076512072,0.682465403755675,0.919779701044965,0.161897410614886,0.099350125597787,0.54376085438001
"172",10887,0.0246032640265353,0.0415528817560006,0.723625346211438,0.546582266740115,0.260176076512072,0.682465403755675,0.891807913711601,0.139576452221416,0.0906921337270449,0.45672710428203
"173",10888,0.0279594669042546,0.113665682896246,0.789745935475097,0.720102962719906,0.259892769827986,0.676207732079935,0.789090099212766,0.120778425096304,0.120004144166638,0.310033967428754
"174",10889,0.00688351685624185,0,0.816227882938078,0.612733017056206,0.259063610829455,0.650771929084552,0.817483095901616,0.105395463022276,0.19748409547077,0.212780980229955
"175",10890,0.138178958426004,0.145820431566465,0.867474011254731,0.72884550734627,0.257783319640121,0.624648299869364,0.837574931549687,0.0856531917528143,0.301152989695303,0.228180493523732
"176",10893,0.128866647474276,0.329684086508448,0.768186429179978,0.647990157002929,0.256953261106498,0.631246778642231,0.823821916470204,0.0244430357992957,0.4109074974511,0.173118210766373
"177",10894,0.311989611055673,0.545491992483284,0.795604452260774,0.763262243666104,0.259088706066926,0.631246778642231,0.505126897699812,0.021630202859138,0.329680908449523,0.239135996943356
"178",10895,0.214605421552582,0.454587121959464,0.766614967605524,0.704664414873,0.259088723071386,0.650771929084552,0.718912852305753,0.0368054185050379,0.405627625222416,0.294984794591638
"179",10896,0.293563065312754,0.329684086508448,0.759547470234743,0.691286432877772,0.258151520232828,0.637799591556079,0.797465306555995,0.0487404539463824,0.255956792067009,0.253745404160851
"180",10897,0.025658677286403,0.145820431566465,0.650763043678782,0.800983265587277,0.258712465431417,0.701007337798098,0.364322744915071,0.0471086646969572,0.252741851292381,0.265824817229871
"181",10898,0.0286399709964204,0,0.749568031599906,0.607955425635519,0.259321973641785,0.682465403755675,0.856685365063508,0.0943070948111625,0.257339465535396,0.430596691309089
"182",10903,0.198607960289446,0.231753390739774,0.504553021056914,0.668680612082471,0.259892565393323,0.657193231076691,0.881182023203532,0.153723375160105,0.208784017547251,0.546097104778461
"183",10904,0.0830293188470731,0.0791195584010167,0.483931056511257,0.668680612082471,0.259892565148763,0.650771929084552,0.861140850675105,0.14452277899971,0.192102131223566,0.507935595003659
"184",10905,0.132243893948663,0.113665682896246,0.76598947403426,0.657227376553734,0.259683881613639,0.650771929084552,0.84262271546948,0.129627115954419,0.157260736938876,0.494978483943292
"185",10907,0.0714891829857238,0.113665682896246,0.720506766803444,0.733195559500559,0.257783282077163,0.650771929084552,0.800913699930584,0.118267453374792,0.177529826340811,0.220544021595412
"186",10908,0.278223636745067,0.257712384106153,0.805840797240508,0.634006498130118,0.257783319640121,0.637799591556079,0.798715566598854,0.0941994857525817,0.289003380797972,0.211499306009369
"187",10909,0.115912732795921,0.113665682896246,0.795831672860807,0.702444167225575,0.257783319628129,0.631246778642231,0.830787025186966,0.0762733773745983,0.289506139416346,0.244087268483317
"188",10911,0.111282001866789,0.329684086508448,0.647377697432119,0.581338386382683,0.256013535055287,0.59093577701279,0.822177175926529,0.0209287357183704,0.717184138743421,0.111719736556393
"189",10912,0.255284782245838,0.473569219876605,0.81117778300127,0.782249826270234,0.493466297072181,0.650771929084552,0.403828815582702,0.0254648094408132,0.301555211881725,0.19825502684852
"190",10913,0.28930948059492,0.545491992483284,0.798284365849928,0.709093762426239,0.493466297072181,0.707113282950276,0.717295434784342,0.0653097806715398,0.341751323800766,0.234323232311871
"191",10914,0.0696991752986211,0.231753390739774,0.760003319768203,0.735365340314198,0.257636441235108,0.669910327957927,0.570942096439312,0.0440997248838786,0.305749671341243,0.211042643954835
"192",10916,0.0808547375046271,0.0791195584010167,0.69404385507044,0.487111369674757,0.259308695519538,0.624648299869364,0.849401434440778,0.10265029721292,0.362695590793583,0.443133306222309
"193",10917,3.00532224421271e-05,0,0.643477101477174,0.473754125156117,0.258924186073143,0.624648299869364,0.84393922671059,0.163408248170324,0.288683545937118,0.479672748061087
"194",10919,0.0854731079218466,0.176020831779429,0.478900693526061,0.581338386382683,0.259539155804064,0.676207732079935,0.875679102446478,0.210456213250779,0.271646221829616,0.532799926230682
"195",10920,0.126190195571171,0.306567981894736,0.450021123365262,0.631660669217809,0.259918624978487,0.676207732079935,0.803417921200568,0.143137415216159,0.304906871682652,0.54817151645172
"196",10921,0.000754122180678311,0.0415528817560006,0.44088828687536,0.652617164333933,0.25806980085134,0.637799591556079,0.734498539222566,0.080850636164912,0.304167363802919,0.491442321863791
"197",10922,0.0553978314507429,0.204585080501487,0.432027743296702,0.571511741034727,0.259060339015133,0.6180031869969,0.811313287462965,0.104797455185026,0.343731399741464,0.461398169034732
"198",10923,0.0726716587636506,0.113665682896246,0.709751398314666,0.657227376553734,0.259384315780626,0.650771929084552,0.782978871364251,0.109848643159642,0.338651366420453,0.52535406762517
"199",10924,0.183722129215273,0.176020831779429,0.721971026796355,0.647990157002929,0.259448223816621,0.669910327957927,0.757394435170351,0.101034587975736,0.250977357334304,0.348204816583191
"200",10925,0.073634564200781,0.176020831779429,0.726723148821486,0.652617164333933,0.259208951471481,0.676207732079935,0.709415983614265,0.1144125663468,0.281677891932224,0.197710918868647
"201",10926,0.119877897630437,0.176020831779429,0.789786609882946,0.697992430114479,0.257783330434047,0.644307673802989,0.783498517634287,0.105154780771231,0.330225249787178,0.191412653085765
"202",10927,0.29924326926222,0.373710818176806,0.812769143003007,0.650305771534711,0.257784603542524,0.637799591556079,0.80995124993834,0.0781515449806941,0.307761825348314,0.214442785413941
"203",10928,0.00346285367705377,0.0415528817560006,0.779088461131065,0.619864816763463,0.259064936480847,0.637799591556079,0.848058022917322,0.0681468364023967,0.208034397872226,0.262699674152861
"204",10932,0.161531459543427,0.43514742707086,0.648291302428827,0.549099187285111,0.255893562781612,0.563034940247751,0.849274053627607,0.0232421269478729,1,0.0426639479189007
"205",10933,0.202135704167765,0.329684086508448,0.799858723338852,0.733195559500559,0.493466297072181,0.676207732079935,0.498791580602778,0.0324318716926132,0.410434980921095,0.135121227914178
"206",10934,0.217043284742683,0.415215354125646,0.74835305930714,0.744009884927252,0.493466297072181,0.694864497710254,0.658893337998187,0.0612791538329212,0.287176278080672,0.204034014976006
"207",10936,0.139167045840502,0.0791195584010167,0.801102661322341,0.767504202569331,0.491026011003956,0.688684085684076,0.597647251227047,0.0865404488985953,0.286840442499488,0.379392783707234
"208",10938,0.000530439958674479,0,0.436689555760684,0.473754125156117,0.257713913147758,0.624648299869364,0.823265151673788,0.133221922497168,0.339933346246757,0.422598088089111
"209",10939,0.0074145886282726,0,0.387134980002532,0.473754125156117,0.257713902992335,0.631246778642231,0.82095117127474,0.138943765344994,0.347790903950461,0.409338155028044
"210",10940,0.132749030173464,0.394751479129127,0.502128956603101,0.615114868547229,0.259539155477835,0.663572424808024,0.819511410597791,0.105146711896142,0.316951200050898,0.446779585392974
"211",10941,0.125896176265484,0.282610470971695,0.422790653877902,0.702444167225575,0.259331998841679,0.676207732079935,0.736275477785558,0.0700150751691958,0.344827074150695,0.484216157650948
"212",10942,0.163599798985395,0.176020831779429,0.416031121645839,0.666398138698433,0.258854582141892,0.650771929084552,0.698870199303633,0.0496941978681368,0.336837148771691,0.516095055543082
"213",10943,0.00318503889663404,0.145820431566465,0.501665861487244,0.62931042669283,0.216396146782454,0.657193231076691,0.76524871828747,0.0679087523448737,0.386733098032622,0.434223538051903
"214",10944,0.0235997235973717,0.145820431566465,0.594467846116361,0.643346169657319,0.25962152668135,0.657193231076691,0.764235334037211,0.0835204811417501,0.509771835854811,0.430013718473524
"215",10945,0.00709247422423683,0.0415528817560006,0.756372561429718,0.670959042102894,0.259621523189384,0.676207732079935,0.613614530240991,0.0798172283405031,0.327345099002118,0.331562561496452
"216",10946,0.0783497288270109,0.204585080501487,0.76175884820779,0.726665202055472,0.259382409305446,0.669910327957927,0.620531673503597,0.0872836659096287,0.229288945949383,0.256153405845583
"217",10947,0.121994513303752,0.415215354125646,0.658657683229805,0.650305771534711,0.259238500576124,0.657193231076691,0.688641976602454,0.0869723574500167,0.359292232295558,0.243741482344412
"218",10948,0.0752995778697062,0.373710818176806,0.750774475505781,0.643346169657319,0.257959010709095,0.644307673802989,0.804886921233168,0.0785857072593476,0.360528512374711,0.25192955173596
"219",10949,0.0486432289798998,0.204585080501487,0.863549305359005,0.75687475666064,0.259238489830331,0.644307673802989,0.83609754645181,0.0717338172682812,0.240694344440514,0.275995174368322
"220",10950,0.167470376747135,0.306567981894736,0.775303979674052,0.643346169657319,0.259238489830331,0.631246778642231,0.86568907332733,0.0919566954510268,0.234601175513224,0.260423134598325
"221",10951,0.296269805469969,0.415215354125646,0.76024398279045,0.622232966189411,0.259064936480847,0.611310437077231,0.87496332562593,0.107928314072703,0.256626516861748,0.231539091347975
"222",10952,0.121075830384131,0.352041663558859,0.760936303135281,0.62931042669283,0.255224616470806,0.597777830050658,0.866192653210042,0.102402753493302,0.278225302147967,0.24839139576799
"223",10953,0.329196495761759,0.454587121959464,0.750613148431069,0.631660669217809,0.253454209305602,0.577094366239055,0.862986993640693,0.0895959626227156,0.330064363413565,0.32003749885969
"224",10954,0.12406256696594,0.231753390739774,0.748355548677957,0.657227376553734,0.258042627526334,0.597777830050658,0.837146898718824,0.0299406066361101,0.821862744263946,0.0714809850481276
"225",10955,0.0669123697528871,0.204585080501487,0.835079944633081,0.904713398002302,0.259563327473153,0.694864497710254,0.435388845793069,0.0241079645838205,0.239955995760808,0.166529631641678
"226",10956,0.0227574876459114,0.113665682896246,0.799875086316188,0.684545897630903,0.487907677383841,0.682465403755675,0.551127528917202,0.0271679587411102,0.155424849769243,0.228863893089759
"227",10957,0.213652955826887,0.176020831779429,0.870466948146436,0.843760947537847,0.491026011003956,0.725216222370434,0.434438958205858,0.0628045696986459,0.311466502256682,0.295372700937901
"228",10958,0.0149140338728875,0.0415528817560006,0.733148426740614,0.583782487824325,0.491026011003956,0.657193231076691,0.856723031731009,0.143162217124976,0.342990750099247,0.406140965285776
"229",10959,0.0142874025414682,0,0.460840563904988,0.443776584682865,0.257713905931339,0.611310437077231,0.822952323309581,0.135264857684503,0.292006276585973,0.395606502895027
"230",10962,0.136051970986671,0.454587121959464,0.414717052510603,0.564088127146786,0.258882661272792,0.650771929084552,0.79072938608652,0.0489946579321968,0.378497628113665,0.373235621018267
"231",10963,0.0978343256782731,0.282610470971695,0.400651629648328,0.576435173554552,0.25902812005634,0.657193231076691,0.744625833476054,0.0413496930320219,0.379007515501139,0.432630805607924
"232",10964,0.0391041549109534,0.145820431566465,0.404172822822485,0.586221626608085,0.259267616073828,0.650771929084552,0.726549196170103,0.0430965914410286,0.33570094286018,0.492336628767829
"233",10965,0.0226987543681064,0.0791195584010167,0.402611427203492,0.643346169657319,0.259203660154156,0.650771929084552,0.632572729137411,0.0425373420337908,0.364671744445499,0.353161829621424
"234",10966,0.0624897880122737,0.113665682896246,0.532598595106071,0.578889291868346,0.21639614678065,0.624648299869364,0.731136831853934,0.0629679652518419,0.481789224174928,0.214167963817706
"235",10967,0.072109830947965,0.0791195584010167,0.569116064734505,0.622232966189411,0.216472617961324,0.644307673802989,0.736811121001033,0.117353545568159,0.361373257792389,0.241548301374531
"236",10968,0.058207944670117,0.113665682896246,0.582813987550093,0.724481354425757,0.216756655323231,0.644307673802989,0.740559477565711,0.141878923722957,0.171525798540586,0.377553497144583
"237",10969,0.000140246294207036,0,0.670776587037972,0.689043451693545,0.25985820606126,0.657193231076691,0.737980357138099,0.0932953428725929,0.154477562644567,0.467548760822638
"238",10970,0.147616790950587,0.373710818176806,0.650106840990246,0.62931042669283,0.257959021495734,0.637799591556079,0.822966149368089,0.0737458052548581,0.243843959066095,0.374598070887741
"239",10971,0.108093620100608,0.352041663558859,0.611817769893694,0.554116807488609,0.257959010697111,0.624648299869364,0.825039684467018,0.0794014744720038,0.265022444879546,0.328020269690107
"240",10972,0.104304749926164,0.306567981894736,0.6329839215417,0.556617576467933,0.259238489830331,0.631246778642231,0.837167753519243,0.104330940380906,0.27739753056025,0.303904907000475
"241",10973,0.0650242907271221,0.204585080501487,0.65463044899867,0.7002201786306,0.259238489830331,0.6180031869969,0.851203829398859,0.129838410872209,0.27295565912477,0.267601914653869
"242",10974,0.168987684464025,0.231753390739774,0.723794773956612,0.673233450172126,0.258960413037619,0.597777830050658,0.843581923635134,0.135797000801252,0.297218403084021,0.250212937564419
"243",10975,0.333876747383974,0.473569219876605,0.771205883624057,0.650305771534711,0.257595503238287,0.584041690904968,0.838635869295809,0.110917864156268,0.406251198000601,0.304724800116109
"244",10976,0.328367715639353,0.394751479129127,0.813077533821588,0.684545897630903,0.258960423782913,0.584041690904968,0.856137804833969,0.0883606487721784,0.485393217874069,0.325681832064326
"245",10977,0.176558909660439,0.528062495338288,0.86869841629131,0.735365340314198,0.259149826335841,0.644307673802989,0.651468396787671,0.0261706757168809,0.627660708224636,0.128752270880465
"246",10978,0.0445468147304573,0.176020831779429,0.785092151734911,0.659526241365943,0.490772968719945,0.682465403755675,0.394428547800386,0.021688330515598,0.214640334000969,0.202847017508009
"247",10980,0.0607344713774103,0.0791195584010167,0.78830314929018,0.769620317369236,0.491108042577405,0.707113282950276,0.726190120796804,0.115819033342107,0.439592253962952,0.298344985241142
"248",10981,0.105145737340622,0.231753390739774,0.607317778032718,0.492409258562955,0.259097744961793,0.644307673802989,0.82388806098467,0.1385979729094,0.41120462085043,0.359747678727619
"249",10985,0.157580024859486,0.373710818176806,0.509273856310189,0.598343923890433,0.259043637497499,0.650771929084552,0.77618719824804,0.0409826275019277,0.410914178731964,0.32761130116643
"250",10986,0.0589176263406377,0.306567981894736,0.410219085931884,0.566567836597105,0.259189006734525,0.637799591556079,0.796944179812255,0.0392258212093949,0.433229142416357,0.337169356721584
"251",10987,0.121232727593909,0.329684086508448,0.45925954641137,0.586221626608085,0.259203650056588,0.644307673802989,0.679566302679703,0.05136994011332,0.380843438823706,0.336222565653435
"252",10988,0.00431119314578977,0.0791195584010167,0.429764518511177,0.715710191943235,0.259203650056588,0.624648299869364,0.628496992148494,0.0574921088673423,0.308137559700872,0.26364406699308
"253",10989,0.0871583785288975,0.0791195584010167,0.40044170341696,0.591085136327884,0.25935814542188,0.624648299869364,0.712875480541634,0.0770475689250252,0.357166153742276,0.170509838192354
"254",10990,0.0352870899627679,0.145820431566465,0.405615987414081,0.610346545083695,0.259182722150912,0.637799591556079,0.832458153137572,0.172965202806675,0.292186943262278,0.31139709928211
"255",10991,0.0306922207014254,0.113665682896246,0.557907699507172,0.765384849638572,0.259657970991074,0.631246778642231,0.939096303904285,0.237486150883696,0.153527879778603,0.542536112374476
"256",10992,0.0404387260134022,0.176020831779429,0.562708881162545,0.664111600347682,0.259858152576793,0.637799591556079,0.88640328383843,0.15471821405031,0.117965787701936,0.63525740208334
"257",10993,0.0624018475446288,0.282610470971695,0.635327395470852,0.70688094038743,0.259238500576124,0.644307673802989,0.8432719031886,0.0870889158870442,0.177997406466942,0.483414570002032
"258",10994,0.00318162929642958,0,0.429532743622934,0.549099187285111,0.259238489830331,0.6180031869969,0.822411288465121,0.0874140814487682,0.236986264095954,0.372211961826051
"259",10995,0.0686977658432756,0.231753390739774,0.354565991737921,0.647990157002929,0.259238489830331,0.6180031869969,0.810775875508487,0.11224073984604,0.288761754078476,0.348744606245762
"260",10996,0.0141013058816298,0.0415528817560006,0.331739742712341,0.595929152787421,0.259238489830331,0.611310437077231,0.843362483682223,0.144665747449224,0.288465913953622,0.32007353463327
"261",10997,0.272492880354525,0.394751479129127,0.535154530305646,0.598343923890433,0.257595503238287,0.584041690904968,0.835953551552261,0.160363510843458,0.296332460584457,0.274191556999726
"262",10998,0.294142604063109,0.562589407938659,0.726418681711269,0.647990157002929,0.257595514040015,0.577094366239055,0.821403085872827,0.138910926899888,0.33705167460116,0.293023198957851
"263",10999,0.0605928789964015,0.204585080501487,0.742106150173792,0.654924358407406,0.258960423782913,0.597777830050658,0.847183127381386,0.09475145148908,0.420605865685429,0.36589384053693
"264",11002,0.0281165807294861,0.0415528817560006,0.884706690148351,0.811284602021236,0.490772968719945,0.650771929084552,0.600376068937149,0.0205413088240123,0.792904940374138,0.12485370747574
"265",11003,0.00135916161318544,0,0.853153821312938,0.811284602021236,0.492323931275487,0.707113282950276,0.34798682794885,0.0364774382194474,0.190601464324357,0.224514174563623
"266",11004,0.181105959671828,0.231753390739774,0.791598330228694,0.831667610719172,0.491108042577405,0.701007337798098,0.57136699239233,0.0912829987926491,0.234400146350097,0.254212862008635
"267",11005,0.0520826917330087,0.0791195584010167,0.667103666913565,0.645670297520894,0.259611786420971,0.663572424808024,0.786030867904647,0.140288236242839,0.317696918111196,0.320351130204848
"268",11006,0.0348655786681234,0.145820431566465,0.452160809095415,0.508153326995067,0.259258524511427,0.637799591556079,0.790093287747889,0.11912229223023,0.414558065550201,0.294771037885256
"269",11009,0.00466173200840328,0,0.331154875803971,0.429866825974048,0.257934413069146,0.611310437077231,0.757788611293993,0.0579713913866094,0.398812459001113,0.232066371732659
"270",11010,0.102847967123633,0.394751479129127,0.381939824057487,0.666398138698433,0.257839910030875,0.604569010688612,0.766625188713587,0.0445672433008313,0.441841606712837,0.240875739025825
"271",11011,0.0333364424404995,0.176020831779429,0.381686509948151,0.583782487824325,0.259124719532463,0.624648299869364,0.779983132824601,0.0431399906523579,0.461915297219006,0.231899576726933
"272",11012,0.0809366299712698,0.282610470971695,0.377145012811619,0.549099187285111,0.259125031583248,0.631246778642231,0.804440188293046,0.064136661501991,0.36001296177214,0.22728491490161
"273",11013,0.0109265492333637,0.0415528817560006,0.392992640954993,0.593509566573148,0.259203414413888,0.6180031869969,0.665520678533277,0.0828879910372717,0.269102867725127,0.198696035002837
"274",11014,0.0134105334689601,0.0415528817560006,0.375197675091064,0.523680204650502,0.259034130854982,0.611310437077231,0.722058488807919,0.101480902139562,0.273967857701635,0.215750689391781
"275",11016,0.0613297384727272,0.231753390739774,0.521052742274894,0.647990157002929,0.259657970991074,0.624648299869364,0.900795338831548,0.216160662548554,0.178738921037677,0.524845585763031
"276",11017,0.0910667475297455,0.204585080501487,0.500723163484021,0.598343923890433,0.259858155907516,0.637799591556079,0.867313685783129,0.142622234141741,0.162917229215084,0.596916682140562
"277",11018,0.0905268705558877,0.282610470971695,0.529302883325065,0.731022287480125,0.259238446964927,0.6180031869969,0.816985722459099,0.0951514831020905,0.197399172333961,0.484655546436279
"278",11020,0.0814922752586827,0.176020831779429,0.382163396895197,0.607955425635519,0.259238536025775,0.611310437077231,0.805781497468695,0.135210055788067,0.226597476926013,0.417922969821576
"279",11021,0.000914365886692029,0.0415528817560006,0.335669309003286,0.526247524725322,0.259238536025775,0.611310437077231,0.811127432095966,0.166032682995697,0.269404087012776,0.375842622046915
"280",11022,0.0959101488603424,0.231753390739774,0.325305755094163,0.564088127146786,0.258960459282233,0.59093577701279,0.841516061375886,0.185703647046349,0.285348372686984,0.336469789318889
"281",11023,0.151032502523497,0.257712384106153,0.495898169401677,0.713508369931545,0.258960470027525,0.59093577701279,0.829608611376172,0.162780997782577,0.28609365772449,0.320496333624079
"282",11024,0.0614059564921541,0.0791195584010167,0.628729521024681,0.641017749764561,0.258947530246429,0.584041690904968,0.830888480893112,0.110510276482,0.36347751378414,0.372313442282615
"283",11027,0.00104706844316411,0,0.803076611231907,0.763262243666104,0.488855811321013,0.59093577701279,0.807663918096898,0.0386492787930035,0.724396732868479,0.120422648428099
"284",11028,0.00664814892682134,0,0.880579250916458,0.851767873632826,0.490772968719945,0.676207732079935,0.381149965621099,0.0193317633335291,0.257771845803161,0.235552431988964
"285",11029,0.0749394322877339,0.0791195584010167,0.881935716548878,1,0.492884404588948,0.737111918454705,0.408852902743829,0.0619122481037212,0.265047652411946,0.150049438020554
"286",11030,0.00753132613439332,0,0.727603907391544,0.704664414873,0.491108042577405,0.713182990079099,0.740126385624878,0.116681965361418,0.388913969100868,0.282937348489265
"287",11032,0.163745809451088,0.113665682896246,0.468107122179972,0.689043451693545,0.258225622398512,0.611310437077231,0.765485245314641,0.109865593126972,0.395014213266213,0.258619253259054
"288",11034,0.00104401630643787,0,0.367583878385008,0.526247524725322,0.257840104670172,0.59093577701279,0.753439758936203,0.0716833954538857,0.430360462571679,0.174993170230832
"289",11035,0.00784448110737018,0.0791195584010167,0.3722902712429,0.583782487824325,0.257840206961918,0.597777830050658,0.756772586391124,0.0589361377141989,0.430268589433313,0.174159895890658
"290",11036,0.00570419065150759,0.0791195584010167,0.469595939860659,0.578889291868346,0.257839996883636,0.604569010688612,0.76508428961791,0.0489390463168728,0.452279872830277,0.146933242679102
"291",11037,0.107290128638433,0.510280780360892,0.538320385920977,0.735365340314198,0.259100181035392,0.624648299869364,0.783145979833569,0.0465328383982157,0.432179446213126,0.146055824963164
"292",11038,0.0283060973249872,0.113665682896246,0.465005110592663,0.5288090949015,0.259100094601348,0.604569010688612,0.759676058677782,0.0618273733532907,0.345366240134771,0.14579586952807
"293",11040,0.112038573031132,0.176020831779429,0.361681379640555,0.49768197890589,0.258688785329743,0.597777830050658,0.785849534787751,0.113313615289919,0.221656713444289,0.25506761893932
"294",11042,0.018851623915697,0.0791195584010167,0.479917216973449,0.600753908515297,0.258869798549053,0.59093577701279,0.867911302481955,0.157407053694282,0.202109050478464,0.481489892866992
"295",11043,0.126177039493404,0.231753390739774,0.478034800997158,0.593509566573148,0.259225525127325,0.611310437077231,0.828537303592257,0.111792471475506,0.203176414600732,0.527268753461159
"296",11044,0.0770034985030161,0.204585080501487,0.438589648999603,0.566567836597105,0.2592384511542,0.6180031869969,0.799326205060379,0.101037424073738,0.212490715113991,0.433304945803337
"297",11046,0.0650727733723891,0.257712384106153,0.451781650007136,0.556617576467933,0.259225387420218,0.604569010688612,0.813429905770208,0.172954653560281,0.2229764941092,0.422173730369763
"298",11048,0.0324343055918568,0.113665682896246,0.424022233268072,0.484452873651962,0.259225387412655,0.584041690904968,0.820346298119468,0.217147233950763,0.251769008917188,0.383549911510107
"299",11049,0.117991531585679,0.306567981894736,0.320298820532141,0.515943353877601,0.258947530246429,0.577094366239055,0.824306156011585,0.188764718099226,0.283167613631907,0.346062920821538
"300",11050,0.0242996553101701,0.0415528817560006,0.483357546885495,0.631660669217809,0.258947461548951,0.570092550247869,0.821777855690921,0.130250427116682,0.357094183200862,0.383464349658305
"301",11054,0.19250843778049,0.204585080501487,0.686034207453466,0.561603202727661,0.252909179594608,0.504390230220781,0.790921445286318,0.0502923773157723,0.191881001121926,0.328501212063059
"302",11055,0.211065188902485,0.373710818176806,0.837239662002089,0.796841722757122,0.490772968719945,0.624648299869364,0.460256435487927,0.0280918771870836,0.376169948281698,0.155054561306074
"303",11056,0.233104805262627,0.231753390739774,0.835065048379045,0.970721704465346,0.491335203015998,0.701007337798098,0.340517795407179,0.0408783933361267,0.255737755752684,0.132162106174248
"304",11057,0.107311247919755,0.113665682896246,0.916649787148562,0.94840377299478,0.491335203015998,0.701007337798098,0.743359067574914,0.088609612510121,0.489650199549627,0.166662061768989
"305",11060,0.232870614157978,0.257712384106153,0.449243813312827,0.717908383573219,0.258131214767297,0.611310437077231,0.752916984453702,0.104385488147194,0.411378977417821,0.240307927013365
"306",11061,0.192325925152331,0.257712384106153,0.355055068128093,0.536459688521407,0.25783988920987,0.604569010688612,0.748265823636196,0.0824990822506635,0.415924703770161,0.179724141157577
"307",11062,0.11152554047481,0.373710818176806,0.365107534965878,0.513352640820981,0.257839888961384,0.597777830050658,0.752040711286109,0.0701107496875463,0.445776777322362,0.140483949976975
"308",11064,0.000304972382120655,0.0415528817560006,0.375116965502276,0.473754125156117,0.257839991253213,0.584041690904968,0.778502666238458,0.0512887682237398,0.445320152043309,0.0963095103490957
"309",11065,0.146110819111789,0.579373029351351,0.491647728469258,0.541532028638397,0.257839996883636,0.611310437077231,0.790473790842754,0.0492852053050194,0.374650131215074,0.10348090148204
"310",11066,0.0397660246671344,0.145820431566465,0.489858722452555,0.518528158785594,0.259100181035392,0.604569010688612,0.685878163521472,0.059615383463305,0.333926850805608,0.118650963308678
"311",11068,0.0823495187678625,0.204585080501487,0.318178119527196,0.421431582981392,0.257130268915539,0.570092550247869,0.805838652294857,0.109181829662783,0.242273350658177,0.274006762084858
"312",11069,0.000348730024022852,0,0.348005610306238,0.476438621836075,0.257130512550695,0.570092550247869,0.845865465352483,0.11616910268677,0.21301689569499,0.349563872006133
"313",11070,0.0748827211575758,0.113665682896246,0.34646496899859,0.481787948348224,0.21571785132243,0.563034940247751,0.86279192406146,0.115775187078232,0.2303257160566,0.422150296232004
"314",11072,0.0319921848840235,0.113665682896246,0.322544961649301,0.45750637551936,0.259225315201905,0.59093577701279,0.779610992982628,0.101532740525939,0.210561741753155,0.360390988628837
"315",11073,0.0166587686810524,0,0.293197430535114,0.441009256084881,0.259225055260565,0.570092550247869,0.795064415944636,0.142634854042246,0.242296820107755,0.348600892438386
"316",11075,0.000504722988898395,0,0.270365854300849,0.435452780003102,0.259225366380639,0.59093577701279,0.808406175285872,0.235901571936105,0.224730680409177,0.40286996819412
"317",11077,0.0134568620430949,0.0791195584010167,0.317896697973887,0.481787948348224,0.258947461548951,0.570092550247869,0.822321556099811,0.207303992611864,0.286061276271771,0.326360805749095
"318",11078,0.110738160039567,0.257712384106153,0.467581014439592,0.600753908515297,0.258947461548951,0.570092550247869,0.833973186649405,0.146807707156797,0.305477292793041,0.343843762474142
"319",11079,0.0491382997800274,0.0415528817560006,0.56223227670535,0.61749212629063,0.258947461548951,0.570092550247869,0.87588560596676,0.111353582162928,0.327613403485921,0.473973012007845
"320",11084,0.103263021576051,0.176020831779429,0.751674743803753,0.645670297520894,0.256043976135595,0.519437606777876,0.704953465752571,0.0561150593450601,0.269809592610833,0.467449750941817
"321",11085,0.197278228072052,0.231753390739774,0.637505405093177,0.867652227157506,0.486394370582095,0.6180031869969,0.149808216181714,0.0279831425205353,0.108461757204473,0.242095954916653
"322",11086,0.173704981448499,0.373710818176806,0.713727641307153,0.954012970296807,0.491335203015998,0.694864497710254,0.700604574247633,0.078471415035894,0.33604255194324,0.0987609962433739
"323",11087,0.383535625473172,0.659121031693805,0.520965048238304,0.605559631453627,0.258788151326063,0.650771929084552,0.765582194989254,0.0835988748100477,0.455874016662729,0.142495294494562
"324",11088,0.236557611707432,0.176020831779429,0.513830784869605,0.549099187285111,0.257417721317304,0.6180031869969,0.758887492900643,0.106698129953328,0.39324891876435,0.220661155952193
"325",11090,0.215354975380726,0.415215354125646,0.346883714917778,0.438234673639348,0.258131123369366,0.6180031869969,0.760679976437528,0.0987009942423132,0.432338002627721,0.204381639518701
"326",11091,0.120048527089737,0.113665682896246,0.326162701377812,0.432663517073457,0.25783988920987,0.6180031869969,0.755546433869577,0.0810649737787135,0.437193994179321,0.140563927081881
"327",11092,0.0531873139712476,0.113665682896246,0.336735233319376,0.45477448164475,0.257839888961384,0.59093577701279,0.761266614142662,0.0694699714149,0.423941785690348,0.110606140598838
"328",11093,0.104634516547474,0.329684086508448,0.337257506510773,0.443776584682865,0.257839991253213,0.597777830050658,0.776454053633155,0.0600928992853272,0.452959456407779,0.0675212093117196
"329",11094,0.0733140378120192,0.306567981894736,0.369197731659108,0.479116546891161,0.257995522610898,0.597777830050658,0.78979423205972,0.0532235440378913,0.423632797522431,0.0732872424873075
"330",11095,0.200696632361523,0.473569219876605,0.49253564188553,0.521107095782326,0.257130480275066,0.59093577701279,0.800502498359346,0.0529440491752082,0.33577570428632,0.100254594239709
"331",11097,0.00168471882010351,0,0.452127690106513,0.432663517073457,0.257130268903518,0.563034940247751,0.831973668118003,0.0799254147783379,0.348994686196944,0.169358466842087
"332",11098,0.0289464920906887,0.0415528817560006,0.354707994720675,0.427062647040328,0.257130268915539,0.570092550247869,0.843905175815399,0.0906592848528397,0.295843018087952,0.24060854314285
"333",11100,0.006205374957533,0.0415528817560006,0.346425586893963,0.460231344407767,0.213783277105091,0.563034940247751,0.851137289858493,0.080452446561961,0.248880227939082,0.298059976299308
"334",11103,0.0177786642747508,0.0415528817560006,0.270200363099494,0.429866825974048,0.257772316830033,0.577094366239055,0.822098538395193,0.133672927867437,0.252515559916742,0.283568783017912
"335",11104,0.00393938471050097,0.0791195584010167,0.271906656324611,0.421431582981392,0.257772243610743,0.563034940247751,0.833280926398466,0.199676513697935,0.251663804079366,0.337359362682809
"336",11107,0.036503236249834,0.113665682896246,0.318168637298313,0.50030901224043,0.258947509192042,0.584041690904968,0.835594906797514,0.204105171360214,0.290421625504725,0.316022556900688
"337",11108,0.192600717580569,0.415215354125646,0.559494375714942,0.610346545083695,0.258947461548951,0.577094366239055,0.856198567126442,0.152231032260569,0.292917655398622,0.350626286430362
"338",11109,0.0110964810992568,0,0.602207694174932,0.638685013975812,0.258972373022485,0.570092550247869,0.881062329053967,0.125729232311902,0.294032026682735,0.462682896929128
"339",11116,0.177611215758937,0.231753390739774,0.846541608829477,0.689043451693545,0.481999596805957,0.526860517167108,0.5900942195968,0.0691133402105222,0.232504269579536,0.555255653699888
"340",11117,0.186736812825031,0.415215354125646,0.60091708158926,0.944653118748355,0.488910348371804,0.611310437077231,0.116643519331839,0.0612685965814566,0.234405957410566,0.155282888300594
"341",11118,0.397896893228,0.71865125654098,0.683726121727962,0.817429906632061,0.259994376630538,0.644307673802989,0.744339596697207,0.0842304601223744,0.50722199290779,0.0915540153246953
"342",11119,0.411681168212122,0.761211824561832,0.522658074263687,0.607955425635519,0.259065480672208,0.631246778642231,0.751740648448759,0.0750638559164564,0.427905649848558,0.131159343070316
"343",11120,0.12276180826089,0.231753390739774,0.374858630730314,0.554116807488609,0.257417721070413,0.631246778642231,0.754257738451711,0.0891532976602395,0.363155933630195,0.161635711710535
"344",11122,0.398708857951485,0.788703704721692,0.340736200725748,0.438234673639348,0.258286480715329,0.6180031869969,0.760149507762362,0.0878298986069174,0.441816507639251,0.146105963118361
"345",11123,0.159005566420045,0.492124590248654,0.342296688993626,0.429866825974048,0.257839888961384,0.604569010688612,0.767069636884196,0.0763339167852719,0.48432678243585,0.106370385165215
"346",11124,0.121406012654158,0.394751479129127,0.326162701377812,0.427062647040328,0.257839888961384,0.584041690904968,0.777741111988748,0.0683516243012718,0.473288314430905,0.0829863855655118
"347",11125,0.352782307346399,0.492124590248654,0.3435874041865,0.415769831243173,0.257839991253213,0.59093577701279,0.782149382589225,0.0614827591322369,0.468712464864099,0.0653263103574303
"348",11126,0.0358862509906748,0.0791195584010167,0.374676951336176,0.45750637551936,0.257130480275066,0.584041690904968,0.801552574157406,0.0568501775017057,0.395727243081617,0.0605228570976247
"349",11127,0.0441084073602528,0.176020831779429,0.390478863609131,0.473754125156117,0.257130268903518,0.577094366239055,0.813257266877486,0.0567740758624981,0.292085652588992,0.0886367376641817
"350",11128,0.0990924478515365,0.257712384106153,0.360441868530769,0.441009256084881,0.257130268903518,0.563034940247751,0.825394677861135,0.0620144796240278,0.278234305474391,0.113654042167406
"351",11129,0.0347150215675049,0.145820431566465,0.364787950873115,0.44653671603077,0.257130268903518,0.563034940247751,0.833112981603857,0.0672420006109398,0.325877597343143,0.137066380724394
"352",11130,0.0980630204660406,0.204585080501487,0.360328657636301,0.449289705993879,0.257130268915539,0.570092550247869,0.841166847523338,0.0686118155434031,0.284567911249908,0.183976074710225
"353",11131,0.0214980225736626,0.113665682896246,0.364443104033681,0.510755978916393,0.228917624434283,0.563034940247751,0.844394671669047,0.0636854221265713,0.275385971607884,0.184357560673679
"354",11133,0.0882746344517754,0.231753390739774,0.337168719284344,0.449289705993879,0.257333677171335,0.570092550247869,0.820845904612037,0.0611261511063052,0.252354060389193,0.220997652523381
"355",11134,0.068196860271402,0.204585080501487,0.291847408419518,0.435452780003102,0.257334963835094,0.570092550247869,0.821656784259663,0.0763407807975402,0.248279151881734,0.235377493425724
"356",11135,0.0558670291761564,0.282610470971695,0.30291723589997,0.441009256084881,0.257334766451648,0.570092550247869,0.835121123182815,0.116657598846527,0.287523888957159,0.277552946605119
"357",11137,0.0030930898839464,0,0.27987916142221,0.44653671603077,0.25733476669774,0.570092550247869,0.807370745178386,0.224220484366385,0.25217774459486,0.321131609449213
"358",11138,0.0195090369815274,0.0791195584010167,0.292484429902046,0.479116546891161,0.257334741284961,0.555920180808876,0.818322835772978,0.219704377272958,0.257325968913571,0.315471016432387
"359",11139,0.0874764138940911,0.0791195584010167,0.573174835445664,0.569042363774526,0.258973504282561,0.584041690904968,0.843399195456478,0.182630987186833,0.270296140029049,0.338740025263107
"360",11140,0.0673174312920225,0.176020831779429,0.598821162787187,0.619864816763463,0.258973737832341,0.604569010688612,0.878819538738973,0.151333529200949,0.298475004893379,0.330323537421394
"361",11141,0.000961944692927384,0,0.596263104459292,0.576435173554552,0.256974465285009,0.555920180808876,0.89319956513415,0.142843232997708,0.325257569883946,0.321244499256133
"362",11142,0.0735642373239425,0.113665682896246,0.570284813105397,0.533915138975453,0.256903300598268,0.534218594919176,0.896933145671423,0.128040801444344,0.349000770474745,0.450805326791691
"363",11143,0.0947830726831025,0.113665682896246,0.748127272576869,0.595929152787421,0.47537165729827,0.555920180808876,0.900438414969316,0.112953702677621,0.360107367962967,0.497694940818284
"364",11144,0.0164784959913605,0.0415528817560006,0.730525815353402,0.536459688521407,0.475329001662742,0.54151350969986,0.895411186433686,0.10014797573371,0.319145231498361,0.539743549111569
"365",11148,0.055511204031865,0.145820431566465,0.848545962678149,0.647990157002929,0.676400463162891,0.534218594919176,0.522974378317599,0.0850518785732779,0.150682983385961,0.641540553755671
"366",11149,0.11548684371009,0.176020831779429,0.534459132992514,0.891165209019343,0.683049825137059,0.637799591556079,0.332509764133247,0.083764384311814,0.344699338352839,0.0749087356832622
"367",11150,0.333839900122659,0.562589407938659,0.36781968121271,0.600753908515297,0.259804820100211,0.6180031869969,0.769686808333054,0.0793303532840392,0.674823807666001,0.141743367494601
"368",11151,0.279835975851721,0.282610470971695,0.347283478279446,0.564088127146786,0.258993255069086,0.6180031869969,0.748601161606601,0.0711453383635681,0.459295308641371,0.135570332913437
"369",11152,0.0532913408262888,0.176020831779429,0.343367475803835,0.549099187285111,0.258993187654769,0.597777830050658,0.760934988033005,0.0773484123856466,0.397767036359152,0.104177785507277
"370",11153,0.0911066563916421,0.204585080501487,0.342769019106091,0.523680204650502,0.257417721070413,0.604569010688612,0.769569110673603,0.0800042847845212,0.398097358820862,0.080390874446747
"371",11154,0.039105008901313,0.113665682896246,0.340402437892988,0.45750637551936,0.258785247970082,0.611310437077231,0.774454673896161,0.0756268839655706,0.400560096754794,0.0742648015662205
"372",11155,0.0946301200855601,0.257712384106153,0.344797632911564,0.438234673639348,0.258785227563816,0.604569010688612,0.780681176175947,0.0696023500435042,0.48429384132351,0.0977834371644571
"373",11156,0.126263485934825,0.373710818176806,0.339248752094761,0.435452780003102,0.258785136394838,0.577094366239055,0.786227770907251,0.0655769484871379,0.508915031605343,0.0969095177007536
"374",11157,0.128971032667108,0.352041663558859,0.337016651508489,0.421431582981392,0.257130480275066,0.577094366239055,0.795880829574494,0.0622553433731979,0.478699313553085,0.0703858730509862
"375",11158,0.0908142434420891,0.204585080501487,0.367473829543317,0.418604574450696,0.257130480275066,0.570092550247869,0.811428394293437,0.0593984563868254,0.370297517186915,0.0668896554065127
"376",11159,0.00302605573671864,0,0.365567641872839,0.418604574450696,0.257130268903518,0.563034940247751,0.822313947319097,0.058413144254324,0.33437036577116,0.0894614999365944
"377",11160,0.147057570270524,0.257712384106153,0.362668973101192,0.39859530620902,0.257130268903518,0.563034940247751,0.82903381746067,0.0586775406494987,0.339191493707011,0.111254967773249
"378",11163,0.0347604853286084,0.113665682896246,0.396870579691449,0.549099187285111,0.257130268915539,0.570092550247869,0.846768411958563,0.0528770731816717,0.282380318274583,0.149045102260204
"379",11164,0.0428814145351159,0.176020831779429,0.397407923711158,0.569042363774526,0.257130268915539,0.570092550247869,0.846749165800411,0.0554752653930086,0.269509212091155,0.192134891654283
"380",11165,0.185714634561506,0.473569219876605,0.326833152463628,0.487111369674757,0.257333677171335,0.577094366239055,0.843218606135261,0.0671779778567725,0.266315077533742,0.233292773846021
"381",11167,0.0433496002923569,0.145820431566465,0.433140535140901,0.523680204650502,0.25733471991747,0.563034940247751,0.846742503668743,0.112005847530777,0.289836611708951,0.33463882278345
"382",11168,0.147690247340917,0.415215354125646,0.440519647021768,0.603159135012466,0.257507831510865,0.584041690904968,0.885329200166319,0.162986443755855,0.294569867702055,0.370921324742844
"383",11169,0.0843693484906698,0.176020831779429,0.601756137891078,0.634006498130118,0.257507852005461,0.59093577701279,0.891065583105737,0.19843572744511,0.23796002165533,0.347955666761813
"384",11170,0.0352570242593975,0.0791195584010167,0.637311401226917,0.650305771534711,0.257361158245833,0.577094366239055,0.862809714657723,0.18395503953923,0.196165268599415,0.383379670154997
"385",11171,0.00318874955677712,0.0791195584010167,0.72973835142339,0.659526241365943,0.489522469694787,0.584041690904968,0.879736700510691,0.150161190050682,0.211179019935633,0.382246979157049
"386",11172,0.0672108053176613,0.145820431566465,0.74062574353645,0.661820975234065,0.488963990915011,0.597777830050658,0.882979949935836,0.130945768011919,0.286877821631561,0.333052837255822
"387",11175,0.247150775034616,0.257712384106153,0.748503915276455,0.622232966189411,0.556716843958601,0.584041690904968,0.893407034812709,0.127284194425065,0.320993670507578,0.370147310133445
"388",11176,0.0912140560708829,0.145820431566465,0.72761308080002,0.551610689252489,0.482958480958241,0.555920180808876,0.87940841570637,0.104096054866504,0.298809150301607,0.428076413374544
"389",11177,0.102170982199879,0.145820431566465,0.733757721704407,0.48976348272629,0.482958480958241,0.534218594919176,0.88016592123148,0.0789484878249244,0.275739225011365,0.50399756831194
"390",11180,0.0743396030241827,0.204585080501487,0.876367200287487,0.7002201786306,0.481999596805957,0.526860517167108,0.489359229578645,0.070042113222431,0.0830469084992531,0.583529343937052
"391",11181,0.0857272538744809,0.204585080501487,0.532380255590922,0.877494245748012,0.488910348371804,0.611310437077231,0.386775399827243,0.0964523622216764,0.237397422631048,0.0821587335364641
"392",11182,0.226721327995266,0.43514742707086,0.358805117947514,0.544059892393605,0.259704995602902,0.570092550247869,0.779698059783502,0.0835689937681036,0.501234212297494,0.110847395436292
"393",11183,0.236281667863705,0.306567981894736,0.341284591331131,0.526247524725322,0.258931633928734,0.584041690904968,0.757498641301414,0.0715520902510397,0.378664963902936,0.0667045646453891
"394",11184,0.0140052245454132,0.0791195584010167,0.342769019106091,0.533915138975453,0.258993187654769,0.59093577701279,0.771583284471136,0.0702264177669009,0.403646737465529,0.0382478916916734
"395",11185,0.186186391959698,0.373710818176806,0.342769019106091,0.546582266740115,0.258993187654769,0.604569010688612,0.782617226514954,0.068683851239039,0.399747098082415,0.0325850050542033
"396",11186,0.0968467343245813,0.231753390739774,0.341140215052865,0.5288090949015,0.258785247970082,0.597777830050658,0.786692177002216,0.0662887190089679,0.370052379672144,0.0522435217308237
"397",11187,0.0446229392475202,0.145820431566465,0.345457258658873,0.481787948348224,0.258785247970082,0.59093577701279,0.790785811352324,0.0637941533272854,0.396950501503198,0.0856682318885789
"398",11188,0.0130018942736718,0.176020831779429,0.339874066566479,0.465660716153662,0.258785247970082,0.584041690904968,0.796359954994549,0.062823383795967,0.439155460193615,0.0826463180780923
"399",11189,0.0389279885248487,0.0791195584010167,0.338829840907942,0.45750637551936,0.258785238316319,0.59093577701279,0.799662140914394,0.0611410012729759,0.490305094226873,0.0452061956650334
"400",11190,0.0295537336448318,0.0415528817560006,0.38008296213224,0.523680204650502,0.257130268903518,0.563034940247751,0.813111906424526,0.058582138304395,0.378570073111587,0.0704169680497216
"401",11191,0.0721446747002058,0.204585080501487,0.401916612758812,0.538998639478155,0.257130268903518,0.563034940247751,0.830346648870508,0.0567862008268453,0.334956126389082,0.0867696363630592
"402",11192,0.227656301711915,0.257712384106153,0.401079519978726,0.5288090949015,0.257130268903518,0.563034940247751,0.837571698634025,0.0549222061575871,0.444953416568858,0.099730349481361
"403",11193,0.0614797656676051,0.0791195584010167,0.389677110850765,0.476438621836075,0.257130268903518,0.563034940247751,0.837072092141456,0.0524647294593947,0.432377139804739,0.117990447611958
"404",11196,0.0917327380310106,0.231753390739774,0.409834008349778,0.595929152787421,0.257130289451985,0.597777830050658,0.859302899513133,0.0607446373543294,0.311726681525051,0.243091139606717
"405",11197,0.318875987686441,0.689311620735801,0.473808715433885,0.583782487824325,0.257506763462853,0.604569010688612,0.863031824860437,0.085889860591548,0.28638015582178,0.257085679685981
"406",11198,0.0759260381224572,0.176020831779429,0.471960470729759,0.600753908515297,0.257480386707321,0.584041690904968,0.860664579437531,0.100888441488979,0.257561025954211,0.314470433248248
"407",11199,0.144591441547786,0.257712384106153,0.47919433293559,0.641017749764561,0.257506519706525,0.577094366239055,0.864958504797376,0.115487831252515,0.254250244764363,0.358140221444476
"408",11200,0.142339410661841,0.257712384106153,0.677388705678329,0.659526241365943,0.257507852017465,0.59093577701279,0.883388267111147,0.139331325895527,0.269207609683516,0.396540598525534
"409",11201,0.0910372381381064,0.231753390739774,0.745726598650262,0.7002201786306,0.504801294682143,0.604569010688612,0.905621598820551,0.152304845463635,0.245855531519935,0.432828958748654
"410",11202,0.279922884249444,0.352041663558859,0.74748515956808,0.68229128464252,0.504801294682143,0.597777830050658,0.876531663122998,0.131251363326125,0.214522086077862,0.47825543687687
"411",11206,0.0124616825798177,0,0.689576720798997,0.564088127146786,0.57248655889885,0.604569010688612,0.899784169199824,0.129043585491888,0.292043721537477,0.508181266985863
"412",11207,0.102042484335467,0.0791195584010167,0.723993752726938,0.541532028638397,0.556671691103061,0.577094366239055,0.888678789715335,0.118278671603882,0.272214109086398,0.472793102860196
"413",11209,0.0140755530305625,0.0415528817560006,0.731495434397551,0.471063008232239,0.482958480958241,0.519437606777876,0.867750621261458,0.0830391678019921,0.2416791076071,0.472841606075541
"414",11210,0.173568247104831,0.306567981894736,0.72637982103631,0.46294944070625,0.556671691103061,0.526860517167108,0.901727381189559,0.0828786948568666,0.223691951718901,0.558404127723973
"415",11216,0.000403234232738193,0.0415528817560006,0.89249089276449,0.843760947537847,0.481999596805957,0.496762030752622,0.304298569822387,0.0490364133100212,0.062481831024544,0.372583556977785
"416",11217,0.294437428827549,0.492124590248654,0.523245262835758,0.841752351297926,0.488910348371804,0.563034940247751,0.576395258901236,0.117461829143185,0.241087431115591,0.0588031441391086
"417",11219,0.154549950615243,0.257712384106153,0.357134753706975,0.502929886034106,0.258870534077007,0.577094366239055,0.769790441492322,0.0717248539214364,0.250327178888672,0.0356460899472247
"418",11220,0.0647802017554139,0.113665682896246,0.370196099941925,0.5288090949015,0.258993187654769,0.584041690904968,0.786431336041523,0.0649441696930301,0.365294255638954,0
"419",11221,0.352455908234774,0.643682526691789,0.420898836419349,0.619864816763463,0.258993187654769,0.59093577701279,0.797839496284628,0.061824026635511,0.400360652792434,0.0370500828595706
"420",11222,0.424906149790668,0.976886473534476,0.40073056186826,0.615114868547229,0.258785247970082,0.577094366239055,0.801557335873311,0.0604380133002987,0.38891019934496,0.0861444924600959
"421",11223,0.142335232610317,0.306567981894736,0.393965798997254,0.593509566573148,0.258785247970082,0.570092550247869,0.800828942811039,0.0601413702737531,0.384211880898325,0.100137459882932
"422",11224,0.219488968631969,0.595859525062267,0.37438559503968,0.538998639478155,0.258785258722585,0.59093577701279,0.803399045160845,0.0608982567386428,0.378953748470268,0.0979000317315737
"423",11225,0.0695808006096287,0.282610470971695,0.380101973357749,0.549099187285111,0.258785258722585,0.577094366239055,0.816413889491005,0.0594806174547587,0.377885882573692,0.0877633216581478
"424",11226,0.211443130778883,0.282610470971695,0.38008296213224,0.538998639478155,0.257130289439963,0.570092550247869,0.823414309399452,0.0560523270890453,0.344459870820705,0.108364933919839
"425",11227,0.00146080702185932,0,0.380027248996032,0.518528158785594,0.257130289439963,0.570092550247869,0.828107781158942,0.0527407395051731,0.351909436559458,0.120998171182665
"426",11228,0.0609238324213856,0.204585080501487,0.400901606119482,0.536459688521407,0.257130289439963,0.570092550247869,0.832687996680093,0.0499762331995406,0.387549504423788,0.140308066781822
"427",11229,0.247580893443081,0.394751479129127,0.400669541994495,0.536459688521407,0.257130289439963,0.570092550247869,0.84363202841705,0.0477248294030132,0.299037722968073,0.155342828253426
"428",11232,0.0787585433035853,0.231753390739774,0.404129298492562,0.657227376553734,0.257130289451985,0.59093577701279,0.868010618779194,0.0627776262124515,0.300839752609396,0.273320876273997
"429",11233,0.303427696281405,0.775041590701095,0.503431441737577,0.689043451693545,0.257444408157965,0.59093577701279,0.89495190912263,0.0994976477033646,0.275498688335035,0.267001558694275
"430",11234,0.229889032320422,0.415215354125646,0.478975530137264,0.666398138698433,0.257444408157965,0.577094366239055,0.89082767950225,0.115845058712008,0.2670383734625,0.280526528479662
"431",11235,0.0702658280040891,0.231753390739774,0.482473945227296,0.61749212629063,0.257068286379463,0.563034940247751,0.871294309454238,0.115107225762521,0.236022460970045,0.258573282902889
"432",11236,0.00872803738630407,0,0.684939773913597,0.607955425635519,0.488993184662674,0.577094366239055,0.864046650437257,0.115477224823367,0.248051707471189,0.355943780975475
"433",11237,0.232370665371688,0.352041663558859,0.690759373276286,0.619864816763463,0.504801294682143,0.597777830050658,0.858993681851824,0.10858240933155,0.230367320038001,0.400933754249932
"434",11239,0.0986776817348012,0.145820431566465,0.659357815161404,0.559113030298562,0.489046366751593,0.584041690904968,0.81913685075073,0.0682281441140506,0.197112616859119,0.46291335861757
"435",11240,0.119947449043363,0.204585080501487,0.662322808723573,0.549099187285111,0.488910810814959,0.563034940247751,0.847905045644655,0.0691008095539737,0.236672998507743,0.491963758677832
"436",11241,0.000419483590323383,0,0.63255472698078,0.538998639478155,0.488910810814959,0.563034940247751,0.875675401262224,0.0903526387307084,0.273553127479531,0.525554869379646
"437",11242,0.149930567282752,0.204585080501487,0.620311600964854,0.531364953640135,0.571402671432054,0.570092550247869,0.897873994095515,0.110581712730278,0.268831277940538,0.559936771937127
"438",11244,0.0191882353223771,0,0.647952879120773,0.44653671603077,0.482958480958241,0.54151350969986,0.852902014513431,0.0814329808811307,0.179767593090548,0.591312585863752
"439",11245,0.117144122293084,0.176020831779429,0.649592570370542,0.44653671603077,0.556671691103061,0.534218594919176,0.869143181162608,0.087425542426972,0.200107423631015,0.563306678800568
"440",11246,0.136684119999787,0.176020831779429,0.670747669943894,0.449289705993879,0.556671691103061,0.511948119202481,0.919597473628939,0.131870840301114,0.198557252686426,0.543417221358637
"441",11249,0.0566085698448735,0.113665682896246,0.721837444519251,0.348276978452136,0.474745984363253,0.441214910679389,0.954505312871158,0.186710505466972,0.103781637810626,0.750427527560035
"442",11251,4.46650944736814e-05,0,0.693246019941551,0.298396708267381,0.474745984363253,0.457492865403419,0.92323159463011,0.0699337602012793,0.0964550244517673,0.754449673727408
"443",11254,0.145360395522955,0.257712384106153,0.615172376191521,0.813335969521734,0.547287878141888,0.519437606777876,0.396191222568663,0.0623263331241048,0.085686142764702,0.413833902228762
"444",11255,0.376550241116123,0.67432733903765,0.423468624043735,0.711302899491451,0.259035126216346,0.570092550247869,0.651253409008424,0.128186347574927,0.265022644869924,0.0448754242024781
"445",11256,0.35574328559963,0.415215354125646,0.361335372216036,0.510755978916393,0.258007938034792,0.54151350969986,0.783520778122311,0.0888663353129327,0.355192443358525,0.0357616931698613
"446",11257,0.0142916018678287,0,0.408688916645658,0.526247524725322,0.257355494260032,0.570092550247869,0.793597732711025,0.0668509850840175,0.268869333982311,0.0241944937780507
"447",11258,0.33799970790642,0.659121031693805,0.411655857923234,0.564088127146786,0.258931872755804,0.577094366239055,0.808313890445025,0.0598431783163221,0.311669271476658,0.0455201041149562
"448",11259,0.383827109436421,0.917262605502248,0.425383987514226,0.622232966189411,0.258993187654769,0.597777830050658,0.810173682152967,0.057440686582651,0.341094757659599,0.0666081031946301
"449",11260,0.321489255645393,0.659121031693805,0.421108884275278,0.586221626608085,0.258785260450975,0.584041690904968,0.808527260158757,0.0566804862939435,0.362805032836629,0.117570268072214
"450",11261,0.173466889267391,0.492124590248654,0.396231051566619,0.603159135012466,0.258785260450975,0.59093577701279,0.813976221919899,0.0577769065976192,0.366240721401453,0.143523848125738
"451",11262,0.393266390049166,0.689311620735801,0.381075753954474,0.591085136327884,0.258785312503921,0.597777830050658,0.815898791407008,0.0592588483037463,0.384346948568238,0.138174869938199
"452",11263,0.0487721771883402,0.0415528817560006,0.380101973357749,0.566567836597105,0.258785258722585,0.577094366239055,0.81129845069645,0.0570461151767628,0.33690164885748,0.150754642072989
"453",11265,0.0373379764717778,0,0.380027248996032,0.518528158785594,0.257130289439963,0.570092550247869,0.826622581327543,0.0494981645646407,0.342178980118886,0.180111076920504
"454",11266,0.0166198429364172,0.0415528817560006,0.38020777715708,0.526247524725322,0.257130289439963,0.570092550247869,0.830966579439822,0.0460446337039493,0.333780286705464,0.193573716570724
"455",11267,0.0439775047918017,0.145820431566465,0.400669541994495,0.564088127146786,0.257130289439963,0.570092550247869,0.837803752210602,0.0435275085934097,0.231314439928696,0.204094009482831
"456",11268,0.0380788112106937,0.231753390739774,0.393880090317914,0.566567836597105,0.257130289439963,0.570092550247869,0.848524552713081,0.0429438635247326,0.240713192073325,0.211509551632388
"457",11269,0.101505760658833,0.257712384106153,0.396919651446516,0.583782487824325,0.257130289451985,0.577094366239055,0.856601586622495,0.0470438502670053,0.319223960404463,0.177558935825016
"458",11270,0.0355516159718193,0.0791195584010167,0.396874921768859,0.595929152787421,0.257130289451985,0.584041690904968,0.863837846703719,0.0608393636382914,0.316463458367192,0.210392887719368
"459",11271,0.0618681446683379,0.176020831779429,0.409789822086285,0.607955425635519,0.257068286379463,0.563034940247751,0.890132394244945,0.0931782611856144,0.249573309153945,0.216042149858141
"460",11272,0.0588034332541473,0.0791195584010167,0.474271902051809,0.605559631453627,0.257068286379463,0.570092550247869,0.883699166588947,0.108084301790249,0.257455514730424,0.268453416416894
"461",11273,0.0153325118765679,0.0415528817560006,0.475692963575065,0.554116807488609,0.488993184662674,0.570092550247869,0.861049093334955,0.107052484812236,0.238925355302489,0.280406461611738
"462",11274,0.154374898789312,0.282610470971695,0.472398644092895,0.564088127146786,0.488993184662674,0.577094366239055,0.849609337790068,0.0999269842800367,0.246556157329375,0.306398190261607
"463",11275,0.0317659280901279,0.0415528817560006,0.638295529597397,0.566567836597105,0.488993184662674,0.577094366239055,0.825647143893918,0.0871213529225637,0.23667946547322,0.369400585363521
"464",11277,0.0495788878273238,0.0415528817560006,0.606484727609008,0.523680204650502,0.488993184662674,0.555920180808876,0.809824667594957,0.0632525084355896,0.172560139089323,0.455395163006993
"465",11279,0.0140552421616047,0,0.584514440252532,0.502929886034106,0.488910810814959,0.54151350969986,0.850258415185422,0.0781574560446409,0.224513204570646,0.539985315562857
"466",11280,0.150001795833444,0.329684086508448,0.590186855729142,0.50030901224043,0.571402671432054,0.555920180808876,0.879308458819546,0.0981678443204872,0.247557420989161,0.564745389530724
"467",11282,0.0735248582251542,0.113665682896246,0.630273498289093,0.438234673639348,0.556671691103061,0.54151350969986,0.846764906510009,0.0917484772287637,0.150983248439669,0.659509772731849
"468",11283,0.0854867636148192,0.145820431566465,0.632931072857651,0.435452780003102,0.556671691103061,0.534218594919176,0.861196322174202,0.0934385981604916,0.169132010651597,0.639306821087387
"469",11284,0.0110163693362408,0,0.618913630564435,0.39859530620902,0.555123333296045,0.519437606777876,0.915020046913677,0.143383832909623,0.173062540991288,0.617218238823582
"470",11285,0.0759462629789461,0.113665682896246,0.658977088900218,0.357345431909233,0.556016217303132,0.48128660545668,0.952068278555992,0.211384567752562,0.164526112511907,0.643056283128172
"471",11286,0.0201067400649136,0.0415528817560006,0.725970908274955,0.360349560935654,0.484114901895279,0.465504646794033,0.998630333160767,0.261833615172901,0.16936808068529,0.644917934629815
"472",11287,0.152580730204144,0.282610470971695,0.72197163780069,0.339122562324497,0.474745984363253,0.473435083981673,0.92107212376757,0.234193797107452,0.0960271490580051,0.741967418752017
"473",11288,0.105944830422726,0.0791195584010167,0.698716509544518,0.32366735035073,0.583989591551028,0.489061521226215,0.926836469133594,0.168930783030489,0.0517437098952098,0.809493704162677
"474",11289,0.0536677441614523,0.0415528817560006,0.69598950454958,0.32054575144745,0.583989591551028,0.48128660545668,0.91490834975806,0.103138790757108,0.0694062445754201,0.708660110127562
"475",11290,4.46650944736814e-05,0,0.604318164432414,0.291969338790261,0.583989591551028,0.48128660545668,0.94714079948807,0.0529547002295306,0.0843204609071047,0.714633694927893
"476",11293,0.240187657900677,0.373710818176806,0.406174459768709,0.680032753985868,0.278092745552292,0.496762030752622,0.378996460030333,0.0760264881476979,0.0597468551636031,0.398053312342328
"477",11294,0.37509205637261,0.473569219876605,0.382112066645811,0.735365340314198,0.258392255589057,0.577094366239055,0.637787185645853,0.133763945268528,0.217141361893848,0.0794366078742755
"478",11295,0.275798934258933,0.282610470971695,0.422856719966992,0.675503857514265,0.258443134419846,0.570092550247869,0.774572001437195,0.0869295447782856,0.27790799548071,0.056006416229752
"479",11297,0.089557695026832,0.329684086508448,0.419359926315738,0.586221626608085,0.25735603277615,0.584041690904968,0.823454282189454,0.0559121971439473,0.269284251468494,0.105778261856798
"480",11298,0.237890362786858,0.628000850738346,0.42158583227238,0.595929152787421,0.258993433604911,0.597777830050658,0.818734902140145,0.0548627237417757,0.305769590389806,0.137544883499125
"481",11299,0.14653848627608,0.394751479129127,0.400788393919281,0.523680204650502,0.258785258722585,0.584041690904968,0.814418210938272,0.0547536134971327,0.340370456354278,0.182914744427905
"482",11304,0.0322480173146561,0.113665682896246,0.38300049302211,0.518528158785594,0.257130289439963,0.570092550247869,0.822519733163925,0.0480538201022994,0.31645845179501,0.234958564744721
"483",11305,0.0890390597789958,0.176020831779429,0.379791773882768,0.513352640820981,0.257130289439963,0.570092550247869,0.829367664280877,0.044496572080065,0.31968952002836,0.234810122587511
"484",11307,0.120489532053833,0.306567981894736,0.40015322961306,0.533915138975453,0.257130289439963,0.570092550247869,0.846989742777283,0.0404063163989225,0.277213532533162,0.259832612185664
"485",11308,0.00525822697287907,0,0.38924447622663,0.544059892393605,0.489046366751593,0.584041690904968,0.850222357109539,0.0442132809487827,0.289642416827781,0.242951230278406
"486",11309,0.0248550766048539,0.0791195584010167,0.390918996590829,0.564088127146786,0.489046366751593,0.584041690904968,0.858514860442981,0.0555415485314396,0.30433809096092,0.2690057977114
"487",11310,0.102145499541146,0.113665682896246,0.390918996590829,0.573976000398091,0.257068286379463,0.563034940247751,0.880483609733757,0.0801806308433658,0.26160534207147,0.260470643566832
"488",11312,0.00100340543410475,0,0.386836996912814,0.541532028638397,0.488993184662674,0.555920180808876,0.849986221553785,0.0979795011257321,0.244122331892802,0.322557790345438
"489",11313,0.0491236172922711,0.113665682896246,0.380288825739043,0.541532028638397,0.488993184662674,0.555920180808876,0.837013200605755,0.0879618988855567,0.257713829583798,0.331089165962381
"490",11316,0.00228034267265309,0.0415528817560006,0.608752544505365,0.508153326995067,0.488993184662674,0.534218594919176,0.804764041915753,0.0790780674187315,0.185612946674484,0.473342634688113
"491",11319,0.0450649220490457,0.176020831779429,0.596747964675199,0.49504874239707,0.572441107156615,0.548746860715935,0.865534156391151,0.0960433464022306,0.240741944725967,0.547065487433115
"492",11320,0.00296904536750652,0.0791195584010167,0.590459200632255,0.471063008232239,0.572441107156615,0.555920180808876,0.864063675884848,0.116858835641763,0.218094197743005,0.572730866519395
"493",11321,0.0129277025353984,0,0.58571721950363,0.429866825974048,0.556671691103061,0.54151350969986,0.85110990109497,0.126639726822018,0.140938988280541,0.610976043691889
"494",11322,0.0172891263217851,0.0415528817560006,0.587621664255436,0.41007688457221,0.555123333296045,0.526860517167108,0.848600128048598,0.118137658518351,0.117996152105227,0.578716594087644
"495",11323,0.0520024861872401,0.113665682896246,0.566678935327652,0.351309228000393,0.555123333296045,0.496762030752622,0.882739111421508,0.147458867985336,0.135703806060609,0.613677151163399
"496",11324,0.0621156124469808,0.176020831779429,0.639345337601239,0.351309228000393,0.473635361694151,0.457492865403419,0.924453678736791,0.205804918147907,0.144133545299218,0.62598489525969
"497",11325,0.140425622144267,0.176020831779429,0.694400377910529,0.351309228000393,0.474745984363253,0.473435083981673,0.984692673270955,0.262276968463738,0.141319720932487,0.661382681962132
"498",11326,0.0118465418352324,0,0.682111134103496,0.32677862983407,0.474745984363253,0.48128660545668,0.949464801488888,0.251311194011619,0.0726345323900788,0.751401784620161
"499",11335,0.0703120570053698,0.145820431566465,0.474975560702965,0.731022287480125,0.241394125700811,0.555920180808876,0.409606380188136,0.109814729397597,0.0809463231033734,0.193279179721501
"500",11336,0.0158161767364629,0.113665682896246,0.540524923911698,0.796841722757122,0.259378203311319,0.59093577701279,0.55391072695075,0.0887061263102892,0.17266774078549,0.131038798696147
"501",11337,0.186311354764984,0.510280780360892,0.551559326101274,0.626955745548764,0.258224847574326,0.59093577701279,0.82627051329252,0.065542320166341,0.251906603128872,0.156062907663293
"502",11339,0.0739251240204172,0.231753390739774,0.416570558838973,0.571511741034727,0.258993198346364,0.597777830050658,0.82348722272936,0.0556475120591453,0.291449843411742,0.18710675094743
"503",11348,0.030224549619903,0.113665682896246,0.405063333978445,0.546582266740115,0.489046366751593,0.577094366239055,0.843922201262994,0.0386864335097226,0.279586803733079,0.28957610217267
"504",11350,0.160165250227868,0.176020831779429,0.400758430390638,0.561603202727661,0.489046366751593,0.584041690904968,0.846776924682358,0.0481152388205099,0.292266566648858,0.317212253316997
"505",11353,0.12860334142195,0.204585080501487,0.396923569828122,0.523680204650502,0.488993184662674,0.54151350969986,0.840629257627303,0.0825497045319859,0.257932463849046,0.376700312870333
"506",11355,0.000190747348634239,0,0.37635301434579,0.518528158785594,0.488993184662674,0.548746860715935,0.788821033617269,0.0841621024576054,0.238796873348066,0.422603124831499
"507",11358,0.000775439128598545,0,0.599338498868216,0.481787948348224,0.488993184662674,0.526860517167108,0.797995316141954,0.100615194119656,0.216667260895764,0.430266340035598
"508",11359,0.160353209976673,0.204585080501487,0.594899244736996,0.484452873651962,0.488910810814959,0.526860517167108,0.800916660877987,0.0914654939405553,0.196431619864342,0.452091655462337
"509",11360,0.116575475102178,0.204585080501487,0.599753657441,0.50030901224043,0.572441107156615,0.534218594919176,0.859190696688773,0.103785266048221,0.204899655216463,0.490792954899716
"510",11361,0.236538405643124,0.257712384106153,0.589679847791894,0.443776584682865,0.572441107156615,0.534218594919176,0.884521601760888,0.147961216805823,0.183393039474646,0.493097316969231
"511",11362,0.160333886703187,0.145820431566465,0.588104308971552,0.384058256107257,0.546966964581817,0.504390230220781,0.894122473730068,0.182606902283127,0.139953417838047,0.501321012478511
"512",11363,0.0358669344551891,0.113665682896246,0.561898876227217,0.363344488889504,0.555123333296045,0.526860517167108,0.885885488160521,0.185299120706075,0.0998462973840969,0.53602031135758
"513",11364,0.125245404590221,0.257712384106153,0.566746839636897,0.342183737152174,0.555123333296045,0.496762030752622,0.880923310423789,0.196890745401253,0.100893357063453,0.548134810754665
"514",11365,0.0832121085761425,0.113665682896246,0.641526751239303,0.360349560935654,0.473635361694151,0.465504646794033,0.900595844999959,0.22575220220226,0.119844261708832,0.583135312265456
"515",11372,0.179776759229588,0.0415528817560006,0.612250001791362,0.288738559609271,0.585310976633653,0.48128660545668,0.882420222793166,0.151703493690544,0.04877850148284,0.530290990601315
"516",11377,0.15141406967875,0.176020831779429,0.525609760926888,0.784343682268766,0.259168893014059,0.604569010688612,0.562777654081271,0.0978713291223771,0.115486468163413,0.182266996832817
"517",11378,0.311156156837892,0.394751479129127,0.595397959710726,0.664111600347682,0.258216703105313,0.584041690904968,0.765814259242325,0.0767103505713594,0.203565585916407,0.156088277777434
"518",11379,0.205763076429738,0.329684086508448,0.555743314653444,0.610346545083695,0.257356040000757,0.59093577701279,0.830901435038024,0.0638087245198449,0.2435407189102,0.235168003133797
"519",11380,0.00134008043212433,0.0415528817560006,0.539087871177593,0.554116807488609,0.259041877811083,0.611310437077231,0.809258389962083,0.0614622985324867,0.30011660454208,0.223103164385663
"520",11383,0.232374469873838,0.204585080501487,0.374879244620281,0.5288090949015,0.257130500811494,0.577094366239055,0.803067789169617,0.0595932930162991,0.259033947100638,0.298587350799634
"521",11385,0.0931670012084726,0.231753390739774,0.378477018160137,0.521107095782326,0.257130289439963,0.563034940247751,0.805886611101668,0.054999230632051,0.293765047311027,0.330058707496532
"522",11386,0.144043918385089,0.231753390739774,0.382762991116274,0.523680204650502,0.257130289439963,0.563034940247751,0.814356771279567,0.050377713864245,0.313564412595924,0.334201593156769
"523",11388,0.0476468175701987,0.0415528817560006,0.411603784168516,0.546582266740115,0.489046366751593,0.570092550247869,0.837702361114883,0.041403926709547,0.301810072200287,0.314444211927328
"524",11389,0.07732683580351,0.176020831779429,0.416203758035692,0.578889291868346,0.489046366751593,0.577094366239055,0.839888650656975,0.0388490379423069,0.265178667297216,0.325550384234734
"525",11392,0.018084260194826,0.0791195584010167,0.391622105752149,0.515943353877601,0.488993184662674,0.555920180808876,0.822137400829921,0.0516852613587528,0.294085125087106,0.356934834795958
"526",11393,0.00345155708954512,0.0415528817560006,0.387390441142029,0.526247524725322,0.488993184662674,0.548746860715935,0.837478439467178,0.0675544868687142,0.283699516938171,0.386013843708336
"527",11396,0.0185173132772511,0,0.401186130741972,0.513352640820981,0.488993184662674,0.548746860715935,0.791919052653163,0.0968444145299866,0.263131893536986,0.448285897571723
"528",11400,0.0994058927505684,0.0791195584010167,0.621400749339054,0.473754125156117,0.487999117280577,0.519437606777876,0.813483291794319,0.12549004925021,0.210879193059125,0.393955769013749
"529",11401,0.000881800130420157,0,0.622058254936371,0.45750637551936,0.486150315546667,0.511948119202481,0.867274453229978,0.128857512711445,0.179713782087148,0.461443511366389
"530",11402,0.216400666795583,0.257712384106153,0.603066931812561,0.427062647040328,0.555123333296045,0.504390230220781,0.885169679124733,0.17614215998285,0.17661403593747,0.463358685089193
"531",11403,0.135715302420887,0.176020831779429,0.581574203492431,0.375233851650879,0.555123333296045,0.511948119202481,0.893556932775219,0.222280117620083,0.1510450854962,0.500521583988241
"532",11407,0.0419101817031128,0.0415528817560006,0.682111134103496,0.351309228000393,0.473635361694151,0.489061521226215,0.968827917060967,0.263773275671065,0.0857958272152101,0.614216401036311
"533",11413,0.240115788583837,0.176020831779429,0.612651370733277,0.329879691568013,0.585310976633653,0.504390230220781,0.815031867288501,0.172861187933953,0.0610924365330833,0.451077930476038
"534",11414,0.195626166285837,0.145820431566465,0.612249836641003,0.301593537653982,0.585310976633653,0.48128660545668,0.87715585150782,0.151089167291343,0.160967163643233,0.412305924294864
"535",11418,0.0181139155191546,0.0791195584010167,0.658380931229774,0.666398138698433,0.257850223871658,0.597777830050658,0.746266262533115,0.0860203846118902,0.288815976383781,0.107508272448276
"536",11419,0.0593840178274143,0.113665682896246,0.624557819261694,0.619864816763463,0.258069772562245,0.597777830050658,0.833563022981021,0.0760325024241512,0.190075277063838,0.231865498685209
"537",11420,0.398610936917908,0.659121031693805,0.539087871177593,0.583782487824325,0.257466706534602,0.604569010688612,0.79882880537878,0.0706585695230995,0.263580830222347,0.261755078161271
"538",11421,0.382051529799838,0.67432733903765,0.406428932021712,0.551610689252489,0.257466706534602,0.59093577701279,0.805985359396048,0.070295263840202,0.266216819619968,0.269746664115635
"539",11422,0.191229867393863,0.231753390739774,0.38376883430175,0.521107095782326,0.257466706534602,0.577094366239055,0.792059409201794,0.0696111041479294,0.273524840011393,0.275208062412028
"540",11423,0.274543687416803,0.373710818176806,0.38376883430175,0.533915138975453,0.257417731826865,0.577094366239055,0.797918471176688,0.0683962055976362,0.268464976126943,0.354049180368115
"541",11426,0.0934187694784515,0.113665682896246,0.384472492108523,0.531364953640135,0.257130289439963,0.563034940247751,0.814883390441077,0.0560561804146978,0.299468580748535,0.377413313906325
"542",11427,0.115365319828634,0.231753390739774,0.388561034397576,0.549099187285111,0.257130289439963,0.563034940247751,0.827620370108792,0.0507143472128909,0.286858137448911,0.388972400294755
"543",11428,0.21974853268232,0.282610470971695,0.413153194600331,0.576435173554552,0.489046366751593,0.570092550247869,0.835593401882026,0.0463754544582149,0.267898380845149,0.36568633256341
"544",11429,0.31805844616332,0.510280780360892,0.416203758035692,0.588655832841244,0.489046366751593,0.577094366239055,0.838410561772838,0.0434769874503506,0.264096695777761,0.373317532532683
"545",11430,0.041510662183748,0.113665682896246,0.408300690042002,0.564088127146786,0.489046366751593,0.570092550247869,0.83067767051607,0.0438056197387409,0.276273399393721,0.385050930243286
"546",11431,0.104297210895754,0.176020831779429,0.40746728831275,0.544059892393605,0.489046366751593,0.570092550247869,0.819699399333026,0.0467356717067969,0.329751005135348,0.397688501100472
"547",11433,0.0382948179955863,0.0791195584010167,0.387390441142029,0.5288090949015,0.488993184662674,0.548746860715935,0.815062670918252,0.0617844396618422,0.29923158745265,0.415906707753571
"548",11434,0.0494108192381785,0.145820431566465,0.397407288760812,0.531364953640135,0.488993184662674,0.54151350969986,0.802796073361404,0.0672879724176599,0.30409690194716,0.434501341310983
"549",11438,5.45808675592086e-07,0,0.359403499578036,0.45477448164475,0.257066316022851,0.519437606777876,0.798826972245066,0.173809930716437,0.260933949992569,0.436573293376631
"550",11439,0.01904284683273,0,0.358805346812373,0.460231344407767,0.487999117280577,0.526860517167108,0.804497588074217,0.175020411089863,0.245422590741157,0.417711311165583
"551",11440,0.177341030309529,0.145820431566465,0.494488447811593,0.465660716153662,0.486233154859057,0.511948119202481,0.825556628174207,0.156861189427177,0.220124589517623,0.438671445610333
"552",11441,0.0014933116867092,0.0415528817560006,0.625528599782639,0.460231344407767,0.479530545175272,0.489061521226215,0.885716777008588,0.160953307701115,0.204578078300724,0.465465662374643
"553",11442,0.0957772596339033,0.0791195584010167,0.588870654308993,0.418604574450696,0.555123333296045,0.526860517167108,0.89236555298723,0.196066117779137,0.196107678660084,0.467924200593445
"554",11443,0.0957772596339033,0.113665682896246,0.55665737855907,0.360349560935654,0.555123333296045,0.526860517167108,0.909759425540563,0.235973765025872,0.142262536103127,0.510762544759517
"555",11444,0.0218034416381991,0,0.551971013642958,0.354332016482431,0.483025719803092,0.504390230220781,0.901140030819975,0.251986167382068,0.107994328691586,0.538757156978633
"556",11445,0.0355045615495207,0.0791195584010167,0.622231751949213,0.36633029979982,0.483025719803092,0.496762030752622,0.897240955411491,0.257308969537241,0.0892500138810579,0.558240457460719
"557",11446,0.0158876546298408,0.0415528817560006,0.684883071979583,0.375233851650879,0.483025719803092,0.504390230220781,0.916629644071789,0.250395323445478,0.0730938357627476,0.57648807246572
"558",11449,0.000510865835489995,0.0415528817560006,0.662846927500752,0.345235178440657,0.591637753032292,0.534218594919176,0.847744878641677,0.252802100271774,0.0308060003584645,0.655121193169278
"559",11450,0.118785988970216,0.145820431566465,0.66284692750075,0.339122562324497,0.591637753032292,0.526860517167108,0.871357474004481,0.253385456899603,0.0467195357578673,0.660377267699683
"560",11453,0.228012766891248,0.145820431566465,0.617115149369081,0.375233851650879,0.585310976633653,0.534218594919176,0.800588980370424,0.193745402462754,0.05766086748675,0.424273116520331
"561",11454,0.33269065161802,0.282610470971695,0.628545524836972,0.342183737152174,0.547873085952875,0.489061521226215,0.867749292778968,0.159646841052488,0.193076604089766,0.415323817283669
"562",11457,0.154363926085161,0.231753390739774,0.0493651552234465,0.643346169657319,0.544617711486558,0.584041690904968,0.154659539455764,0.07751006414246,0.188858368029247,0.317544763749146
"563",11458,0.0211379858795115,0.113665682896246,0.527720724893135,0.720102962719906,0.259169116011269,0.6180031869969,0.699610436155532,0.0986822871544623,0.474812923408234,0.150129539692316
"564",11459,0.322031052139716,0.528062495338288,0.646908082973174,0.645670297520894,0.258069772562245,0.604569010688612,0.845113982594557,0.0860010611989207,0.210738840865949,0.212285239758071
"565",11460,0.117321808661972,0.282610470971695,0.567010771944881,0.605559631453627,0.258335480791454,0.611310437077231,0.809910908747034,0.0796901904700038,0.179481322777061,0.289280837227245
"566",11461,0.315992811170005,0.579373029351351,0.538989010945742,0.571511741034727,0.257466706534602,0.59093577701279,0.79198866420719,0.0812877555641116,0.21165998596581,0.339193028166564
"567",11462,0.28774300044944,0.257712384106153,0.406339936750933,0.541532028638397,0.257466706534602,0.59093577701279,0.78168086604444,0.0824139338002596,0.232757954927711,0.338693722728689
"568",11463,0.228488943937762,0.257712384106153,0.382794838076486,0.5288090949015,0.257417731826865,0.577094366239055,0.791323561395755,0.0830440133463514,0.224368539616674,0.380056724992201
"569",11464,0.109154804404134,0.257712384106153,0.508735271792647,0.544059892393605,0.257417731826865,0.577094366239055,0.796645864360933,0.0822194724673019,0.22878731544544,0.350601482685008
"570",11465,0.0626187533624504,0.0791195584010167,0.509553568670736,0.561603202727661,0.257130500811494,0.570092550247869,0.805261851198659,0.0773681587561539,0.23969508571571,0.382654732638156
"571",11467,0.000292398817295633,0,0.41683760015535,0.569042363774526,0.257130289439963,0.563034940247751,0.825230110397166,0.0602959491346973,0.26308242507066,0.43644531230305
"572",11468,0.20829665571042,0.329684086508448,0.41902650125214,0.600753908515297,0.489046366751593,0.577094366239055,0.833659187429788,0.0571366020257888,0.258718104498723,0.403998555685887
"573",11469,0.126152019727414,0.329684086508448,0.417101784491548,0.610346545083695,0.489046366751593,0.570092550247869,0.834773243891901,0.0543475137983911,0.279465430612154,0.418860044675801
"574",11470,0.0109665757028949,0,0.43621298703051,0.576435173554552,0.489046366751593,0.570092550247869,0.82683346341839,0.0542160012386694,0.274475856809126,0.410449581943279
"575",11471,0.0347040336642241,0.0415528817560006,0.431718934248109,0.566567836597105,0.489046366751593,0.563034940247751,0.811147104289711,0.057177134049464,0.299427538537172,0.433959041117247
"576",11473,0.0541738524857135,0.113665682896246,0.39322365425641,0.544059892393605,0.488993184662674,0.548746860715935,0.789170582511992,0.0674622505327884,0.295200845283267,0.454864554958969
"577",11476,0.0300088118432852,0.145820431566465,0.386051465847657,0.513352640820981,0.257355172268863,0.534218594919176,0.768233225463662,0.129116763577473,0.294137421764433,0.470510467063208
"578",11481,0.208622861365559,0.176020831779429,0.495056324803811,0.460231344407767,0.486150315546667,0.504390230220781,0.887330430495434,0.174895901296219,0.219472847267864,0.494359884989988
"579",11482,0.202043847244545,0.145820431566465,0.584548189099439,0.412927289523198,0.479530545175272,0.511948119202481,0.88724789408645,0.199147186831775,0.209987028801929,0.506171562386373
"580",11483,0.0226024122890794,0,0.554148066329009,0.378184009649366,0.483025719803092,0.526860517167108,0.880260058204481,0.222753539739911,0.153057838815616,0.528557719272532
"581",11487,0.00368872067723082,0,0.717175392995354,0.386982497023383,0.483025719803092,0.511948119202481,0.922006455704406,0.214427745322681,0.0306070297719137,0.627577274764277
"582",11493,0.267715627138142,0.204585080501487,0.641235995807928,0.418604574450696,0.585310976633653,0.534218594919176,0.770729070504357,0.207958626225877,0.118374067554005,0.392278255061055
"583",11494,0.29978233418924,0.176020831779429,0.612817012379498,0.345235178440657,0.547873085952875,0.48128660545668,0.871330163384439,0.171897459463711,0.224665123147746,0.38797178746904
"584",11497,0.238178533598226,0.352041663558859,0.548487138589995,0.778052689527891,0.544617711486558,0.650771929084552,0.497615606121355,0.120475029319791,0.350006498757408,0.249472546316111
"585",11498,0.26443328519025,0.528062495338288,0.660068272829956,0.680032753985868,0.258217001923187,0.624648299869364,0.790323798201913,0.0936408818091556,0.234101586399331,0.237778181508932
"586",11499,0.149398282872272,0.282610470971695,0.566076004796356,0.593509566573148,0.258335470072878,0.604569010688612,0.810996413715103,0.0871815930193496,0.180463986905267,0.282834450105539
"587",11500,0.28468441529266,0.473569219876605,0.53982941655165,0.564088127146786,0.257466771279117,0.597777830050658,0.781137231910382,0.093392534514644,0.193985336896247,0.341598218871164
"588",11502,0.302960902633533,0.473569219876605,0.497383417373224,0.556617576467933,0.257466706534602,0.59093577701279,0.789339038771049,0.103469080504172,0.158730687915133,0.41876573425551
"589",11503,0.284471368752848,0.454587121959464,0.510760922704986,0.556617576467933,0.257417731826865,0.577094366239055,0.80001557614486,0.103955065661244,0.199345990709182,0.378705677297982
"590",11504,0.343113999669746,0.528062495338288,0.509553568670736,0.571511741034727,0.257417731793969,0.570092550247869,0.811244253393158,0.0997971608767376,0.226020180919621,0.403403345920507
"591",11505,0.0180057865092035,0,0.509719011950504,0.576435173554552,0.257130500778562,0.570092550247869,0.814209163861278,0.0882814616897222,0.237509192825065,0.420379450728833
"592",11506,0.218628062690291,0.579373029351351,0.503978559054084,0.588655832841244,0.257417521515667,0.563034940247751,0.819253214587173,0.0759320997123037,0.216252244814856,0.398665927778149
"593",11507,0.219822438709863,0.415215354125646,0.424564988331095,0.610346545083695,0.489046366751593,0.584041690904968,0.828037591341973,0.0714532980235035,0.222900192897208,0.396087617362521
"594",11508,0.147188116213827,0.306567981894736,0.419214094753754,0.578889291868346,0.489046366751593,0.570092550247869,0.826747065207713,0.0688871379689325,0.263830273172677,0.443654289816729
"595",11509,0.030057651901129,0.0791195584010167,0.438260538692199,0.581338386382683,0.489046366751593,0.563034940247751,0.815441762970193,0.069168600142486,0.269856837031797,0.446869424725307
"596",11510,0.0145811476778137,0.0415528817560006,0.440648515998347,0.586221626608085,0.489046366751593,0.570092550247869,0.807146832916882,0.0722695454759636,0.257120223284624,0.464958234630051
"597",11511,0.0409106870050075,0.0791195584010167,0.412242045440661,0.561603202727661,0.489046366751593,0.555920180808876,0.801730289420414,0.0724596843626245,0.245730003048853,0.477960469050791
"598",11512,0.0628431129185376,0.113665682896246,0.408319689478208,0.549099187285111,0.489046366751593,0.555920180808876,0.789471757651901,0.0803633881268994,0.259167657883915,0.487526203877744
"599",11513,0.00692171804787401,0.0415528817560006,0.417329199427899,0.564088127146786,0.257355125654047,0.548746860715935,0.795079313681313,0.10102628624251,0.276970988056424,0.486241860945696
"600",11514,0.0964285121398986,0.306567981894736,0.449247868972204,0.586221626608085,0.257355172268863,0.54151350969986,0.803909518778948,0.12297844840319,0.261059524112134,0.468229512755892
"601",11515,0.0853418105695497,0.204585080501487,0.405382602771957,0.546582266740115,0.486233154859057,0.519437606777876,0.75980064745338,0.136737581071512,0.268018362216556,0.468985844020388
"602",11516,0.0266553216164193,0.0791195584010167,0.372838240577651,0.460231344407767,0.486233154859057,0.511948119202481,0.784602954509008,0.173196090098056,0.293712268547881,0.48250646555715
"603",11519,0.0132876085220798,0.0415528817560006,0.37374586945869,0.479116546891161,0.486233154859057,0.534218594919176,0.850486146796748,0.187826746959424,0.163645874260676,0.499437121094357
"604",11520,0.0792978156594318,0.113665682896246,0.392403356944869,0.471063008232239,0.486150315546667,0.526860517167108,0.883216015996712,0.186917946565668,0.224960683940824,0.51490912237735
"605",11521,0.19557337688088,0.204585080501487,0.513408136551957,0.41007688457221,0.403463181301813,0.489061521226215,0.882476896483453,0.199241500098925,0.201349558584871,0.526351644752801
"606",11522,0.0634145361483949,0.0791195584010167,0.614399398327911,0.384058256107257,0.483025719803092,0.504390230220781,0.876070827408472,0.208272911337328,0.151377597682245,0.552695111687086
"607",11524,0.131581783982931,0.0791195584010167,0.684301088680701,0.39859530620902,0.483025719803092,0.504390230220781,0.87885095799827,0.234594350155087,0.0779888201900329,0.578232789779322
"608",11525,0.0113396518235836,0.0791195584010167,0.722713676085762,0.404352221584663,0.483025719803092,0.511948119202481,0.866276760604308,0.213249151127116,0.0463747431011541,0.6029710953972
"609",11531,0.261473261027391,0.231753390739774,0.648920905619137,0.449289705993879,0.585310976633653,0.54151350969986,0.799097176154432,0.275244122430724,0.0635119644514822,0.395854489336557
"610",11532,0.228012766891248,0.145820431566465,0.642479164263837,0.432663517073457,0.547873085952875,0.496762030752622,0.83458516680316,0.21789283039971,0.169142795415206,0.400367981555337
"611",11535,0.362232676095336,0.528062495338288,0.451691870829508,0.746162458621111,0.398375380907532,0.59093577701279,0.0997042368533031,0.1412168254935,0.154491664272376,0.338351536821455
"612",11536,0.284845647985405,0.510280780360892,0.583081020835733,0.750457444326563,0.259477043639067,0.637799591556079,0.676239088172786,0.112634595564049,0.27249971035599,0.290532487238219
"613",11537,0.0464494229565763,0.176020831779429,0.647082850927019,0.636347938202246,0.258482764395448,0.624648299869364,0.802408182267641,0.0952497988058102,0.165873839311287,0.300677299248939
"614",11539,0.307883612626485,0.43514742707086,0.649650418506559,0.561603202727661,0.257466760524694,0.59093577701279,0.775581370251694,0.112224405732456,0.169575738829024,0.392408365191238
"615",11541,0.241202101959461,0.204585080501487,0.516018574353832,0.576435173554552,0.257417731793969,0.577094366239055,0.797212714697011,0.127759859461615,0.189760342654004,0.413001162585898
"616",11542,0.37770289188441,0.595859525062267,0.516108528494065,0.569042363774526,0.256821784342045,0.563034940247751,0.814719508287098,0.127037165831942,0.196997776643301,0.389828450683688
"617",11543,0.191327907967462,0.373710818176806,0.545337485202423,0.581338386382683,0.258580320051708,0.577094366239055,0.82007005896988,0.115886702599272,0.208479590765334,0.411725909508071
"618",11544,0.217448501380843,0.373710818176806,0.541120929873477,0.598343923890433,0.486284771622474,0.577094366239055,0.82442668455324,0.0991820191124174,0.186460525127202,0.414599907534615
"619",11545,0.113102604472954,0.145820431566465,0.515438170898647,0.586221626608085,0.486284771622474,0.577094366239055,0.809429817643596,0.0871596594163911,0.192766996973403,0.403795279046731
"620",11546,0.0568830354570254,0.204585080501487,0.547305803134373,0.583782487824325,0.503039666178121,0.555920180808876,0.806796704377614,0.0818629802681319,0.228068619860782,0.460351817327972
"621",11547,0.0671238952785191,0.176020831779429,0.446644134684585,0.576435173554552,0.503039666178121,0.526860517167108,0.807131067966945,0.0858960036391824,0.233480003400098,0.482402734279539
"622",11548,0.0225545860275034,0.113665682896246,0.44758049496433,0.569042363774526,0.503039666178121,0.534218594919176,0.801649264910279,0.0899166589746674,0.231909683499028,0.488108489245355
"623",11549,0.124661678883913,0.282610470971695,0.419796291576338,0.559113030298562,0.503039666178121,0.526860517167108,0.782214381280399,0.0865878987155497,0.219306228744925,0.510101124190433
"624",11550,0.0432646929705594,0.145820431566465,0.415108060696778,0.544059892393605,0.486284771622474,0.519437606777876,0.792111470199252,0.0913835651860681,0.234116306284878,0.511872576369397
"625",11551,0.0225529044553539,0.0791195584010167,0.443185867295627,0.556617576467933,0.486284771622474,0.526860517167108,0.796879817614652,0.109036612482181,0.253998927525402,0.506543783005205
"626",11552,0.211869593105771,0.282610470971695,0.444326537705286,0.578889291868346,0.463134826677288,0.511948119202481,0.80596116203103,0.129626360459112,0.232332375422111,0.483760330742683
"627",11553,0.121236840244382,0.145820431566465,0.42393368881887,0.523680204650502,0.463134826677288,0.504390230220781,0.808134765383506,0.147345224096794,0.236625264047917,0.482947744705371
"628",11554,0.167015370978103,0.231753390739774,0.371423964052993,0.465660716153662,0.463134826677288,0.496762030752622,0.785064537578052,0.173619162704268,0.271933052302828,0.504053162947968
"629",11556,0.00312023616821803,0.0791195584010167,0.370017412609531,0.465660716153662,0.463134826677288,0.526860517167108,0.821620156837969,0.210596014470982,0.204898819062001,0.516321792663141
"630",11557,0.0740837074861447,0.113665682896246,0.404046249286377,0.502929886034106,0.463134826677288,0.511948119202481,0.872280640142563,0.206043519307836,0.15672486027023,0.53908385703337
"631",11558,0.0226024122890794,0.0415528817560006,0.392107711875822,0.45477448164475,0.411302233219689,0.511948119202481,0.887434056671337,0.202261960262225,0.201042878609789,0.536506616012358
"632",11559,0.16659407398225,0.145820431566465,0.526260659570522,0.407218550771515,0.411302233219689,0.496762030752622,0.866115444837529,0.201094732267514,0.20130220805041,0.539757040943216
"633",11560,0.000150740547516596,0,0.613983978788062,0.386982497023383,0.483025719803092,0.496762030752622,0.871164261711084,0.201932527268642,0.149272256496954,0.563559091576075
"634",11561,0.0218034416381991,0,0.689386127783005,0.412927289523198,0.483025719803092,0.489061521226215,0.804889512062159,0.204418001976738,0.0991280091158642,0.593236396221152
"635",11565,9.06850376505081e-05,0,0.702556441056744,0.39280558710022,0.590801943776465,0.54151350969986,0.788697441971349,0.225263560964444,0,0.597193156294909
"636",11566,1.71264749216057e-05,0.0415528817560006,0.713404142445957,0.395704582193589,0.590801943776465,0.534218594919176,0.790851374084643,0.272089529849332,0.00958296981018739,0.373113278161303
"637",11569,0.228012766891248,0.176020831779429,0.640835694176888,0.421431582981392,0.585310976633653,0.519437606777876,0.857438392763283,0.242849964618015,0.0870159606789858,0.4188726009598
"638",11570,0.0738345914255271,0,0.641217128408012,0.386982497023383,0.547873085952875,0.48128660545668,0.866289827181418,0.210077540510074,0.140626078615948,0.430073149315361
"639",11574,0.0918645936742508,0.145820431566465,0.542694577688269,0.792688016727019,0.410503546146234,0.611310437077231,0.441808049976155,0.140862656428784,0.171036491309098,0.309151716871769
"640",11575,0.00221455576869613,0.0415528817560006,0.683171640088624,0.689043451693545,0.488297191704314,0.637799591556079,0.695162894123359,0.104420103798537,0.130444309301872,0.331717012632925
"641",11576,0.00113864535069926,0,0.552517975020687,0.583782487824325,0.488349186741346,0.624648299869364,0.772618292917288,0.100769231279028,0.135261321229521,0.385656207595107
"642",11578,0.073841653728112,0.176020831779429,0.514443197467359,0.576435173554552,0.257466760524694,0.59093577701279,0.777562621169176,0.141670196212274,0.195665757774933,0.4021516195242
"643",11579,0.373532218941105,0.473569219876605,0.519859078215162,0.591085136327884,0.257906251785259,0.584041690904968,0.794362925026099,0.149662749656329,0.201833483976403,0.396127184963258
"644",11580,0.303196858057556,0.492124590248654,0.517907314918271,0.583782487824325,0.258580309343191,0.577094366239055,0.815981437535431,0.15395971977484,0.199656824056375,0.404570590142264
"645",11581,0.347986607924,0.257712384106153,0.531773396690866,0.583782487824325,0.486542435399191,0.584041690904968,0.829485400348849,0.146876953307726,0.194704069047717,0.436416092368297
"646",11582,0.1705158338902,0.352041663558859,0.529120675439678,0.586221626608085,0.491255978125923,0.597777830050658,0.828624560757015,0.129785014473729,0.175874447949516,0.444978200349516
"647",11583,0.0151364522589051,0.0415528817560006,0.568841071850046,0.564088127146786,0.486284771622474,0.577094366239055,0.809039360162638,0.112546889748831,0.160930792940714,0.405581168052994
"648",11584,0.0547826738822913,0.0791195584010167,0.552907793074669,0.561603202727661,0.486284771622474,0.555920180808876,0.77694118884032,0.100568697523169,0.184943173797935,0.43317315319974
"649",11585,0.017485415106316,0.113665682896246,0.545844133749443,0.559113030298562,0.486284771622474,0.534218594919176,0.79925042613287,0.103558645099303,0.1957100534362,0.476126457286874
"650",11586,0.0621036219465828,0.113665682896246,0.44758049496433,0.556617576467933,0.486284771622474,0.54151350969986,0.78730389372239,0.106907137022098,0.225568865253215,0.492515999149132
"651",11588,0.0146415226708161,0.0791195584010167,0.411848779394771,0.536459688521407,0.486284771622474,0.534218594919176,0.782688063031952,0.0980701112675406,0.223226216915205,0.56008142028963
"652",11589,0.135608808411922,0.113665682896246,0.442938555075548,0.521107095782326,0.46318132339181,0.519437606777876,0.811460929798087,0.105897833828347,0.224124632104541,0.530671998995495
"653",11591,0.0989524240004608,0.176020831779429,0.41265807838232,0.476438621836075,0.463134826677288,0.504390230220781,0.793090002250697,0.136419134732452,0.213609023764382,0.502607264494263
"654",11593,0.232302513174987,0.373710818176806,0.384131091805622,0.449289705993879,0.463134826677288,0.511948119202481,0.805804245785159,0.199614256962758,0.234756166213786,0.515027290482255
"655",11594,0.0774377685557265,0.113665682896246,0.373411267456138,0.479116546891161,0.463134826677288,0.519437606777876,0.851655686105918,0.216860746197259,0.196959172252633,0.522795907659494
"656",11595,0.0226024122890794,0.0415528817560006,0.431595081994481,0.48976348272629,0.463134826677288,0.526860517167108,0.893691275288789,0.21805253868342,0.180585700585765,0.557472097430182
"657",11596,0.0461945578964949,0.0415528817560006,0.429494242732942,0.45477448164475,0.463134826677288,0.511948119202481,0.895799745685983,0.215921361724803,0.182295174145446,0.551798424302804
"658",11597,0.149067685815887,0.0415528817560006,0.52117560985777,0.404352221584663,0.411302233219689,0.496762030752622,0.88535161677287,0.21119575695865,0.167354699552565,0.556559369126682
"659",11598,0.0369663551136287,0,0.664027518980438,0.404352221584663,0.483025719803092,0.519437606777876,0.831842077050845,0.197301934752591,0.147513078476551,0.578591036975189
"660",11599,0.0803042511597616,0,0.688208923017314,0.418604574450696,0.483025719803092,0.496762030752622,0.771979262504783,0.190674326292625,0.103027554744309,0.597798433646728
"661",11602,0.0837115480544536,0.176020831779429,0.707698676514581,0.407218550771515,0.590801943776465,0.526860517167108,0.827136056181709,0.203712251840877,0.0264354183924936,0.623317932030519
"662",11603,0.00387077997242096,0.0791195584010167,0.721045374343893,0.421431582981392,0.590801943776465,0.54151350969986,0.72297446557016,0.253416083873227,0.0103525363069821,0.509167542691941
"663",11604,1.40836159500583e-05,0,0.735149160425174,0.418604574450696,0.590801943776465,0.534218594919176,0.763204784672037,0.294395532213668,0.0259789136264202,0.275327299911554
"664",11606,0.221787892522139,0.257712384106153,0.639631543013226,0.421431582981392,0.59186824943936,0.526860517167108,0.820269420012517,0.245114136039643,0.0850231442988947,0.287557396138841
"665",11607,0.211084869212146,0.176020831779429,0.628741058763158,0.375233851650879,0.474857567255614,0.465504646794033,0.868656638463047,0.221286223438047,0.147824637840339,0.392111357621874
"666",11611,0.090863844083303,0.113665682896246,0.543367424485266,0.780152833403506,0.413141469264082,0.584041690904968,0.494819583804121,0.13730492842632,0.1600306047047,0.316926795391234
"667",11612,0.327049079588064,0.492124590248654,0.651614080045773,0.767504202569331,0.504233888178109,0.637799591556079,0.601360767002293,0.122537656720232,0.148846537957574,0.345019442112909
"668",11613,0.229959599773097,0.562589407938659,0.694755069176436,0.702444167225575,0.504284247484216,0.663572424808024,0.768077343169229,0.156083806911246,0.202317436353768,0.295927363192992
"669",11614,0.172988523687764,0.394751479129127,0.661619717820726,0.610346545083695,0.25755773945969,0.604569010688612,0.792431014530063,0.16860304506985,0.311193882656342,0.320585434231745
"670",11615,0.230529025044612,0.612064138005298,0.528231277049454,0.643346169657319,0.488076546071775,0.6180031869969,0.802788398184734,0.16532579185598,0.23907360058245,0.366739266496348
"671",11616,0.209231966070384,0.352041663558859,0.552301758207428,0.624596600542168,0.486310806719412,0.604569010688612,0.823598323979113,0.174723559929093,0.218548197220115,0.395804972368164
"672",11617,0.243565044685059,0.373710818176806,0.525253760430687,0.573976000398091,0.486542435399191,0.597777830050658,0.836417842633787,0.177086525673668,0.19592988423861,0.432521137306656
"673",11619,0.191393486389945,0.306567981894736,0.568224730298437,0.544059892393605,0.491255978125923,0.597777830050658,0.820494777205988,0.147329115218225,0.152351610716716,0.45589362611494
"674",11620,0.00306074294490068,0.113665682896246,0.569837311617511,0.533915138975453,0.486284771622474,0.570092550247869,0.809093192618284,0.130733041938703,0.1661888921263,0.452444748528348
"675",11621,0.0396626111772911,0.0415528817560006,0.585871808729897,0.571511741034727,0.486284771622474,0.548746860715935,0.774030559688629,0.122963163646622,0.19922809953116,0.469750581677096
"676",11622,0.0749948554430309,0.113665682896246,0.549367357433079,0.561603202727661,0.486284771622474,0.563034940247751,0.780802429739528,0.122658056483026,0.223776242707171,0.477886775768639
"677",11623,0.028557136140779,0.0415528817560006,0.550648125564488,0.566567836597105,0.486284771622474,0.577094366239055,0.755264725320718,0.114278983720566,0.211719496346732,0.520306751773389
"678",11626,0.0401170771678342,0.145820431566465,0.42531062774196,0.484452873651962,0.46318132339181,0.526860517167108,0.792580289863444,0.110986305172381,0.217208531097968,0.528411693556898
"679",11627,0.0334734954259243,0.176020831779429,0.41265807838232,0.46836522184292,0.463134826677288,0.511948119202481,0.790428738174052,0.130353489711452,0.231545536139149,0.522773835873781
"680",11628,0.0225529044553539,0.113665682896246,0.371171841855402,0.441009256084881,0.463134826677288,0.519437606777876,0.798314859787479,0.163186599694064,0.216044764816648,0.512967226686644
"681",11629,0.0471450331006606,0.145820431566465,0.393984247279365,0.484452873651962,0.463134826677288,0.519437606777876,0.810155553567541,0.191705337389892,0.200385170591105,0.536818034717885
"682",11630,0.135715302420887,0.145820431566465,0.451318499075726,0.49768197890589,0.463134826677288,0.519437606777876,0.839111699440838,0.209499090850967,0.182420761953468,0.53545723506807
"683",11631,0.0740837074861447,0.113665682896246,0.428574573156734,0.476438621836075,0.463134826677288,0.519437606777876,0.900252478872199,0.223102819249423,0.174820348721625,0.564736410094763
"684",11632,0.149067685815887,0.0791195584010167,0.522958432262217,0.435452780003102,0.488850516665509,0.519437606777876,0.897901483171507,0.223269197556925,0.160427985785119,0.578885760132087
"685",11633,0.154483400789353,0.145820431566465,0.518709235878114,0.401477829539377,0.411302233219689,0.511948119202481,0.88909169609966,0.215969005821836,0.145476727325615,0.589016275236302
"686",11634,0.0226024122890794,0.0415528817560006,0.664027518980438,0.415769831243173,0.473635361694151,0.526860517167108,0.869918350967625,0.200259981335859,0.148406135415964,0.603967591279783
"687",11635,0.149067685815887,0.0791195584010167,0.683402333186519,0.418604574450696,0.473635361694151,0.519437606777876,0.75909866794648,0.182525053782418,0.144958148228542,0.607518171292517
"688",11636,0.179134176888382,0.204585080501487,0.723561705922268,0.424250919804718,0.473635361694151,0.519437606777876,0.814858997770221,0.191516904678781,0.0787935972193698,0.597087316211094
"689",11638,0.069815357736837,0.145820431566465,0.713409522669518,0.424250919804718,0.590801943776465,0.511948119202481,0.73823934690797,0.21622227026404,0.0343423331605685,0.604194302938061
"690",11639,0.0558322338644504,0.0791195584010167,0.726892632152215,0.460231344407767,0.590801943776465,0.54151350969986,0.665113683167705,0.265608921481999,0.036121261771149,0.364194587042194
"691",11640,0.00316100367946458,0.113665682896246,0.736064070638915,0.452035609718479,0.583142863388211,0.511948119202481,0.754197279566923,0.290929770654652,0.0354185329939085,0.221441989445303
"692",11641,0.109420593434458,0.113665682896246,0.742696933481726,0.484452873651962,0.584206622412095,0.526860517167108,0.788656273557206,0.269899770722446,0.055911247922469,0.153965607899386
"693",11642,0.387814378338178,0.352041663558859,0.651105567618463,0.415769831243173,0.584206622412095,0.496762030752622,0.827768258030547,0.223254749799922,0.143954895018327,0.2558628591958
"694",11646,0.0545651227263141,0,0.44139647716113,0.622232966189411,0.314918186336652,0.511948119202481,0.185434288157859,0.195131447204608,0.0960295636986069,0.435715229127742
"695",11647,0.15953071952059,0.145820431566465,0.583708749476271,0.788522039697866,0.328805238341048,0.6180031869969,0.0868010656257088,0.183994596628355,0.129956261043933,0.446413053077789
"696",11648,0.203014988974398,0.282610470971695,0.795222644905116,0.906639022458846,0.66832554839012,0.682465403755675,0.485236906441701,0.206431035766119,0.331599362788749,0.303857503931548
"697",11649,0.311530326016147,0.545491992483284,0.698968547650671,0.794766396842353,0.502247322656256,0.650771929084552,0.791429308034998,0.191817351663325,0.66894557465236,0.263891628657674
"698",11650,0.423330592971341,0.815548445038407,0.705618223883097,0.709093762426239,0.491281751002775,0.611310437077231,0.824440222331376,0.174582394748388,0.29814885529061,0.359313929987544
"699",11651,0.106204559470553,0.204585080501487,0.584647897999092,0.657227376553734,0.486310806719412,0.597777830050658,0.837121361662404,0.193968059708434,0.218348947017435,0.382399321322021
"700",11652,0.0775843655053244,0.0791195584010167,0.554684532144583,0.578889291868346,0.486568456773897,0.59093577701279,0.848045337823349,0.20812014528536,0.205878102251377,0.398709318214775
"701",11655,0.156815038449355,0.113665682896246,0.585130216712304,0.559113030298562,0.491173971144455,0.584041690904968,0.815375468631713,0.160907219714224,0.170782010907686,0.46320189889365
"702",11656,0.0245585157502104,0.113665682896246,0.601882647669662,0.588655832841244,0.486284771622474,0.584041690904968,0.803586712498057,0.152421515255962,0.202915300967115,0.465339768643225
"703",11657,0.082082635381805,0.0791195584010167,0.602880437801889,0.605559631453627,0.486284771622474,0.570092550247869,0.775871622133681,0.145635260531864,0.229082827493884,0.466968066861805
"704",11658,0.218586830182076,0.282610470971695,0.579662192635558,0.578889291868346,0.486284771622474,0.563034940247751,0.745313762829199,0.132013840450617,0.21573390340811,0.493416524360815
"705",11659,0.0454967540522867,0.0415528817560006,0.546623141391457,0.541532028638397,0.46318132339181,0.563034940247751,0.780947709869342,0.124478330920321,0.216520166990738,0.529476390830596
"706",11661,0.0295636651009749,0.145820431566465,0.422431999338841,0.502929886034106,0.46318132339181,0.534218594919176,0.795424511604854,0.126841268335539,0.205391683017967,0.549647372015878
"707",11662,0.172103030483762,0.176020831779429,0.409680271425681,0.476438621836075,0.46318132339181,0.519437606777876,0.784763189376443,0.136897559319126,0.210477543145827,0.539797925711973
"708",11664,0.0651997307709966,0.113665682896246,0.43259522825554,0.487111369674757,0.463134826677288,0.54151350969986,0.814716260042687,0.181892260958535,0.180880871401387,0.566024111125788
"709",11665,0.147320104152209,0.257712384106153,0.452247071995407,0.492409258562955,0.463134826677288,0.534218594919176,0.85104682530528,0.201691860303062,0.161247518192226,0.569745254582368
"710",11666,0.028557136140779,0.0415528817560006,0.426348588201089,0.46294944070625,0.488850516665509,0.548746860715935,0.896581249991833,0.22020182237662,0.16619535933704,0.582986168886161
"711",11667,3.35355294490606e-05,0,0.522886597787453,0.415769831243173,0.488850516665509,0.526860517167108,0.888532004399559,0.217434894180858,0.167427808640111,0.591794552450502
"712",11668,0.037796227089799,0.0791195584010167,0.669034902798213,0.418604574450696,0.490887660672959,0.548746860715935,0.846531882071028,0.201716818465656,0.14689939968304,0.622540996854381
"713",11669,0.172117130763586,0.0791195584010167,0.665285699374869,0.415769831243173,0.490887660672959,0.534218594919176,0.839831925684381,0.188449274534275,0.150652983306154,0.613034998210707
"714",11670,0.149067685815887,0.113665682896246,0.720398493741777,0.429866825974048,0.475004785580098,0.526860517167108,0.745423086126882,0.176579019426479,0.132744996936578,0.613920127138244
"715",11671,0.0974546104989504,0.0791195584010167,0.718556615598285,0.427062647040328,0.483025719803092,0.526860517167108,0.767466803423689,0.18703252344315,0.0827900225329366,0.62138307235672
"716",11672,0.0209683577623048,0.0415528817560006,0.727822285431215,0.438234673639348,0.590801943776465,0.526860517167108,0.849103703569033,0.205193510345421,0.0585470612278273,0.628277119628944
"717",11673,1.26351601579681e-05,0,0.705751040063135,0.438234673639348,0.590801943776465,0.526860517167108,0.736387388453182,0.232914295072169,0.0409750381648823,0.606437053314598
"718",11674,0.110060857252271,0.204585080501487,0.726949255285556,0.481787948348224,0.590801943776465,0.526860517167108,0.63105638873635,0.267661808261008,0.0496034684372324,0.432488825598352
"719",11675,0.0893075793023324,0.176020831779429,0.741006741220023,0.513352640820981,0.585232782442102,0.534218594919176,0.706741888363924,0.271061387633874,0.0282073235519811,0.312532403061582
"720",11676,0.3760233949602,0.579373029351351,0.753893269448495,0.515943353877601,0.585232782442102,0.519437606777876,0.788456987349434,0.247170669144771,0.124921690717769,0.140618848375267
"721",11677,0.111010181835199,0.231753390739774,0.634237376880556,0.39280558710022,0.474857567255614,0.48128660545668,0.845838370685848,0.220059078701363,0.199894285276665,0.303188849432787
"722",11683,0.261032956666439,0.306567981894736,0.688956582396269,0.877494245748012,0.67393632547941,0.682465403755675,0.0388958104652698,0.22347548353308,0.398107996336792,0.372768754862986
"723",11684,0.256465611613926,0.282610470971695,0.805040619776091,0.88921980868039,0.514069078919972,0.688684085684076,0.581040808534601,0.202883266450351,0.219026021431428,0.35527154792153
"724",11685,0.379005997187469,0.492124590248654,0.73636418183162,0.695760902542683,0.48428549002382,0.624648299869364,0.805890939431038,0.220810320941614,0.195849305126638,0.345271569568466
"725",11687,0.0500055989912829,0.145820431566465,0.55113826811262,0.573976000398091,0.48428549002382,0.584041690904968,0.849896169684534,0.237233037842415,0.183502700150422,0.410497878123922
"726",11689,0.0118459036879301,0,0.563265069713514,0.544059892393605,0.491173971144455,0.597777830050658,0.80832775802323,0.200387783192129,0.178113078707819,0.43899952201555
"727",11690,0.38598070664892,0.282610470971695,0.583685845624942,0.588655832841244,0.486201930095199,0.604569010688612,0.786112838854929,0.191967430492265,0.208489384261011,0.447847574234533
"728",11691,0.243427740527716,0.473569219876605,0.646484399360912,0.664111600347682,0.486201930095199,0.604569010688612,0.768608550547585,0.183268652685162,0.238795568578905,0.479870595966575
"729",11692,0.0852705062601906,0.0791195584010167,0.642051453285926,0.664111600347682,0.411336672241261,0.563034940247751,0.746979086761668,0.168280189958214,0.202707981337551,0.492476184003344
"730",11693,0.0128466633248473,0.0415528817560006,0.594543205502461,0.610346545083695,0.411336672241261,0.563034940247751,0.727937573258537,0.16336246440118,0.211854207544181,0.496259434800891
"731",11694,0.105911690963596,0.0415528817560006,0.58889039983399,0.581338386382683,0.46318132339181,0.555920180808876,0.754711991597206,0.164980726135814,0.21156457367626,0.530519134976433
"732",11695,0.140513609193008,0.113665682896246,0.513879916574986,0.561603202727661,0.456230067496216,0.534218594919176,0.794272150960367,0.157077003571915,0.190524486014677,0.551317830441594
"733",11697,0.0218034416381991,0,0.526026620956827,0.502929886034106,0.461146729359207,0.534218594919176,0.78171238779705,0.1568335079048,0.209117251177796,0.545130491434368
"734",11698,0.0634145361483949,0.0791195584010167,0.551690726598333,0.513352640820981,0.463134826677288,0.548746860715935,0.821612953301411,0.169709167527212,0.179937093350629,0.563826331309887
"735",11699,0.0287536453225241,0.0415528817560006,0.543928254407484,0.510755978916393,0.463134826677288,0.548746860715935,0.866296117138445,0.194072922131033,0.164896596653048,0.569272659063657
"736",11700,0.12135848286985,0.113665682896246,0.522867856647529,0.471063008232239,0.488850516665509,0.54151350969986,0.892162665821456,0.21513996348307,0.163242992322288,0.608969765469377
"737",11701,0.12135848286985,0.113665682896246,0.627697630657306,0.432663517073457,0.488850516665509,0.548746860715935,0.866225229178808,0.205754707804477,0.178375964030133,0.603380168542663
"738",11702,0.0390433789570601,0.145820431566465,0.6690754358158,0.438234673639348,0.490887660672959,0.54151350969986,0.799803930673569,0.184607843770488,0.171512461786042,0.5896315758954
"739",11703,0.174238532351778,0.231753390739774,0.666487182272792,0.438234673639348,0.490887660672959,0.555920180808876,0.753183402498029,0.176178930621255,0.139335049845415,0.590900006631654
"740",11704,0.0678317562021433,0.0791195584010167,0.717403755362269,0.427062647040328,0.484368720876159,0.548746860715935,0.721700512322549,0.182242942448898,0.104994168302582,0.603877674681666
"741",11705,0.0243238467085293,0.0415528817560006,0.729180271630879,0.452035609718479,0.483025719803092,0.548746860715935,0.771535827459502,0.198303187469929,0.067148333955696,0.657827702215222
"742",11706,0.0260296361894821,0.0791195584010167,0.729180271630879,0.44653671603077,0.590801943776465,0.534218594919176,0.835010057998106,0.217447004587065,0.0503767596925705,0.665729023342681
"743",11707,0.130241565206075,0.176020831779429,0.721813976674985,0.435452780003102,0.590801943776465,0.563034940247751,0.730436643713761,0.244327475170236,0.0409020346486823,0.654131567471552
"744",11708,0.298916268567511,0.257712384106153,0.724845524378226,0.487111369674757,0.591816712367704,0.555920180808876,0.702135795300078,0.278642415356847,0.0224119921152194,0.52814548490606
"745",11709,0.354134030781566,0.492124590248654,0.76593369928854,0.566567836597105,0.585253929906053,0.548746860715935,0.681080272101063,0.266498197015384,0.0458712469923273,0.295937118503827
"746",11710,0.487705040252271,0.510280780360892,0.762845322643403,0.5288090949015,0.543741148937267,0.496762030752622,0.775761182478227,0.233889862134737,0.190240752126892,0.0561762880240156
"747",11717,0.148990579669239,0.204585080501487,0.757616019507229,0.831667610719172,0.683399781728355,0.713182990079099,0.0473631433496116,0.262094631694166,0.0996759413465804,0.436612752057552
"748",11718,0.398205016825241,0.562589407938659,0.782035622940326,0.819472501307232,0.557074444521576,0.631246778642231,0.653614606196593,0.247086634302437,0.16859175677335,0.339370244111617
"749",11719,0.382432821612358,0.394751479129127,0.720514948650576,0.680032753985868,0.48428549002382,0.584041690904968,0.838213330164043,0.245933387404151,0.209763118171529,0.350090766693429
"750",11720,0.143421054599753,0.176020831779429,0.555906382061613,0.610346545083695,0.48428549002382,0.577094366239055,0.84818082499626,0.264349931196835,0.211589638244332,0.391721219740591
"751",11722,0.064348262494624,0.113665682896246,0.542934520562774,0.508153326995067,0.488913139877848,0.597777830050658,0.789457167265424,0.252626522092536,0.156993710616051,0.412941325996494
"752",11723,0.289327533704523,0.257712384106153,0.690861426530717,0.544059892393605,0.483941481068506,0.59093577701279,0.771997138953182,0.242407520746319,0.164532385170257,0.424961767044878
"753",11724,0.39136674832178,0.510280780360892,0.727149726885863,0.666398138698433,0.483941481068506,0.59093577701279,0.759997282719789,0.232902881882886,0.176134548857981,0.461207293412385
"754",11725,0.100223935662939,0.176020831779429,0.64450207246743,0.677770285167397,0.483941481068506,0.59093577701279,0.76543226618354,0.225586672782408,0.162399627621758,0.490832524480815
"755",11726,0.225170628896228,0.145820431566465,0.572405785266094,0.615114868547229,0.403498285611177,0.563034940247751,0.718985539452189,0.224556822656699,0.184796231065139,0.47037179732105
"756",11727,0.122446192278115,0.145820431566465,0.556304668604633,0.612733017056206,0.403498285611177,0.548746860715935,0.832073065477507,0.221827919801264,0.184041131431035,0.487629697512106
"757",11728,0.152631980010364,0.257712384106153,0.551040064044047,0.600753908515297,0.411336672241261,0.563034940247751,0.8391003292529,0.20248715621463,0.175960216110457,0.516855559201016
"758",11729,0.172117130763586,0.204585080501487,0.549718470168167,0.564088127146786,0.411336672241261,0.54151350969986,0.801164636229294,0.172788979648611,0.179607767446673,0.517020299683591
"759",11730,0.0866043950845373,0.145820431566465,0.513937576420687,0.502929886034106,0.411336672241261,0.534218594919176,0.763136503835906,0.162351334995881,0.228391729466205,0.541465319625512
"760",11731,0.0812245323474701,0.113665682896246,0.527382411677345,0.49768197890589,0.409834257764778,0.519437606777876,0.814272631024064,0.170516909075698,0.188862051070013,0.552809824063097
"761",11732,0.0790349699677801,0.145820431566465,0.525894482985844,0.48976348272629,0.437246150468913,0.548746860715935,0.872814211051471,0.197337961720161,0.15503570680947,0.580593547703507
"762",11733,0.0168681839713732,0.0415528817560006,0.628534689257025,0.492409258562955,0.437246150468913,0.54151350969986,0.874920339111149,0.210302116742079,0.166480634228918,0.604738864105827
"763",11734,0.0226024122890794,0.0415528817560006,0.672221217256582,0.484452873651962,0.437246150468913,0.54151350969986,0.810296788049297,0.194349368511441,0.178375758667019,0.605113568096595
"764",11735,0.233440427936174,0.204585080501487,0.669903638721831,0.476438621836075,0.490887660672959,0.577094366239055,0.745121606316758,0.183069867824079,0.156301472631164,0.568134902408214
"765",11736,0.17298513876768,0.176020831779429,0.66844631443754,0.46294944070625,0.490887660672959,0.555920180808876,0.752608022561677,0.197581513521372,0.130631186054635,0.579717664005199
"766",11737,0.190134962019782,0.113665682896246,0.732313674745304,0.45477448164475,0.484368720876159,0.570092550247869,0.703101598770456,0.209075713085526,0.110667118965506,0.60784250472404
"767",11738,0.13242879969843,0.0791195584010167,0.73377363785036,0.46836522184292,0.484368720876159,0.570092550247869,0.742161224367849,0.220796104982256,0.0799215808013818,0.674747634100878
"768",11740,0.203246629633597,0.176020831779429,0.741050803134868,0.435452780003102,0.591831766469772,0.570092550247869,0.71046603015082,0.259792095351235,0.0410992961878965,0.659361154681641
"769",11741,0.0746857822252529,0.145820431566465,0.744359771708449,0.46294944070625,0.5841902693989,0.563034940247751,0.675556048972378,0.286750536191253,0.0276706945726067,0.581793230228571
"770",11742,0.151186739518262,0.282610470971695,0.763209049005617,0.576435173554552,0.585253929906053,0.548746860715935,0.656031993571427,0.274549973252737,0.0605627496138693,0.283386633995116
"771",11743,0.417089872510462,0.67432733903765,0.765508945854155,0.526247524725322,0.430121687569165,0.489061521226215,0.768294853125322,0.242627289651448,0.153254805751646,0.0857900336946456
"772",11750,0.23727294855502,0.282610470971695,0.815618081150288,0.859731400795565,0.482051453654765,0.694864497710254,0.495112007146893,0.270518605043114,0.139926824194904,0.368966611427256
"773",11751,0.334196823883147,0.306567981894736,0.790572533571143,0.8071730057894,0.557074444521576,0.644307673802989,0.727357875273899,0.261664995370689,0.216589737200333,0.30992134433296
"774",11754,0.0464416456580403,0.0415528817560006,0.653826461527553,0.533915138975453,0.488913139877848,0.59093577701279,0.785035125966027,0.301464531264615,0.131549703386755,0.405799383965169
"775",11757,0.225170628896228,0.204585080501487,0.744108675030105,0.593509566573148,0.483941481068506,0.570092550247869,0.788910934155123,0.289247254399547,0.135520881800513,0.487798681664804
"776",11758,0.0799851553880113,0.176020831779429,0.714152228263011,0.603159135012466,0.409834257764778,0.555920180808876,0.818314684072816,0.285051160690498,0.140000405798673,0.460773812325026
"777",11759,0.0168681839713732,0.0415528817560006,0.661735586347176,0.605559631453627,0.409834257764778,0.534218594919176,0.845127605008846,0.271961854705561,0.126347701685159,0.473110180267588
"778",11760,0.139844575779775,0.176020831779429,0.662244757753224,0.598343923890433,0.409834257764778,0.54151350969986,0.860410257464413,0.24967034632322,0.137916257699276,0.480855637129981
"779",11761,0.139048239333053,0.145820431566465,0.672382615732538,0.549099187285111,0.409834257764778,0.526860517167108,0.783695536909111,0.210992039389282,0.179421507682256,0.485235995722825
"780",11762,0.13242879969843,0.0791195584010167,0.669320788619267,0.49768197890589,0.409834257764778,0.526860517167108,0.776672145915643,0.190126737409355,0.1852786700927,0.524897525523894
"781",11763,0.037303072878244,0.0791195584010167,0.633823168629372,0.487111369674757,0.427375163389006,0.519437606777876,0.804679367044751,0.190596257006766,0.17838184768335,0.555581269126469
"782",11764,0.103573746277374,0.145820431566465,0.630427535248312,0.49504874239707,0.435865103942696,0.534218594919176,0.852246627310678,0.20584856400998,0.158197672408568,0.590139577944508
"783",11765,0.0369998906430778,0.0415528817560006,0.633997350117253,0.50030901224043,0.437246150468913,0.54151350969986,0.834008630629221,0.204881710371484,0.174391385673181,0.602023572161521
"784",11766,0.0750649283251321,0.113665682896246,0.680487790094278,0.49768197890589,0.437246150468913,0.54151350969986,0.751603716493933,0.192384268242266,0.172968383583205,0.56172872367529
"785",11767,0.227988983763138,0.282610470971695,0.678181359553929,0.484452873651962,0.428783409991059,0.563034940247751,0.680322454623917,0.198738942409677,0.155826693647757,0.543548232985956
"786",11768,0.150948238066847,0.204585080501487,0.674509738446533,0.479116546891161,0.437246150468913,0.555920180808876,0.677554585661851,0.225830210550093,0.135984191253999,0.58854472440397
"787",11769,0.149067685815887,0.113665682896246,0.732313674745304,0.48976348272629,0.437246150468913,0.563034940247751,0.739589106928834,0.238500798292871,0.105951961330268,0.644993828133657
"788",11770,0.149067685815887,0.145820431566465,0.73377363785036,0.48976348272629,0.591831766469772,0.584041690904968,0.783855938942016,0.243293667590883,0.0833014674689708,0.665869668538093
"789",11771,0.0218034416381991,0,0.722711210284511,0.471063008232239,0.591831766469772,0.570092550247869,0.787061370132097,0.260992242285227,0.0557233780990913,0.669582596737938
"790",11772,0.146749005127422,0.176020831779429,0.739897254826856,0.438234673639348,0.591831766469772,0.577094366239055,0.676339414901978,0.293372212177721,0.0503846661724645,0.640271193381663
"791",11773,0.122148304025609,0.231753390739774,0.748791686254444,0.476438621836075,0.5841920704972,0.555920180808876,0.628414116464285,0.308262089401734,0.0484419208452553,0.533515717311567
"792",11774,0.158065389793518,0.257712384106153,0.768088416345881,0.566567836597105,0.430121687569165,0.54151350969986,0.712993887594733,0.295481899840035,0.0590649440095943,0.294980941093211
"793",11775,0.332021927455148,0.545491992483284,0.775364395335414,0.487111369674757,0.430121687569165,0.496762030752622,0.77535495976156,0.259996571236246,0.144372135958244,0.069449923807842
"794",11781,0.0661834249927991,0,0.488991275479656,0.544059892393605,0.601094106980296,0.637799591556079,0,0.342022322383058,0.056988295997202,0.512189058309535
"795",11783,0.195431584219841,0.231753390739774,0.828885511971876,0.871596840621634,0.55427458526814,0.73118096811729,0.76744216911177,0.321570997628089,0.441190863564403,0.339070268112022
"796",11784,0.161814861528814,0.231753390739774,0.766545112627783,0.704664414873,0.554256756500153,0.6180031869969,0.814616529898527,0.348914516423098,0.313435505033404,0.368870891615876
"797",11786,0.0758491909695847,0,0.663142169285672,0.521107095782326,0.480736185416274,0.604569010688612,0.73725318805249,0.345834483478634,0.099716627453407,0.366565296448872
"799",11790,0.0612426190285452,0.0791195584010167,0.683229252732309,0.559113030298562,0.21118659405943,0.519437606777876,0.860402895654238,0.30895600117827,0.109550607098577,0.475073343960079
"800",11791,0.154483400789353,0.145820431566465,0.686999884518148,0.559113030298562,0.211192969666522,0.519437606777876,0.890032115039042,0.276635838043209,0.115926287352232,0.495832540137855
"801",11792,0.124725616378555,0.0791195584010167,0.667584916740833,0.521107095782326,0.409834257764778,0.504390230220781,0.855595960550337,0.246004869565976,0.135897753649555,0.496080271742143
"802",11793,0.156861880701685,0.113665682896246,0.664356645819479,0.502929886034106,0.40196674131073,0.489061521226215,0.801161570617352,0.221835309674522,0.170042527253459,0.537558404859587
"803",11794,0.113791491236989,0.113665682896246,0.65135213709185,0.48976348272629,0.427375163389006,0.511948119202481,0.770238481731472,0.210858365317499,0.172532856461937,0.554805650257493
"804",11795,0.0226024122890794,0.0415528817560006,0.633713141411915,0.492409258562955,0.427375163389006,0.519437606777876,0.770615696923577,0.207146652321054,0.162935166862184,0.587308614330344
"805",11796,0.0168681839713732,0.0415528817560006,0.636105278506672,0.49768197890589,0.428783409991059,0.526860517167108,0.768473271508327,0.207420562496139,0.156421955119446,0.566982042234429
"806",11797,0.164709520706961,0.176020831779429,0.680487790094278,0.50030901224043,0.428783409991059,0.534218594919176,0.71735419532894,0.208917884354808,0.160046995417497,0.541470740907519
"807",11798,0.252802495138281,0.231753390739774,0.675146483196654,0.492409258562955,0.428783409991059,0.555920180808876,0.679034408545794,0.225722570463262,0.161874573016133,0.56239737092467
"808",11799,0.161818318632174,0.204585080501487,0.674968317745453,0.479116546891161,0.437246150468913,0.548746860715935,0.692737873487552,0.255810252347456,0.141825751816205,0.590336982903333
"809",11800,0.13242879969843,0.113665682896246,0.73228022529858,0.48976348272629,0.437246150468913,0.548746860715935,0.744840276226306,0.261996361881137,0.105259427264523,0.628335104785135
"810",11801,0.15156818990313,0.145820431566465,0.73228022529858,0.484452873651962,0.542596972135622,0.555920180808876,0.767752355517376,0.259711098101988,0.0921934779738164,0.626093987245717
"811",11802,0.227238429206899,0.204585080501487,0.738786071595078,0.460231344407767,0.591831766469772,0.59093577701279,0.69559693646057,0.285227988237143,0.0814344622249039,0.659839705592166
"812",11803,0.185408290987551,0.306567981894736,0.741923165861847,0.45477448164475,0.591831766469772,0.570092550247869,0.698761550869912,0.330323775790066,0.0624792188248359,0.639547452233511
"813",11804,0.083831012579237,0.176020831779429,0.74624795581949,0.479116546891161,0.542659325014872,0.563034940247751,0.678977362770052,0.338640597521799,0.0495392332392876,0.56154876214872
"814",11805,0.0158478945378597,0.204585080501487,0.759375039764261,0.559113030298562,0.430121687569165,0.526860517167108,0.705037655809936,0.313082006964538,0.0807927300008062,0.309887901859748
"815",11806,0.328190721207274,0.492124590248654,0.766275100114504,0.473754125156117,0.438581842352359,0.496762030752622,0.794334915091527,0.273001655850313,0.144701259586583,0.0694246405957546
"816",11813,0.250985677645559,0.145820431566465,0.814176421109485,0.794766396842353,0.55427458526814,0.760508893523854,0.204792195700673,0.334747566251172,0.147290731065126,0.530788253963224
"817",11814,0.336886693559114,0.352041663558859,0.810267696783654,0.831667610719172,0.55427458526814,0.737111918454705,0.594542840484547,0.367955257309757,0.177653579682146,0.404082436028132
"818",11815,0.432058706954566,0.306567981894736,0.742338400814321,0.645670297520894,0.485713725475953,0.611310437077231,0.76939634346707,0.397952613771472,0.132745519611495,0.305742614383131
"819",11817,0.0702661414611283,0.113665682896246,0.654509038967007,0.465660716153662,0.516233501384279,0.563034940247751,0.79747677004045,0.406777224004349,0.0706367447609116,0.393925649741016
"820",11820,0.0297657051756888,0.0791195584010167,0.696987307699356,0.49768197890589,0.408071625385136,0.526860517167108,0.865945605839862,0.343976763740474,0.0964484894069472,0.473737513111176
"821",11823,0.0226024122890794,0,0.650360776483973,0.49504874239707,0.409834257764778,0.496762030752622,0.761145028541948,0.242288567193298,0.170599886889977,0.493299193350838
"822",11824,0.172117130763586,0.0791195584010167,0.65035968405025,0.484452873651962,0.435865103942696,0.504390230220781,0.705518623006671,0.234247310304952,0.177368271533859,0.497872945062377
"823",11825,0.108089372727078,0.0415528817560006,0.634043928522464,0.484452873651962,0.435865103942696,0.511948119202481,0.682533453815427,0.231723190290073,0.165416685427847,0.509686390393711
"824",11826,0.156861880701685,0.0791195584010167,0.636069721057386,0.484452873651962,0.428783409991059,0.519437606777876,0.750391543278292,0.235488492291788,0.142972173125036,0.525633163641714
"825",11827,0.0226024122890794,0,0.674826604749167,0.481787948348224,0.428783409991059,0.534218594919176,0.748100798846117,0.240472547877247,0.159589696603228,0.559108491937005
"826",11828,0.161818318632174,0.145820431566465,0.674206902414488,0.476438621836075,0.428783409991059,0.548746860715935,0.703268167153607,0.254843050059587,0.150418000566084,0.579011799606688
"827",11829,0.179344706798537,0.204585080501487,0.673423662815523,0.473754125156117,0.428783409991059,0.555920180808876,0.698733384518141,0.277331146348463,0.140689534981668,0.596026613556771
"828",11830,0.108902084004241,0.0791195584010167,0.732088004087899,0.49504874239707,0.428783409991059,0.54151350969986,0.740321894251363,0.282439607961462,0.1126620154077,0.626321738865732
"829",11831,0.12102353902862,0.0791195584010167,0.721208419412804,0.502929886034106,0.549316357424853,0.577094366239055,0.731448423834547,0.283596513103219,0.0994801542768465,0.64022914715095
"830",11832,0.267012454244097,0.329684086508448,0.73891534579557,0.473754125156117,0.549316357424853,0.584041690904968,0.665378006369027,0.311305977783193,0.0916014251594805,0.645280241298958
"831",11833,0.0930984274174942,0.257712384106153,0.775645568006313,0.481787948348224,0.542596972135622,0.577094366239055,0.648198671004022,0.34401373653887,0.0800852842178974,0.622300206835606
"832",11834,0.110234444916983,0.231753390739774,0.777618384833369,0.510755978916393,0.428849674160078,0.570092550247869,0.698376135347549,0.350815521727782,0.0791589763701001,0.476883397360243
"833",11835,0.267524382764888,0.394751479129127,0.772824668477275,0.551610689252489,0.430121687569165,0.526860517167108,0.768850130164329,0.329891712696996,0.0869073059390445,0.287694078468229
"834",11836,0.247761724457039,0.329684086508448,0.767648112453874,0.476438621836075,0.430121687569165,0.489061521226215,0.815286993157252,0.290008551652813,0.131232154440288,0.117423436826412
"835",11844,0.022606844154033,0,0.713039160453499,0.588655832841244,0.245500007379073,0.637799591556079,0.685828437269768,0.446175803415183,0.0636338185115851,0.348948916633052
"836",11846,9.96088186475811e-05,0,0.650929659429405,0.435452780003102,0.338552701899712,0.54151350969986,0.788512528774215,0.46508799212303,0.0695257777340316,0.363974747039318
"837",11847,0.0600193960795168,0.176020831779429,0.624818772444832,0.429866825974048,0.516233501384279,0.548746860715935,0.782962266505784,0.450142912630778,0.0928092569076934,0.344334303879512
"838",11849,0.0498531536969572,0.0415528817560006,0.688598743039256,0.484452873651962,0.408071625385136,0.519437606777876,0.844278002835288,0.385928178297557,0.0898832436318867,0.42452221741313
"839",11851,0.172117130763586,0.113665682896246,0.676520528375593,0.479116546891161,0.202607310303503,0.489061521226215,0.855051450039753,0.300169346183034,0.127528581462812,0.466734130356959
"840",11852,0.00922396362733756,0,0.645677131331415,0.487111369674757,0.210683588443173,0.489061521226215,0.817323018110093,0.272911358061003,0.153126321226592,0.479982072073634
"841",11853,0.172117130763586,0.0791195584010167,0.64567603586305,0.476438621836075,0.435865103942696,0.504390230220781,0.698112499591449,0.269932777898914,0.184357329391146,0.46416687289353
"842",11854,0.20541098075325,0.176020831779429,0.652177666459871,0.479116546891161,0.435865103942696,0.511948119202481,0.729397466134719,0.276018035715747,0.173399405287815,0.474713087033699
"843",11855,0.237547245076381,0.145820431566465,0.636069721057386,0.484452873651962,0.428783409991059,0.519437606777876,0.755859957823491,0.278475462864811,0.149179348216314,0.517013875692357
"844",11856,0.228220164168547,0.204585080501487,0.674826604749167,0.487111369674757,0.428783409991059,0.534218594919176,0.755474513129989,0.269839112549331,0.144334570610904,0.547919311999833
"845",11857,0.149298866221296,0.176020831779429,0.674206902414488,0.484452873651962,0.428783409991059,0.548746860715935,0.709060754043173,0.277755460436484,0.14412220461465,0.573062665410617
"846",11858,0.16659407398225,0.113665682896246,0.730636617768515,0.492409258562955,0.428783409991059,0.534218594919176,0.659577922497675,0.292078432809144,0.144072412274012,0.593386850321649
"847",11859,0.149067685815887,0.113665682896246,0.732088004087899,0.49768197890589,0.428783409991059,0.548746860715935,0.660439961958847,0.30386414616521,0.140186795041242,0.603114841476929
"848",11860,0.154118050997004,0.145820431566465,0.723372127845659,0.510755978916393,0.549316357424853,0.563034940247751,0.705048031010398,0.316291173686661,0.0994967140492701,0.626139471390335
"849",11861,0.189416221438317,0.352041663558859,0.743186504160429,0.536459688521407,0.549316357424853,0.577094366239055,0.605820223132439,0.33470239469144,0.109444838596523,0.620174893762498
"850",11862,0.1337662264598,0.204585080501487,0.776636915470369,0.554116807488609,0.549316357424853,0.577094366239055,0.675972570528672,0.357157277527624,0.106710806600879,0.589666202857011
"851",11863,0.0893789461524136,0.204585080501487,0.782161952941919,0.546582266740115,0.428849674127387,0.555920180808876,0.7312893601161,0.355092354764199,0.0829499903661847,0.509456133411335
"852",11864,0.263063292358187,0.454587121959464,0.797813999629412,0.559113030298562,0.430121687569165,0.548746860715935,0.789315588999122,0.324845104700632,0.0997627121470163,0.344293877087866
"853",11877,0.00307378281886295,0.0791195584010167,0.688223749180383,0.492409258562955,0.408071625385136,0.526860517167108,0.842699128100875,0.430033163239756,0.0809554840128525,0.387244637746682
"854",11878,0.0510685619112046,0.0791195584010167,0.684823747940657,0.49504874239707,0.211238623758144,0.534218594919176,0.853143584080622,0.374961657845194,0.0875492642098676,0.436245271161279
"855",11879,0.0824203880373326,0.0415528817560006,0.673372396998717,0.48976348272629,0.210683749235853,0.489061521226215,0.812718699019813,0.329698866183414,0.123520504058817,0.410078775746954
"856",11880,0.149067685815887,0.0791195584010167,0.640737065944821,0.471063008232239,0.216377040002044,0.489061521226215,0.75687921349787,0.317847715984724,0.143751358036334,0.413983216825729
"857",11881,0.149067685815887,0.0415528817560006,0.645939229209469,0.471063008232239,0.21715527705632,0.504390230220781,0.748559119518127,0.316262046215489,0.161168363923391,0.454592942615122
"858",11882,0.108089372727078,0.0791195584010167,0.671971890181435,0.492409258562955,0.427381120536173,0.519437606777876,0.757922139927937,0.320696283460933,0.163315039863594,0.49857191279882
"859",11883,0.227988983763138,0.176020831779429,0.671971890181435,0.492409258562955,0.428789347677702,0.548746860715935,0.774273332691011,0.320003493310547,0.134028463430802,0.524666424666844
"860",11884,0.149298866221296,0.176020831779429,0.701254235235311,0.49504874239707,0.428789347677702,0.534218594919176,0.732320274520895,0.301227269543816,0.142048095037656,0.536868149166223
"861",11885,0.16659407398225,0.329684086508448,0.737385980605099,0.513352640820981,0.428789347677702,0.548746860715935,0.663892712636726,0.301115637201608,0.151698393035589,0.546600262351658
"862",11886,0.165454285979516,0.176020831779429,0.733582076728526,0.513352640820981,0.428789347677702,0.563034940247751,0.603909604523419,0.315187540142068,0.15764597168369,0.539460906130913
"863",11887,0.149298866221296,0.145820431566465,0.735624365219606,0.523680204650502,0.428789347677702,0.570092550247869,0.620139970443984,0.331981001557195,0.151323886886583,0.56276892561717
"864",11888,0.0858780717898538,0.0791195584010167,0.722867371408177,0.551610689252489,0.549320743363161,0.597777830050658,0.672380268380644,0.344849239997199,0.118802552405361,0.606487692647616
"865",11889,0.140097208831416,0.329684086508448,0.800684942054637,0.593509566573148,0.549316357424853,0.584041690904968,0.627251442703781,0.35739144090158,0.130622501995315,0.614133543323106
"866",11890,0.201011683124072,0.282610470971695,0.806131594155978,0.591085136327884,0.493850502359213,0.59093577701279,0.699315821888476,0.368318444992865,0.114849066770653,0.582402155224214
"867",11891,0.368169709285812,0.373710818176806,0.807675643127825,0.591085136327884,0.493855457731832,0.570092550247869,0.732364083083674,0.360688039588779,0.083411277739773,0.550119960846455
"868",11892,0.328340145515044,0.510280780360892,0.823193991395402,0.573976000398091,0.495004295545797,0.555920180808876,0.78412177108274,0.317870323515499,0.103994909106299,0.370875611664986
"869",11905,0.149067685815887,0.0415528817560006,0.670359609906791,0.476438621836075,0.211236096743692,0.519437606777876,0.81666412955975,0.408086070136892,0.101764755351435,0.364272939713686
"870",11906,0.149067685815887,0.113665682896246,0.666731713475137,0.46294944070625,0.225548652767835,0.511948119202481,0.785796873177771,0.375012943531716,0.12580108328037,0.344757189769276
"871",11907,0.13242879969843,0.0415528817560006,0.630861605932952,0.473754125156117,0.216821657703135,0.489061521226215,0.73081035912397,0.376979856422969,0.14147877017647,0.360130345831652
"872",11908,0.0808277066087365,0.0415528817560006,0.647134571234054,0.48976348272629,0.216919545719649,0.511948119202481,0.774329283775372,0.369455442174258,0.148555149049423,0.421626904363777
"873",11909,0.149067685815887,0.113665682896246,0.651858670991938,0.526247524725322,0.426729839745314,0.504390230220781,0.780142543830978,0.361254788078408,0.133861797882337,0.447749295638417
"874",11910,0.24376214698459,0.176020831779429,0.673290459555591,0.5288090949015,0.428789347677702,0.54151350969986,0.763535330058535,0.353657187107956,0.11890909974389,0.45888931421656
"875",11911,0.189968856767138,0.204585080501487,0.705676428046649,0.536459688521407,0.428789347677702,0.534218594919176,0.740580935393049,0.33900613390486,0.129744875764186,0.511322001924075
"876",11912,0.108734039565358,0.113665682896246,0.740890869297624,0.538998639478155,0.428789347677702,0.555920180808876,0.724129171359503,0.336109837663386,0.146523362993759,0.5204573584067
"877",11913,0.150623931362767,0.282610470971695,0.739266889607389,0.549099187285111,0.428791305435035,0.577094366239055,0.597453039085394,0.35220676555641,0.1588907237979,0.516757975604363
"878",11914,0.087475600108129,0.176020831779429,0.730965020375277,0.556617576467933,0.428791305435035,0.597777830050658,0.616018779523164,0.362783284569298,0.141136341059655,0.545672392436386
"879",11915,0.169071872581197,0.257712384106153,0.755260150013164,0.561603202727661,0.543622093626885,0.59093577701279,0.603097195033141,0.362149932687269,0.139568410334834,0.573518098681071
"880",11916,0.203740988503662,0.352041663558859,0.807868477026663,0.605559631453627,0.550383657808281,0.597777830050658,0.572198758530651,0.36992852059738,0.148197444247134,0.596549756470203
"881",11917,0.23447127187046,0.373710818176806,0.813740609153845,0.619864816763463,0.493893965666368,0.6180031869969,0.640583689501567,0.377402864751204,0.11513364764131,0.562974985347365
"882",11918,0.269657634178278,0.373710818176806,0.829826554116,0.62931042669283,0.487558654981202,0.584041690904968,0.602211411611039,0.364373894193994,0.116165061125245,0.486293851828916
"883",11919,0.430869131632475,0.473569219876605,0.82186656775535,0.564088127146786,0.487519649011314,0.534218594919176,0.70380330583948,0.328990856176983,0.129479033821435,0.318506645571557
"884",11932,0.154714581194762,0.145820431566465,0.670465850261188,0.484452873651962,0.21123025464375,0.496762030752622,0.741568379468282,0.464157982999414,0.125778950007636,0.289619892609049
"885",11933,0.149067685815887,0.0415528817560006,0.667535826532352,0.484452873651962,0.21691798003892,0.489061521226215,0.728726524063642,0.440336686067005,0.127767245374817,0.288937580514926
"886",11935,0.144170831149821,0.0791195584010167,0.62452665514526,0.502929886034106,0.428161541607155,0.519437606777876,0.766118681647669,0.420091884057927,0.147308236076992,0.364036476281013
"887",11936,0.151035442059804,0.176020831779429,0.640782039116629,0.536459688521407,0.483714231913587,0.526860517167108,0.772574703616344,0.403517937396581,0.112762334303152,0.390589573204251
"888",11937,0.0914321426222734,0.0415528817560006,0.653215893776268,0.538998639478155,0.483714231913587,0.534218594919176,0.746507031552564,0.391066140305104,0.116977316138729,0.41632539484149
"889",11938,0.149298866221296,0.176020831779429,0.708748035089475,0.544059892393605,0.485676384177475,0.519437606777876,0.721746802828464,0.37976478040002,0.12251984288823,0.455403804831883
"890",11939,0.150623931362767,0.231753390739774,0.746274499534045,0.554116807488609,0.485676384177475,0.54151350969986,0.693920258607355,0.375870555801683,0.131214293713989,0.488998626587622
"891",11940,0.150623931362767,0.204585080501487,0.744310184723208,0.564088127146786,0.486312633104464,0.570092550247869,0.61633661246945,0.386305413790388,0.149656262576048,0.479000541246915
"892",11941,0.201546912472755,0.204585080501487,0.764145761789095,0.571511741034727,0.486314292009807,0.59093577701279,0.587807768535101,0.388843699295438,0.12970000771981,0.518868899671625
"893",11942,0.166868683813291,0.257712384106153,0.763984500484959,0.578889291868346,0.486312633104464,0.604569010688612,0.553070303667424,0.382984174951411,0.142135082392125,0.544171034051847
"894",11943,0.152106057371946,0.231753390739774,0.806717289842844,0.631660669217809,0.486410862801206,0.597777830050658,0.564016671776952,0.391031808793331,0.143220735228069,0.540911041858454
"895",11944,0.296925509126088,0.352041663558859,0.818864513641382,0.638685013975812,0.486410862771621,0.59093577701279,0.680599118147325,0.397873928880897,0.120259374786455,0.503122560477339
"896",11945,0.274826835679761,0.415215354125646,0.830061026035722,0.636347938202246,0.487558654981202,0.563034940247751,0.732617678980309,0.375388765230383,0.103955956713644,0.395776414277294
"897",11958,0.144170831149821,0.113665682896246,0.657651863055643,0.473754125156117,0.197202071527566,0.526860517167108,0.774984352668314,0.576527486550878,0.124314020480621,0.269591459941492
"898",11959,0.123060083609563,0.113665682896246,0.662941051992113,0.508153326995067,0.21238553682485,0.519437606777876,0.714221732272194,0.527217657401242,0.149249907297995,0.227006283120824
"899",11960,0.00803912506100861,0,0.662733077557242,0.50030901224043,0.435577591547836,0.504390230220781,0.688275934239106,0.509233874019356,0.146621286790079,0.227584566003179
"900",11961,0.123060083609563,0.0791195584010167,0.626926882769666,0.50030901224043,0.435577591547836,0.496762030752622,0.73988985453496,0.499506735426955,0.143639664716295,0.261165510500243
"901",11962,0.149298866221296,0.0791195584010167,0.637040927795715,0.515943353877601,0.491211535626775,0.54151350969986,0.744829510729244,0.476064176454856,0.141068514529986,0.279738812947377
"902",11963,0.149298866221296,0.176020831779429,0.643865186979061,0.541532028638397,0.491211535626775,0.548746860715935,0.729558981289815,0.455813044907159,0.119418027174892,0.300675534274639
"903",11964,0.133424550311147,0.145820431566465,0.640771336996911,0.541532028638397,0.483714231913587,0.548746860715935,0.697898134026324,0.438764459805357,0.121826179748883,0.355656120854322
"904",11965,0.150623931362767,0.176020831779429,0.707250277254641,0.556617576467933,0.485676384177475,0.563034940247751,0.679539932560706,0.425101985598645,0.120409614792977,0.395093917905735
"905",11966,0.150623931362767,0.231753390739774,0.748850940340545,0.588655832841244,0.485676384177475,0.570092550247869,0.644948238671317,0.419902012227403,0.129269534559348,0.440063078159599
"906",11967,0.0878008268116415,0.231753390739774,0.777528314585179,0.612733017056206,0.486312633104464,0.577094366239055,0.610997946912571,0.414943773626544,0.143545471743627,0.449263960149615
"907",11968,0.0324272108210414,0.113665682896246,0.790543234486499,0.634006498130118,0.486410862801206,0.6180031869969,0.518533897241478,0.408332730704253,0.146965742431515,0.465926765458723
"908",11969,0.347122527324515,0.306567981894736,0.827944629156213,0.675503857514265,0.493893965666368,0.631246778642231,0.483522970538553,0.407790862828563,0.160403727232875,0.493686905810854
"909",11970,0.329751929367994,0.329684086508448,0.83656526618008,0.677770285167397,0.493893965666368,0.611310437077231,0.58947159722849,0.413182032401986,0.148956287840893,0.491402735696241
"910",11971,0.401192134204021,0.510280780360892,0.836924289358836,0.647990157002929,0.495042714498941,0.59093577701279,0.629741380301004,0.394932283940881,0.142417209156699,0.436188330661638
"911",11972,0.266969001130636,0.282610470971695,0.835245408378041,0.61749212629063,0.487558654981202,0.526860517167108,0.759934177524554,0.35968467934522,0.086103503175051,0.35348768124078
"913",11985,0.0701806214833268,0.113665682896246,0.668646269749429,0.510755978916393,0.212479710574315,0.54151350969986,0.711646494119798,0.582223295853521,0.161221266885731,0.215490133399346
"914",11986,0.108734039565358,0.0791195584010167,0.663122633790772,0.538998639478155,0.435579442664894,0.534218594919176,0.656223488626546,0.569899168333402,0.160617007855277,0.209079152922866
"915",11987,0.0677619339791817,0.0791195584010167,0.636354423281847,0.526247524725322,0.435577591547836,0.534218594919176,0.706661785014468,0.557648125720661,0.144452847036387,0.20960917279463
"916",11988,0.123060083609563,0.0791195584010167,0.63940362069396,0.521107095782326,0.435577591547836,0.54151350969986,0.70479604423232,0.531267019941198,0.131891775453692,0.197901923201902
"917",11989,0.0724201284960817,0.113665682896246,0.635168477686835,0.5288090949015,0.491211535626775,0.548746860715935,0.663205329023589,0.509139858649916,0.141189302934612,0.222285965828628
"918",11990,0.0815880640809119,0.113665682896246,0.644235924637897,0.544059892393605,0.485676384177475,0.563034940247751,0.661748159679073,0.488365408812466,0.135016238204286,0.261180557734199
"919",11991,0.0871429325987387,0.176020831779429,0.705298150878187,0.569042363774526,0.485676384177475,0.570092550247869,0.614784454933117,0.474626295174027,0.131668334569997,0.299933204066109
"920",11992,0.163965689296089,0.306567981894736,0.773361386185511,0.61749212629063,0.485676384177475,0.570092550247869,0.598128978373011,0.465656021218802,0.125511639278971,0.344173075047546
"921",11993,0.126551524471737,0.329684086508448,0.841334857511429,0.693525576617837,0.486371765213375,0.611310437077231,0.574929136588294,0.44656545263021,0.125614743193416,0.379430750505808
"922",11994,0.15406268895552,0.306567981894736,0.919455662196277,0.680032753985868,0.486410862801206,0.6180031869969,0.502316912754584,0.424859486311703,0.154736535097062,0.382917194613555
"923",11995,0.319346554365931,0.329684086508448,0.911243131452396,0.659526241365943,0.493893965666368,0.597777830050658,0.529621625215506,0.409763812172929,0.184322680771335,0.379124668603086
"924",11996,0.394416573336176,0.454587121959464,0.911090147073852,0.62931042669283,0.493893965637229,0.570092550247869,0.69669203906924,0.394691540136873,0.145992426083971,0.332097825976228
"925",11997,0.281156086811543,0.352041663558859,0.913510027195431,0.603159135012466,0.495042714498941,0.548746860715935,0.75748534278727,0.366065391979653,0.142870244784051,0.243332790127097
"926",12009,0.00146196006521682,0,0.7107614749824,0.513352640820981,0.197274531874667,0.54151350969986,0.732070854547088,0.689561924174001,0.135382410316563,0.240737055697518
"927",12010,0.00190949106200631,0.0415528817560006,0.784562815973988,0.583782487824325,0.212479504204308,0.526860517167108,0.701899969258553,0.637014522354753,0.158491947482868,0.190470208744896
"928",12011,0.150623931362767,0.204585080501487,0.756525427370525,0.595929152787421,0.435579442664894,0.534218594919176,0.661862670599203,0.614910089688671,0.167909219637306,0.147163696560534
"929",12012,0.058283552374348,0.0791195584010167,0.76078358067253,0.581338386382683,0.435579442664894,0.563034940247751,0.674498543791991,0.600993167747418,0.163235186902665,0.143886431889945
"930",12013,0.0018736549038932,0,0.719958909472685,0.546582266740115,0.428161541607155,0.519437606777876,0.624506112300996,0.569751030035497,0.162699889571259,0.137765714291082
"931",12014,0.00485733205965135,0,0.685846373805337,0.533915138975453,0.428161541607155,0.526860517167108,0.591059873741972,0.559836997098393,0.163534236669368,0.147149886549929
"932",12015,0.150623931362767,0.145820431566465,0.688134862518513,0.549099187285111,0.429942134013752,0.563034940247751,0.531931702003674,0.536592842173637,0.157969656121734,0.169060375103426
"933",12016,0.0976160593836143,0.145820431566465,0.760473438994018,0.593509566573148,0.429942134013752,0.59093577701279,0.517207611822638,0.519720914399822,0.137212331851052,0.210580924923461
"934",12017,0.0719779734081227,0.145820431566465,0.881136869354113,0.661820975234065,0.43732814799515,0.59093577701279,0.525303611491782,0.505755095953547,0.144526794199894,0.269813323046613
"935",12018,0.210496415515898,0.231753390739774,0.919455662196277,0.657227376553734,0.493855457731832,0.597777830050658,0.534346520454231,0.470792960141641,0.19482783196983,0.277784458317834
"936",12019,0.171959397359581,0.204585080501487,0.920626520736579,0.615114868547229,0.493855457731832,0.570092550247869,0.556212455674564,0.423323077416987,0.22409203742665,0.257104526247147
"937",12020,0.00170645334151309,0.0791195584010167,0.88833980927663,0.571511741034727,0.493855457731832,0.526860517167108,0.633583899794774,0.404252309679159,0.229321621347807,0.235566873957581
"938",12034,0.0465549736309532,0,0.776036081506763,0.595929152787421,0.428658641348519,0.504390230220781,0.643642448493506,0.652998509916605,0.170256202725228,0.113349875920172
"939",12035,0.0069960477860353,0,0.761159886787429,0.559113030298562,0.435579442664894,0.54151350969986,0.611079508681116,0.632584285817858,0.188411102779516,0.0934564597601685
"940",12037,0.00485733205965135,0,0.754598470940885,0.5288090949015,0.428161541607155,0.496762030752622,0.447070571984005,0.600546057606173,0.20979791355825,0.0973223863852712
"941",12038,0.0974003115974955,0.0791195584010167,0.764663546516357,0.549099187285111,0.429942134013752,0.548746860715935,0.451559014227618,0.57924340462055,0.170036046357287,0.111303102929679
"942",12039,0.00862608227869159,0.0415528817560006,0.784831978628206,0.607955425635519,0.429942134013752,0.577094366239055,0.444773971058865,0.55499294875388,0.15152300628014,0.164539928808124
"943",12040,0.094368943453938,0.176020831779429,0.880587765725845,0.622232966189411,0.43732814799515,0.584041690904968,0.571684944403717,0.531953710055717,0.211378746095491,0.260290463094907
"944",12041,0.0409986345631734,0.0415528817560006,0.883281255747007,0.578889291868346,0.43732814799515,0.519437606777876,0.676113748289164,0.493353393052132,0.227417025217942,0.234004841845289
"945",12054,0.00202349973478741,0.0791195584010167,0.699233760833077,0.536459688521407,0.203178007167856,0.526860517167108,0.662371839702124,0.773342285241272,0.140349261745699,0.168439862181973
"946",12055,0.00183400870455048,0,0.765280914922027,0.578889291868346,0.42117559193912,0.504390230220781,0.637960485813228,0.726885154862427,0.177131823747945,0.126243894061762
"947",12056,0.0475567106921923,0.0415528817560006,0.788265388123905,0.598343923890433,0.428917655744378,0.534218594919176,0.617433287011996,0.692984160641169,0.178557908923457,0.100308410104049
"948",12057,0.00565430709779462,0,0.764310711384017,0.569042363774526,0.435600951186296,0.563034940247751,0.587973594664771,0.66822891334358,0.212317067520311,0.0625053898906476
"949",12058,0.00565430709779462,0,0.760316065424672,0.526247524725322,0.428161541607155,0.504390230220781,0.50282194497191,0.653146999674887,0.232425815423368,0.0608282164708055
"950",12061,0.0152781265451427,0.0415528817560006,0.866172238581696,0.612733017056206,0.43732814799515,0.534218594919176,0.412988892598691,0.584230494711697,0.179855846166829,0.136698258617052
"951",12062,0.0670745252456296,0.113665682896246,0.866172238581696,0.573976000398091,0.43732814799515,0.548746860715935,0.627325224460481,0.562642501369873,0.251713255502885,0.226015293647221
"952",12081,0.0152781265451427,0.0415528817560006,0.761974071763873,0.50030901224043,0.397908285593306,0.496762030752622,0.368895510616622,0.643688671617523,0.185831310131228,0.0860557731847845
"953",12082,0.0262147818312019,0.113665682896246,0.846250504526149,0.559113030298562,0.399665808443494,0.519437606777876,0.494044508103044,0.614604794263263,0.171889644319063,0.126866778234897
"954",12083,0.0471401509340204,0.0415528817560006,0.846042646401271,0.521107095782326,0.399665808443494,0.48128660545668,0.6174887312634,0.592656265114395,0.187503763183572,0.161753419576491
"955",12103,0.0152781265451427,0.0415528817560006,0.86880219811133,0.536459688521407,0.418357271408954,0.496762030752622,0.372946065116195,0.632194674615477,0.169102691325276,0.124605146346713
"956",12104,0.0476676446262655,0.0791195584010167,0.851340945224996,0.48976348272629,0.418357271408954,0.441214910679389,0.55685791451069,0.590746512516898,0.188330121279856,0.188423984381681
"957",12123,0.00565430709779462,0,0.837618819017465,0.513352640820981,0.418357271408954,0.511948119202481,0.33162768060849,0.682966628313243,0.179788915580279,0.0534702303763248
"958",12124,0.0152781265451427,0.0415528817560006,0.837987982188598,0.513352640820981,0.418357271408954,0.496762030752622,0.492648465456794,0.622172563641126,0.164915857022733,0.106593545126724
"959",12144,0.00565430709779462,0,0.833533152439607,0.49768197890589,0.418357271408954,0.48128660545668,0.493217398624508,0.69410027239301,0.151687976901529,0.0462976004546891
"960",12145,0.0404711408709284,0,0.833533152439607,0.452035609718479,0.418357271408954,0.449397184149606,0.566660295456325,0.63859033567247,0.171277918906616,0.0818433039181072
"961",12669,0.00898198755800635,0.0415528817560006,0.332119593112322,0.32054575144745,0.230123249173314,0.407560647010149,0.827663892209456,0.308103867410687,0.141738526495402,0.816069301792194
"962",12702,0.0183767766867336,0.0791195584010167,0.367716190290727,0.369307076424377,0.2319976488452,0.465504646794033,0.788480813931133,0.385127714462229,0.13228875656368,0.754136516199518
"963",12723,0.00514954814091706,0.0415528817560006,0.366208101484473,0.369307076424377,0.262219124359032,0.555920180808876,0.700780057005692,0.448744150091378,0.104965013960426,0.754236347900999
"964",12746,0.0238254398583859,0.176020831779429,0.357395250502399,0.348276978452136,0.219870093635471,0.489061521226215,0.676972894772919,0.491470346801341,0.397886123872666,0.466202231594475
"965",3234,0.0209345075524971,0.0415528817560006,0.10137947954326,0.242233789603467,0.21938467998199,0.274853903724874,0.599164238319218,1,0.404555066630021,0.151782082259763
"966",3539,0.0116829386682973,0.113665682896246,0.339754469404335,0.44653671603077,0.544909199358032,0.577094366239055,0.75382226162271,0.896442747715947,0.195541187993847,0.529273770870463
"967",3578,0.0143609430392373,0.0415528817560006,0.439001515187134,0.551610689252489,0.703547675007153,0.743009641395228,0.697855364589274,0.555852478120326,0.130661516798993,0.60566826276201
"968",3622,0.00953299687186726,0.113665682896246,0.489147435089229,0.541532028638397,0.712152307669945,0.760508893523854,0.76928763561067,0.508575775044846,0.0967652729893511,0.569509990674616
"969",3630,0.00218978963084267,0.0415528817560006,0.0993006765292611,0.25240841495611,0.585578170166399,0.407560647010149,0.712814746267273,0.622498326775792,0.174071167047254,0.545442271960619
"970",3737,0.0274060766894016,0.0415528817560006,0.485760049064592,0.372274900276456,0.700700446142999,0.6180031869969,0.906658819451533,0.414544904432225,0.098025014555176,0.559077813065815
"971",3745,0.00718015274347499,0.0415528817560006,0.367579730224307,0.32366735035073,0.234077536711961,0.381254185254881,0.793567750840318,0.204705621451346,0.272797274769024,0.556632938744593
"972",3764,0.0054372687148731,0,0.507272061586366,0.518528158785594,0.712134725726828,0.701007337798098,0.783155695442256,0.257503662699471,0.200134535082582,0.599758029965238
"973",3792,0.0308108981753806,0.0791195584010167,0.466095240288382,0.44653671603077,0.576247229758704,0.584041690904968,0.993102082621662,0.283873425293615,0.103912869898098,0.577874582190662
"974",3793,0.0769598566949096,0.282610470971695,0.5524014176166,0.46836522184292,0.700230863927222,0.624648299869364,0.92160779703538,0.247391077562332,0.170760380989715,0.565380775596518
"975",3802,0.0307742332970378,0.0415528817560006,0.384481388980232,0.32054575144745,0.234852748526003,0.36315037488555,0.911575249979345,0.163790785564883,0.247463086242859,0.528694907583214
"976",3819,0.0498608866189889,0,0.479756145587069,0.515943353877601,0.699086739240898,0.624648299869364,0.962966954501745,0.234861581949192,0.109432029866185,0.563612443215536
"977",3820,0.0304400061525133,0.145820431566465,0.50936942201642,0.438234673639348,1,0.570092550247869,0.945095183352106,0.192418995399165,0.165880533578658,0.537051579507924
"978",3821,0.0134040109999153,0.0791195584010167,0.550476251840203,0.471063008232239,1,0.577094366239055,0.924553849386305,0.202151447444656,0.183071452485324,0.517012546626559
"979",3847,0.0150225745020867,0.0415528817560006,0.560137118726821,0.510755978916393,0.696764291612378,0.59093577701279,0.846756764997807,0.143910740592316,0.319172697025632,0.568114840519963
"980",3848,0.00233676882713894,0,0.558277781749464,0.49504874239707,0.699086739240898,0.563034940247751,0.905673743042943,0.183039806860399,0.0956830022060559,0.516645854647481
"981",3880,0.0229741629597718,0.0791195584010167,0.476742771010087,0.432663517073457,0.889320242244626,0.548746860715935,0.847754900838693,0.275530690732679,0.107018693114102,0.530895769182544
"982",3894,0.0302213964761776,0.0415528817560006,0.382044784864022,0.479116546891161,0.708070764212627,0.555920180808876,0.894861727555847,0.114786494188122,0.31447611651827,0.401852966714473
"983",3914,0.0029311593141124,0,0.360709354698348,0.481787948348224,0.708070764212627,0.577094366239055,0.88060639645543,0.117855463994945,0.405368189209003,0.486109101222637
"984",3921,0.0223201177048312,0.0791195584010167,0.270595901382322,0.16732666938768,0.446322320922896,0.335050896722087,0.871525795489321,0.0768514851776954,0.171597807800851,0.382836087541747
"985",3936,0.0830676037969809,0.204585080501487,0.346313730877144,0.481787948348224,0.744443143859828,0.611310437077231,0.872014207285141,0.121331773000888,0.287899539177494,0.374086203180733
"986",3937,0.0192921594571894,0,0.26364937099758,0.415769831243173,0.736236684793219,0.584041690904968,0.867922206750848,0.130548277579132,0.235525708585353,0.442421998922686
"987",3954,0.0405388258950239,0.0791195584010167,0.343904779511222,0.460231344407767,0.744270946589462,0.59093577701279,0.909086767672556,0.117481388848301,0.251897436494436,0.313428657851312
"988",3955,0.019961413950458,0.0791195584010167,0.38624717861363,0.45750637551936,0.744270946589462,0.59093577701279,0.906213035460991,0.123160939510959,0.232136378360677,0.355359819349806
"989",3970,0.156203915111712,0.282610470971695,0.394245816705833,0.44653671603077,0.744270946589462,0.624648299869364,0.907261681223724,0.107982215122316,0.231215713115183,0.362468391261301
"990",3985,0.0249334320267332,0.176020831779429,0.394139731713807,0.460231344407767,0.744278006415229,0.725216222370434,0.913303295226091,0.0975028596883391,0.242808539401764,0.304232860753554
"991",3986,0.0275427116676832,0.0791195584010167,0.38581786392623,0.473754125156117,0.752444843900126,0.772018657104437,0.853023066371117,0.123324637377676,0.27172442123003,0.368618817111998
"992",3988,0.0626857858252743,0.282610470971695,0.257006765752527,0.369307076424377,0.931491735031212,0.71921709683141,0.764529693111722,0.0877738318051333,0.300270859662475,0.167970470859259
"993",3989,0.0115528927069054,0,0.231178079367104,0.363344488889504,0.931491735031212,0.707113282950276,0.868366599623544,0.0920210687630627,0.369445888602399,0.26023043613902
"994",4000,0.0174872913553387,0,0.368612541703436,0.452035609718479,0.700226730725449,0.73118096811729,0.923731851895103,0.0780061219268273,0.32854406062874,0.227149603441768
"995",4001,0.0559875045498891,0.231753390739774,0.385525471384585,0.479116546891161,0.752777784627206,0.805839411697123,0.756084586060914,0.109739821604627,0.332968998391874,0.227093829361057
"996",4002,0.0173198559826682,0,0.249497376155884,0.443776584682865,0.752777784627206,0.760508893523854,0.851930316136521,0.167554936030556,0.363087077147128,0.354989433879434
"997",4005,0.123803092659162,0.257712384106153,0.25465086041093,0.378184009649366,0.931491735031212,0.71921709683141,0.744864941997553,0.0701862475313065,0.282224752988727,0.0837952718048437
"998",4006,0.0459447783880098,0.176020831779429,0.231178079367104,0.363344488889504,0.948202110749483,0.748874689216131,0.844552367511244,0.0784632283142232,0.327001041740679,0.115389988888875
"999",4007,0.012190473694462,0.0415528817560006,0.214403128931895,0.32366735035073,0.892268936391048,0.676207732079935,0.885347769702266,0.0670085662310103,0.320158114147301,0.130575500221088
"1000",4017,0.0359281122031167,0.176020831779429,0.343104915816114,0.48976348272629,0.752777784627206,0.805839411697123,0.793354162967135,0.0850691518661628,0.316352749681172,0.163262731224245
"1001",4018,0.00484827753388747,0.0791195584010167,0.203979783985663,0.41007688457221,0.752777784627206,0.794680300259369,0.812369409714924,0.139157058679584,0.321782194386757,0.230874869097103
"1002",4021,0.100641747869279,0.373710818176806,0.240740590590495,0.345235178440657,0.866421910803018,0.624648299869364,0.907452617782161,0.0741646588665729,0.374321141661188,0.130959047921471
"1003",4022,0.133252826977859,0.373710818176806,0.24170324117845,0.389898249523187,0.931491735031212,0.73118096811729,0.807578120789585,0.0655761785072928,0.477360254070104,0.081576919736087
"1004",4024,0.0332991435856145,0.0415528817560006,0.215632771903582,0.348276978452136,0.899031332442783,0.701007337798098,0.790879505074724,0.0450631657852919,0.274072840762323,0.0518367784803804
"1005",4029,0.0498105552247922,0.176020831779429,0.323774486813828,0.421431582981392,0.588063917696112,0.59093577701279,0.617575800870713,0.0557944538299249,0.405366875935739,0.119876780213786
"1006",4030,0.000953406788587384,0,0.326991662358859,0.412927289523198,0.536184197706929,0.570092550247869,0.898215845926639,0.0719001916256828,0.306330744863948,0.165257706553792
"1007",4037,0.000546200337581922,0.0415528817560006,0.225213703485911,0.345235178440657,0.911344377373778,0.657193231076691,0.880631316981178,0.0654949168670522,0.41964119221062,0.112552489357721
"1008",4038,0.0385199243245347,0.145820431566465,0.208759970109065,0.336051560214472,0.942866084116178,0.73118096811729,0.708571743484669,0.0502834567009278,0.350907643604456,0.0487716153823061
"1009",4047,0.083051818117771,0.373710818176806,0.311973340516359,0.389898249523187,0.588063917696112,0.577094366239055,0.768665802534666,0.0472875219805366,0.380293989981607,0.113362103215522
"1010",4051,0.121591341572918,0.43514742707086,0.260532549359684,0.452035609718479,0.752794559029112,0.766279081175622,0.877118290794717,0.0675637488942344,0.235239875851567,0.149094493070621
"1011",4052,0.00420000925661438,0,0.220634567041267,0.381125452205201,0.752777784627206,0.71921709683141,0.883490542831603,0.0823587048126719,0.330949961992285,0.310726412686636
"1012",4057,0.0551003903364465,0.0415528817560006,0.242970968067517,0.32366735035073,0.873593358260672,0.611310437077231,0.880511615268629,0.06508743894804,0.523739741183124,0.152755076205506
"1013",4058,0.0025304887132442,0.0791195584010167,0.221274664553077,0.339122562324497,0.918199474511847,0.650771929084552,0.792282168118966,0.0481860688205708,0.509676560278428,0.0757033410169769
"1014",4060,0.0052149586075593,0.0791195584010167,0.0418758546443549,0.26579228615152,0.905327134028276,0.584041690904968,0.738419573827103,0.0313637778094796,0.32270686510865,0.017218750446362
"1015",4076,0.00852300035014652,0.113665682896246,0.226174910709287,0.311117995811178,0.847147255448974,0.624648299869364,0.893917814057546,0.0735048955343327,0.561988793705001,0.25748967130283
"1016",4080,0.0055196810213607,0.0415528817560006,0,0.189438567420303,0.880409165182481,0.584041690904968,0.65340897298607,0.0297913958888048,0.416094982570831,0.0382522515312542
"1017",4082,0.122168584539417,0.394751479129127,0.232606707393026,0.317413729756323,0.890834345035083,0.555920180808876,0.841322121975383,0.0317822368594738,0.307972077134922,0.0685746161557032
"1018",4091,0.0343788931591806,0.0791195584010167,0.320152954749907,0.404352221584663,0.609818048747577,0.584041690904968,0.823331605725395,0.0617112389291541,0.27632393919648,0.169545550672737
"1019",4096,0.000531445690339099,0,0.223726919625857,0.291969338790261,0.876779519019898,0.577094366239055,0.870847241821673,0.0669192505617582,0.427943065713983,0.180583174180245
"1020",4097,0.093996539354754,0.352041663558859,0.22753024693489,0.32054575144745,0.876779519019898,0.657193231076691,0.851660305047381,0.0583546807956932,0.485275655021227,0.154478299221506
"1021",4098,0.0206047871634321,0.0791195584010167,0.224132301166865,0.329879691568013,0.880409165182481,0.611310437077231,0.861000267796521,0.0472424835024276,0.480312921170105,0.0938362523993007
"1022",4099,0.00239993529665429,0.0791195584010167,0.0644512750342618,0.26579228615152,0.880409165182481,0.584041690904968,0.825118904045482,0.0374979037270049,0.583896567378684,0.0941552046154859
"1023",4103,0.0470163550036891,0.306567981894736,0.225373006535908,0.288738559609271,0.87353197899187,0.534218594919176,0.852372908059542,0.0237054762102443,0.259159069461465,0.102942266116608
"1024",4108,0.000917870767753134,0.0415528817560006,0.414537521813862,0.262465402720173,0.436632386788631,0.335050896722087,0.818169623976178,0.0200440335691639,0.190115969025549,0.141907036880047
"1025",4125,0.0108744727718437,0.0415528817560006,0.0178792067297141,0.214493358712647,0.892433143787256,0.548746860715935,0.742160730876611,0.0261289399284471,0.530549684794511,0.0765356966766618
"1026",4128,0.0319931421713994,0.204585080501487,0.250018683778745,0.285496221179108,0.87353197899187,0.54151350969986,0.871509609194618,0.0187878329971625,0.222428381778449,0.111937400840937
"1027",4133,0.0266074811724484,0.0415528817560006,0.414537521813862,0.262465402720173,0.436632386788631,0.315623389321116,0.757599898231952,0.0320784756805951,0.244228903196905,0.119595528438287
"1028",4134,0.0145198930160992,0.0415528817560006,0.366541735297905,0.0545865378824208,0.0709794249549914,0.13073548845897,0.839132213929946,0.0272797815076721,0.238445281128172,0.0720703597744832
"1029",4144,0.0170125479592959,0.113665682896246,0.310755134235998,0.378184009649366,0.609619776736255,0.548746860715935,0.849372426409147,0.0472817152526713,0.298638107516301,0.137595011273748
"1030",4149,0.00414598179838532,0,0.0827739190188588,0.218011283431086,0.87353197899187,0.555920180808876,0.82293363944673,0.0281217358344134,0.440701426212646,0.0805612247978544
"1031",4150,0.16910114539503,0.612064138005298,0.0808570459925758,0.21096049568341,0.87353197899187,0.54151350969986,0.806776208532596,0.0215453854302537,0.474521478858242,0.0711641355581391
"1032",4151,0.000467652924905977,0,0.0830307130527168,0.218011283431086,0.87353197899187,0.54151350969986,0.832262865844248,0.0181831124142033,0.493833466324508,0.0858725993689987
"1033",4153,0.0812536442789875,0.204585080501487,0.263662726958875,0.301593537653982,0.861123068858966,0.548746860715935,0.858230513442419,0.0168124815401028,0.312814058267265,0.12810995469316
"1034",4154,0.143934446616913,0.329684086508448,0.248177834349964,0.291969338790261,0.847147255448974,0.519437606777876,0.889437240908144,0.0165332198116608,0.264953796085878,0.0462850927876184
"1035",4160,0.000573002807726218,0,0.366541735297905,0.0589366070117839,0.070982067775633,0.207778789398087,0.860357766209826,0.0386948434743731,0.236811192186131,0.0936785988401658
"1036",4177,0.058301368031957,0.282610470971695,0.219337285937054,0.269106685835661,0.861123068858966,0.555920180808876,0.860545209793135,0.0394301396837214,0.446532140413953,0.13409066538856
"1037",4179,0.0398217324776231,0.282610470971695,0.110614919924358,0.221514457746164,0.87353197899187,0.534218594919176,0.891203349704591,0.0165017326712888,0.379818970260397,0.0892272312230404
"1038",4181,0.0940635377267734,0.257712384106153,0.223738946322307,0.242233789603467,0.861123068858966,0.534218594919176,0.857731689853672,0.0208346319841872,0.341218304424965,0.206485739623405
"1039",4182,0.0143007081045061,0.204585080501487,0.249927059073552,0.288738559609271,0.861123068858966,0.534218594919176,0.845318058159078,0.0177284757779455,0.343840356722553,0.110287950131015
"1040",4292,0.00596212605607946,0,0.464174893847787,0.218011283431086,0.177249216764796,0.231052357040149,0.860978094656127,0.0299666103675859,0.303117125610327,0.130449779178293
"1041",4298,0.00659443945391572,0,0.408112123157698,0.401477829539377,0.622534615506254,0.563034940247751,0.778750096511622,0.0266388019936458,0.310969181167024,0.243672276726025
"1042",4312,0.00294759363352359,0,0.419192526954243,0.203849182821916,0.225050348359788,0.441214910679389,0.55980190193664,0.0431157984615885,0.384923094434957,0.0589315364112232
"1043",4314,0.0162659060864273,0.0791195584010167,0.443281006161666,0.26579228615152,0.231594087389084,0.416119335883719,0.768172417473911,0,0.483133728152794,0.224457567708367
"1044",4319,0.0468380943547411,0.176020831779429,0.403165215110584,0.39280558710022,0.60903565930693,0.54151350969986,0.819752308299462,0.0322294510903135,0.303390457635097,0.248204710536186
"1045",4337,0.00659846700889342,0,0.413034968477739,0.25240841495611,0.23160931170538,0.489061521226215,0.41585951501826,0.0183632322571677,0.364852878672681,0.185918134110452
"1046",4343,0.118972223042895,0.257712384106153,0.493054636668954,0.384058256107257,0.547713756527892,0.624648299869364,0.755644819250623,0.0424104462278501,0.390220207972555,0.231147169830219
"1047",4364,0.0178285507885339,0.0791195584010167,0.471893948789364,0.255773613368179,0.231023274978225,0.473435083981673,0.500386050781778,0.0502736701225634,0.221976014744688,0.202703433457765
"1048",4365,0.0377491138198333,0.204585080501487,0.414538250975392,0.26579228615152,0.230906730340667,0.441214910679389,0.599779182456036,0.0840145651142315,0.443123104429457,0.10985973650893
"1049",4371,0.000603539445086724,0.0415528817560006,0.472548872882794,0.329879691568013,0.529941543793993,0.534218594919176,0.815316570049282,0.0541751092496296,0.288516513607655,0.415782421122767
"1050",4394,0.0282481241715818,0.113665682896246,0.490961172388004,0.32366735035073,0.230676685490922,0.473435083981673,0.622660415126239,0.0748337630553093,0.302251395062091,0.109693526293137
"1051",4395,0.00800077823366348,0.0791195584010167,0.395550009786228,0.25240841495611,0.230787771399387,0.465504646794033,0.488586306959119,0.0745400650417853,0.316070947047909,0.109475617436154
"1052",4423,0.0113523322243127,0,0.385895140833203,0.249030147664804,0.221043667670445,0.372261839813153,0.821741667415539,0.0859978480288993,0.437400539077843,0.171565086243835
"1053",4438,0.113961946993985,0.231753390739774,0.50276220525155,0.372274900276456,0.235101481952963,0.54151350969986,0.695838781596116,0.10397941383082,0.265502913012948,0.261688450480783
"1054",4440,0.0207635104334939,0.0415528817560006,0.402646286178792,0.26579228615152,0.227832298730542,0.407560647010149,0.698730227081663,0.115772230595307,0.315843601696093,0.275955506997167
"1055",6753,0.037882371373359,0,0.617219929726533,0.389898249523187,0.0928113756498109,0.577094366239055,0.532250967465017,0.639713773720583,0.0916375506483879,0.695592748990158
"1056",6779,0.0209534421444177,0.113665682896246,0.504739632523169,0.136836541364357,0.00279070741030443,0.11656173569741,0.811057968845388,0.395265820847266,0.145764940677586,0.339939000427629
"1057",6795,0.000368124420432499,0,0.649473430221115,0.32677862983407,0.191325766855911,0.511948119202481,0.784995240055768,0.603040850446945,0.114258105225795,0.496840587915385
"1058",6811,2.56165635769688e-05,0.0415528817560006,0.579930642275096,0.317413729756323,0.193785993971157,0.48128660545668,0.749587252174557,0.396478214843578,0.125982626768206,0.843410284429913
"1059",6812,0.024890448254346,0,0.628950299894732,0.421431582981392,0.193883801583806,0.570092550247869,0.525429743955378,0.405657655295699,0.0938469282856041,0.812132574924146
"1060",6821,0.000461027847396723,0,0.683870807924646,0.235383274725833,0.274393287186298,0.344550293889333,0.884424051446713,0.393794503567866,0.0719487722596202,0.480390065551266
"1061",6822,0.0820997341358068,0.0415528817560006,0.654979652636354,0.242233789603467,0.279712682700913,0.372261839813153,0.851804451453671,0.363602378845509,0.0972077924613133,0.418414380835642
"1062",6823,0.000822012429126852,0,0.724959569017993,0.269106685835661,0.279712891158727,0.39013196448978,0.842517950403887,0.31292127649434,0.108342382687826,0.353292819763925
"1063",6831,0.163886371365723,0.204585080501487,0.627537415625756,0.424250919804718,0.396185571897506,0.570092550247869,0.659616607716976,0.333446827785415,0.0957482103720474,0.786531047661195
"1064",6837,0.000147720529522235,0,0.735062038243011,0.452035609718479,0.277894293945676,0.682465403755675,0.278753065379225,0.412950065125104,0.102987469571451,0.486722255165166
"1065",6838,0.189184115080201,0.306567981894736,0.757877055748324,0.39859530620902,0.277832956022661,0.59093577701279,0.627513740832044,0.431357046792297,0.135892549876177,0.467048645290667
"1066",6839,0.00326120189683782,0.0415528817560006,0.715879534149891,0.26579228615152,0.279648311064971,0.353914927349012,0.889951401943462,0.37495871366558,0.107274518391699,0.568350293666622
"1067",6841,0.0991385800877726,0.0791195584010167,0.664105779495852,0.231937299417308,0.27981183003385,0.39013196448978,0.841391491517549,0.335879927584924,0.102938115819813,0.384348154932009
"1068",6842,0.0669904192207156,0,0.693285599218424,0.259125893409127,0.27981183003385,0.39013196448978,0.854455611003234,0.296495267930767,0.112964937579164,0.345703471206972
"1069",6846,0.000115726162690945,0,0.589136050914199,0.132938175899834,0.00274565529745247,0.10190710872838,0.779886809714916,0.243849747921201,0.133281077481982,0.350270621799822
"1070",6849,0.000130551386208283,0,0.361404234959385,0.0589366070117839,0.000803274868210652,0.0372542875843322,0.803505653234253,0.276519306728615,0.125980910902543,0.150483346354351
"1071",6850,0.0220906102234367,0,0.365662204051907,0.067553880951263,0.000803274868210652,0.0372542875843322,0.804138895381804,0.280698924504596,0.108891712021914,0.227751096606792
"1072",6855,0.000155078446392504,0,0.609281439793664,0.345235178440657,0.393954403877276,0.457492865403419,0.827099326733494,0.270302103943614,0.0763536740405698,0.788606920669093
"1073",6856,0.0953012950586052,0.0415528817560006,0.631034494352045,0.39859530620902,0.437208608902888,0.570092550247869,0.657489868528456,0.268769961868366,0.0689492364739981,0.757022245667241
"1074",6857,0.000155078446392504,0,0.592406957543999,0.386982497023383,0.414829393962987,0.624648299869364,0.731295719423611,0.262541027616935,0.0553027907076114,0.757239609820868
"1075",6859,0.00339359199716738,0,0.423488344391423,0.342183737152174,0.40840273390503,0.631246778642231,0.552397447295564,0.305896303968164,0.0911297458333996,0.745771091434505
"1076",6862,0.156757390521751,0.204585080501487,0.849225822356345,0.536459688521407,0.27859244260397,0.682465403755675,0.712717880747085,0.415696228668562,0.177407246032146,0.637866864226808
"1077",6863,0.193746768950342,0.282610470971695,0.813335956136632,0.41007688457221,0.191857601478355,0.489061521226215,0.808843329768156,0.398482622207833,0.225977840695735,0.544145285782821
"1078",6864,0.00259525013552646,0,0.813335956136632,0.404352221584663,0.388140915224386,0.465504646794033,0.75162854527167,0.36478713921609,0.372778194694663,0.461076578962687
"1079",6867,0.066095654455136,0.113665682896246,0.66796345828917,0.311117995811178,0.279927708478559,0.398899447905632,0.878402710435825,0.381217595339782,0.125464806161454,0.530203430851253
"1080",6868,0.0565301429243656,0,0.582560117849632,0.231937299417308,0.279991591009807,0.441214910679389,0.818948881061039,0.344793561609782,0.0881786902060772,0.450717719019839
"1081",6869,0.0991385800877726,0.0791195584010167,0.658910488347832,0.275698589326534,0.280000297398672,0.465504646794033,0.843143335589715,0.295870024587288,0.114727941743312,0.369729028266456
"1082",6871,0.000369040512882706,0,0.273812049885144,0.0233097370285259,0.00245323194953502,0.0709347380411515,0.874935187999052,0.200590405593698,0.176099224626085,0.245498641039318
"1083",6877,0.0420053115947345,0.145820431566465,0.365662204051907,0.076064095539303,0.00162569717472626,0.054477840539046,0.746352689658251,0.231403533483743,0.180588135610931,0.217625664728203
"1084",6878,0.0416445237261653,0.0791195584010167,0.359968685663562,0.0502081286412943,0.00162569717472626,0.054477840539046,0.856269058650634,0.205817266203611,0.15155410624039,0.233827477299964
"1085",6880,0.0573786015016177,0.0415528817560006,0.238359981515251,0.0368971532935708,0,0,0.874961716060355,0.210662678744061,0.183790508326476,0.181065548217414
"1086",6885,0.139760696336756,0.145820431566465,0.612767603992681,0.407218550771515,0.394809283892327,0.489061521226215,0.659512872273543,0.179565050608832,0.0955265228705433,0.794957114410761
"1087",6889,0.274825010746073,0.373710818176806,0.852063450665083,0.515943353877601,0.285441727707978,0.688684085684076,0.590007701313027,0.378641550141843,0.255589372080275,0.5805337836062
"1088",6890,0.101790325165884,0.0415528817560006,0.847085548163411,0.49768197890589,0.285361613751563,0.644307673802989,0.827674664502194,0.400871796271481,0.217428453440829,0.572912944010436
"1089",6891,0.202633512096643,0.231753390739774,0.819419954276851,0.429866825974048,0.388321931423932,0.548746860715935,0.850314651795071,0.378956884895797,0.305168641859971,0.417517384544675
"1090",6892,0.114380603529094,0.113665682896246,0.817436575785195,0.41007688457221,0.391508830079612,0.548746860715935,0.875238736875268,0.382401125197841,0.277993492138157,0.335951832268532
"1091",6893,0.0032900751956595,0,0.799080183106139,0.395704582193589,0.391508830079612,0.555920180808876,0.881255265904885,0.38990162354019,0.246182383045052,0.357857176858929
"1092",6895,0.0151804357737043,0.0415528817560006,0.640931177186896,0.269106685835661,0.539560289598796,0.48128660545668,0.789322076397991,0.320712614114278,0.124546046469509,0.381469508057311
"1093",6896,0.111486399879583,0.113665682896246,0.760204942957678,0.342183737152174,0.279236706552102,0.465504646794033,0.852210334892529,0.275924132940862,0.150069234593658,0.347161421035786
"1094",6899,0.0018525226872899,0,0.276405648039945,0.0458008180678043,0.00245323194953502,0.0709347380411515,0.795648568925879,0.182369388637749,0.178519714301761,0.28772564780488
"1095",6908,0.0284083015628138,0.0791195584010167,0.252568219068456,0.041364026169985,0,0,0.813749699590046,0.202081580166999,0.142434724636881,0.256512905760852
"1096",6909,0.022048848590679,0,0.240492070434203,0.0458008180678043,0,0,0.847903430338507,0.207129020252819,0.212734860914896,0.179817748809853
"1097",6914,0.000193198289947323,0.0415528817560006,0.657358863173522,0.412927289523198,0.549711886952241,0.511948119202481,0.769763593227827,0.149110698653043,0.124868389674615,0.795559317006092
"1098",6918,0.035365637131412,0.0791195584010167,0.843667386859169,0.538998639478155,0.543810371612354,0.682465403755675,0.70829782189365,0.348354737965886,0.208191918804794,0.629879967942817
"1099",6919,0.09728220612869,0.257712384106153,0.813089715870006,0.479116546891161,0.545140184780969,0.657193231076691,0.722926854546833,0.338069027814856,0.261830969814717,0.4811903988867
"1100",6920,0.158517865476588,0.113665682896246,0.789689989212997,0.492409258562955,0.545140184780969,0.663572424808024,0.638220651754384,0.329112961833199,0.197283905522379,0.460908025164505
"1101",6921,0.0210660351453938,0.176020831779429,0.708372509691413,0.48976348272629,0.544415634711881,0.669910327957927,0.580872889936051,0.323626053941953,0.248174748151367,0.429898966124316
"1102",6922,0.121469290813772,0.176020831779429,0.675010685897481,0.351309228000393,0.391508830079612,0.584041690904968,0.782752185712885,0.333088142518239,0.271941497835117,0.427673448010937
"1103",6923,0.111376579683461,0.145820431566465,0.688555074061171,0.336051560214472,0.539560289598796,0.54151350969986,0.778862376879418,0.31091824311482,0.178593256103433,0.349752235075424
"1104",6924,0.188736327414268,0.306567981894736,0.799929917419638,0.395704582193589,0.542713404553006,0.489061521226215,0.779916735238522,0.269739451168748,0.261796992477104,0.321429119145001
"1105",6930,0.015078425125478,0.0415528817560006,0.647126438563216,0.389898249523187,0.282409047215742,0.54151350969986,0.587294502425242,0.189803438200973,0.0646006957280593,0.688247662519185
"1106",6931,0.0182940341180337,0.0791195584010167,0.706314690553345,0.395704582193589,0.539365673966671,0.563034940247751,0.774816153770939,0.266100198337155,0.0465342668827068,0.77672977033244
"1107",6933,0.0435743718010623,0.113665682896246,0.767709770548342,0.452035609718479,0.536392309681752,0.637799591556079,0.715122245962599,0.214889019884579,0.169602244010709,0.712550783228636
"1108",6934,0.0453190246953183,0.0415528817560006,0.6674047190592,0.438234673639348,0.533271064860699,0.688684085684076,0.554257470190978,0.243532724802122,0.191459592447269,0.565958719886958
"1109",6935,0.0827193197185135,0.145820431566465,0.707629236835951,0.45477448164475,0.531291344029967,0.663572424808024,0.731416335585679,0.300177068133334,0.353847146127408,0.379808689166143
"1110",6936,0.0750211392329315,0.113665682896246,0.804855794710832,0.460231344407767,0.535752375742907,0.611310437077231,0.749632477924814,0.304860697136591,0.32807342154164,0.355401827202054
"1111",6937,0.164284127652724,0.204585080501487,0.803513717902081,0.435452780003102,0.534424101868754,0.570092550247869,0.81533093466081,0.2846435597806,0.346251669315044,0.359318409094601
"1112",6938,0.0392610380720172,0.0791195584010167,0.797719999891794,0.386982497023383,0.394860598093956,0.489061521226215,0.846038349599819,0.273368849783279,0.27150309443293,0.280263883014136
"1113",6939,0.112878132081202,0.113665682896246,0.812416701250455,0.401477829539377,0.253255315787682,0.449397184149606,0.806657684789778,0.238001208842071,0.256895642707787,0.391814984511184
"1114",6940,0.00250762822868752,0,0.829604449405784,0.389898249523187,0.253255772266446,0.449397184149606,0.829072308104389,0.184380032119684,0.340040085891804,0.332286191530516
"1115",6944,0.017358322794394,0,0.769442317165584,0.421431582981392,0.532434188150641,0.555920180808876,0.859905595411407,0.123295889132395,0.282124899442809,0.65914884217181
"1116",6945,0.195468256701577,0.204585080501487,0.768218390618022,0.452035609718479,0.536541301998156,0.650771929084552,0.443130823438152,0.147671534710437,0.267786231443651,0.544821032197789
"1117",6946,0.203787239981368,0.306567981894736,0.804387811137585,0.449289705993879,0.533271064860699,0.637799591556079,0.392200321784422,0.22159667540021,0.238600514693179,0.472977407004751
"1118",6947,0.182490290124256,0.204585080501487,0.819442022767788,0.49504874239707,0.536392309681752,0.644307673802989,0.61702238536687,0.268103674210065,0.227524131918199,0.475079213003395
"1119",6948,0.168275241129056,0.0791195584010167,0.819488541396041,0.508153326995067,0.536392309681752,0.637799591556079,0.68628064160703,0.268273999085396,0.200998384753738,0.380212454309853
"1120",6949,0.174416944122016,0.176020831779429,0.808593437643847,0.49768197890589,0.59861936952165,0.604569010688612,0.669278326414871,0.265759149564672,0.164022386412782,0.333840473872514
"1121",6951,0.150941014325688,0.113665682896246,0.840616972039446,0.443776584682865,0.253964475581098,0.489061521226215,0.746740874430297,0.18035902611346,0.297422804940734,0.304212094031049
"1122",6952,0.0126699751636316,0,0.858474791944031,0.438234673639348,0.253146822443214,0.432943205486478,0.868732639284318,0.133212356069788,0.426885946472655,0.300684342789724
"1123",6957,0.0657985563511291,0.113665682896246,0.73952409242692,0.41007688457221,0.532553013119672,0.604569010688612,0.638568726722943,0.172566856028265,0.12800174754661,0.657797788871421
"1124",6958,0.00178511225630761,0.0415528817560006,0.627221963503519,0.369307076424377,0.528467528969488,0.611310437077231,0.609749712512928,0.181206426399498,0.131452381806995,0.608799206930166
"1125",6959,0.0981651030039961,0.113665682896246,0.475840867851286,0.32677862983407,0.608870254485635,0.59093577701279,0.615514306997122,0.197621944102716,0.109631616535458,0.552856530863064
"1126",6960,0.265757999804518,0.373710818176806,0.654847700654813,0.435452780003102,0.486156479565922,0.584041690904968,0.690591493162625,0.196267035471021,0.113749793866263,0.459612439871842
"1127",6961,0.0340059582088316,0.0415528817560006,0.71269699429561,0.378184009649366,0.255524683628544,0.519437606777876,0.753616286840379,0.160633407176988,0.270084702905956,0.36943525381347
"1128",6962,0.025325042542398,0.0415528817560006,0.82239567460269,0.429866825974048,0.253291427209875,0.424579070399208,0.844586880419398,0.121062130958947,0.385174856701859,0.334290050213572
"1129",6966,0.0710446791642194,0.113665682896246,0.680330824880189,0.2822421985329,0.200861376761131,0.489061521226215,0.80059669255937,0.101627451215758,0.186490749232368,0.666264968488101
"1130",6967,0.205305449715221,0.204585080501487,0.669291524381859,0.301593537653982,0.274139222309339,0.519437606777876,0.873511454712359,0.107819050184875,0.169165103936616,0.686606612194624
"1131",6968,0.00610981197416964,0.0791195584010167,0.777670245091359,0.404352221584663,0.591733016033479,0.584041690904968,0.903384174574575,0.141957081209611,0.156427067393438,0.673503688025512
"1132",6969,0.109905799025848,0.204585080501487,0.735522611236807,0.471063008232239,0.486156479565922,0.597777830050658,0.697326646351081,0.151592527477438,0.126246165267399,0.546231335837731
"1133",6970,0.0894952873113263,0.0791195584010167,0.690473166407511,0.412927289523198,0.486156479565922,0.584041690904968,0.772998707566639,0.133250643472739,0.295335691167662,0.414536758283474
"1134",6971,0.00248249131122263,0,0.830049062248399,0.401477829539377,0.253855767075602,0.424579070399208,0.857587710994292,0.102404165278727,0.286243120028986,0.394162909600303
"1135",6974,0.0115238675331155,0.0791195584010167,0.632733751175871,0.218011283431086,0.214221974498647,0.465504646794033,0.969852955895219,0.116268780450753,0.202009564920505,0.68974046471984
"1136",6975,0.126813012749402,0.176020831779429,0.760233146700185,0.363344488889504,0.48353634903683,0.584041690904968,0.877227109853092,0.136326588547762,0.118127691239827,0.632306159254817
"1137",6976,0.367171464375775,0.473569219876605,0.775596890520993,0.45477448164475,0.486156479565922,0.570092550247869,0.796815568847808,0.11437166320856,0.223790731746618,0.468517969460231
"1138",6977,0.118612835320815,0.113665682896246,0.830049062248399,0.372274900276456,0.255273781101302,0.48128660545668,0.860666713872563,0.0843290619312574,0.342040635198349,0.417631104877119
"1139",6982,0.242085357754689,0.231753390739774,0.617819559596906,0.231937299417308,0.256704190642849,0.496762030752622,0.890064567697033,0.112099479890511,0.138398325259299,0.637418797369974
"1140",6983,0.294887487349488,0.231753390739774,0.765282683830089,0.424250919804718,0.258147534918066,0.548746860715935,0.86097900417247,0.101961695785618,0.198293984446836,0.477251995118661
"1141",6984,0.217919267907142,0.257712384106153,0.822030217010881,0.378184009649366,0.258188438599963,0.511948119202481,0.843127632984711,0.0711513266947479,0.429220591621237,0.361006383217194
"1142",6988,0.0055979846463864,0,0.632334760231896,0.242233789603467,0.2206694148814,0.473435083981673,0.882412514917157,0.0938708657793735,0.193884140793897,0.633240554272011
"1143",6989,0.331305174344324,0.628000850738346,0.873203860528998,0.605559631453627,0.50020587091682,0.657193231076691,0.813995346893566,0.100287511133909,0.282681264261632,0.441883961290321
"1144",6990,0.374508825476158,0.595859525062267,0.906241865299173,0.551610689252489,0.624656392043299,0.650771929084552,0.845483338612373,0.064412911072729,0.493427666141705,0.238411617860679
"1145",6995,0.388457384101713,0.545491992483284,0.827180351133587,0.566567836597105,0.591845928665656,0.624648299869364,0.834030004083061,0.105779042430403,0.271177056006296,0.569605682964996
"1146",6996,0.500965855230104,0.880104158897146,0.939280262789174,0.636347938202246,0.630224870620957,0.694864497710254,0.531379506294521,0.0641125808400573,0.430805623235348,0.324748133909419
"1147",6997,0.293375162825486,0.67432733903765,0.903436601713118,0.536459688521407,0.626772602310445,0.611310437077231,0.721378426136282,0.0520220508172766,0.406860226160989,0.147755072440367
"1148",6998,0.221005408879605,0.282610470971695,0.768399869224851,0.460231344407767,0.256983278222638,0.534218594919176,0.852401838773853,0.0239820271181559,0.386619167125023,0.372292141567224
"1149",7002,0.315761834120156,0.659121031693805,0.83408505603694,0.518528158785594,0.630260526008096,0.624648299869364,0.768122531504796,0.0942812666610457,0.478423050996755,0.413327662486562
"1150",7003,0.344927676960492,0.775041590701095,0.925592073286567,0.624596600542168,0.630260526008096,0.624648299869364,0.590312402848852,0.0789721756525871,0.418269123904026,0.2965214587348
"1151",7004,0.0965701227394976,0.43514742707086,0.867966477564717,0.536459688521407,0.613682920769123,0.577094366239055,0.66552245920969,0.0773907317792257,0.326222731690796,0.301923611886673
"1152",7005,0.267414274887518,0.643682526691789,0.865625023694925,0.564088127146786,0.489888748668195,0.548746860715935,0.794615005223191,0.0566667362820943,0.380349965211285,0.283093675464386
"1153",7006,0.294966977076127,0.612064138005298,0.89611181954625,0.554116807488609,0.257061418405398,0.54151350969986,0.859670928950115,0.029256543628712,0.28262867231466,0.405365296928361
"1154",7007,0.116062483661213,0.373710818176806,0.728621663484546,0.49504874239707,0.256953193678654,0.555920180808876,0.83707144419074,0.0251043996144128,0.352441461321437,0.375128082795415
"1155",7008,0.00631861508643911,0.0791195584010167,0.694769746516264,0.473754125156117,0.256953265801631,0.611310437077231,0.776533925189471,0.0237174346384047,0.440359090861808,0.287513457914053
"1156",7009,0.0422558276450948,0.176020831779429,0.764906160915827,0.372274900276456,0.481601841510712,0.457492865403419,0.854752226000066,0.120811786773612,0.681958116642489,0.369869809363664
"1157",7010,0.176222805011819,0.352041663558859,0.855537881509792,0.412927289523198,0.510334224151771,0.534218594919176,0.880813543769822,0.118129091976681,0.380887423034472,0.394546310014288
"1158",7011,0.0850473818956664,0.145820431566465,0.840150627726183,0.49768197890589,0.610724346172803,0.548746860715935,0.801234077509446,0.126665509868371,0.251974284230175,0.464537903109523
"1159",7012,0.10035519528111,0.176020831779429,0.819508779897122,0.460231344407767,0.489888748668195,0.54151350969986,0.845553425626482,0.0934732273611127,0.208486797464259,0.455111685513489
"1160",7014,0.148282246191551,0.473569219876605,0.747799980743306,0.5288090949015,0.256953265801631,0.611310437077231,0.80025540368728,0.0359938215698707,0.382369200308959,0.323611354005196
"1161",7015,0.0534407588561491,0.231753390739774,0.696309288432403,0.515943353877601,0.256955522665917,0.637799591556079,0.736597911088804,0.0311968483947556,0.413270423191823,0.301410811566202
"1162",7016,0.0886344419824687,0.113665682896246,0.757589355745074,0.2822421985329,0.255263681330547,0.473435083981673,0.866242551762171,0.151440185806344,0.327142843757249,0.452037668743271
"1163",7017,0.253687491244761,0.306567981894736,0.776871953896695,0.317413729756323,0.257024905118482,0.489061521226215,0.818392172023579,0.0847615368974338,0.239440783084888,0.486886889204302
"1164",7018,0.0533114126822222,0.176020831779429,0.743532041434069,0.479116546891161,0.256953265801631,0.604569010688612,0.732971980530143,0.0325251366168253,0.381380100687889,0.331387643421183
"1165",9215,0.000334184151529981,0,0.776390387999023,0.523680204650502,0.662115225379459,0.519437606777876,0.927468145799476,0.191416223578029,0.122990490895626,1
"1166",9216,0.00390566837094899,0.0415528817560006,0.685248464956425,0.484452873651962,0.720357925309438,0.577094366239055,0.975101327087112,0.314927049087268,0.113443172048242,0.939014262456523
"1167",9217,0.0032243141784997,0.0415528817560006,0.430903198027529,0.46294944070625,0.727116040986144,0.611310437077231,1,0.408752369442727,0.107306513687156,0.903123688682765
"1168",9269,0.00389699843235307,0,0.664477411177463,0.452035609718479,0.701182887205091,0.54151350969986,0.937815618218779,0.221541361213063,0.209900290454312,0.912869683125331
"1169",9270,0.00135678535666326,0,0.488753505352412,0.421431582981392,0.701182887205091,0.563034940247751,0.925285701466655,0.359871340569786,0.195956043961349,0.8268520661325
"1170",9271,0.0147437076688492,0.0415528817560006,0.314498810282995,0.386982497023383,0.714287221156132,0.6180031869969,0.820619265830422,0.419296534347152,0.155594327027841,0.76478814558644
"1171",9327,0.00756903644057588,0.0415528817560006,0.661435620761302,0.386982497023383,0.484592248807034,0.48128660545668,0.918483469108364,0.163230185502111,0.291528861185394,0.883798005880392
"1172",9329,0.052471720922101,0.231753390739774,0.0773775574906282,0.39280558710022,0.735054907707048,0.604569010688612,0.791173272364715,0.377234546884438,0.196119699376857,0.701650552847393
"1173",9330,0.00313626141871882,0.0415528817560006,0.29500436482846,0.41007688457221,0.749042607968098,0.624648299869364,0.813516239317596,0.42554858347511,0.159142489006049,0.676540097903661
"1174",9331,0.00241967452077022,0.0415528817560006,0.352364320600988,0.438234673639348,0.743856402922988,0.631246778642231,0.897856996480905,0.445603303101912,0.148264808421693,0.684613096331494
"1175",9336,2.42487744076334e-05,0,0.376163341123965,0.395704582193589,0.728355793702507,0.637799591556079,0.924196086787383,0.39586674224481,0.0873054824759749,0.703595781651223
"1176",9341,0.00119648411631686,0.0415528817560006,0.573108613082255,0.484452873651962,0.746979558451207,0.694864497710254,0.952490505654316,0.397697526071391,0.0814928538972813,0.718897749190501
"1177",9388,0.103970329814494,0.145820431566465,0.822866474788546,0.481787948348224,0.669783558818701,0.6180031869969,0.851865029975993,0.330310992054183,0.284835246454101,0.683659057852574
"1178",9389,0.045149888759329,0.145820431566465,0.58738362077934,0.476438621836075,0.753031858880899,0.663572424808024,0.844968414319295,0.372560058565855,0.223398806788605,0.603095145172484
"1179",9390,0.0026012844999011,0,0.386204243224994,0.460231344407767,0.753032148828205,0.682465403755675,0.851383227046446,0.362462036004869,0.179534419957408,0.589051501194132
"1180",9395,0.0053107366256345,0.0791195584010167,0.644417011465526,0.476438621836075,0.761982453567774,0.682465403755675,0.932354998319154,0.371868592438698,0.0879031286606147,0.585083331679993
"1181",9445,0.181544291123064,0.257712384106153,0.953983639604897,0.521107095782326,0.669783993712801,0.59093577701279,0.869428412434349,0.258238372529083,0.371130737168376,0.664968064032205
"1182",9446,0.300080888558942,0.492124590248654,0.737479045131022,0.5288090949015,0.669783993712801,0.631246778642231,0.807941313068285,0.299028855706354,0.30510177737483,0.54136380635155
"1183",9447,0.012751425107051,0,0.58118674125157,0.521107095782326,0.752679928342149,0.701007337798098,0.786419537266977,0.273687464100356,0.265462264737522,0.489680522409169
"1184",9448,0.229110590926336,0.329684086508448,0.611653575182408,0.515943353877601,0.752679928342149,0.743009641395228,0.729156525705364,0.257069501491387,0.240177499014757,0.496822985959149
"1185",9451,0.00273510541416458,0,0.506424337912066,0.473754125156117,0.764349108715114,0.663572424808024,0.8652520388585,0.320111809485399,0.0990360595251914,0.517199230944367
"1186",9452,0.00443292550248593,0.0791195584010167,0.565424693546153,0.505544643411184,0.764349108715114,0.713182990079099,0.894116562310306,0.333890916374295,0.0786278222435926,0.461867149496758
"1187",9453,0.0838759659553948,0.204585080501487,0.826256542658321,0.513352640820981,0.764349108715114,0.737111918454705,0.896945454256881,0.336058897175164,0.0742341822621673,0.471446251756393
"1188",9454,0.000270499345827048,0,0.608867380179858,0.481787948348224,0.762298756845407,0.73118096811729,0.921891104456105,0.339566829519462,0.0896001734896422,0.501771609537869
"1189",9457,0.0473121368302024,0.0791195584010167,0.560791027447142,0.465660716153662,0.752265034870919,0.688684085684076,0.860133562903832,0.318893922588944,0.118232851272416,0.564138703457153
"1190",9458,0.0473121368302024,0.145820431566465,0.436508894091263,0.432663517073457,0.752265034870919,0.676207732079935,0.883463855674767,0.331598483109183,0.0947501875189089,0.551513965335334
"1191",9502,0.24693582834966,0.352041663558859,0.951438895224198,0.476438621836075,0.659807988868294,0.504390230220781,0.845946085717983,0.19453223235102,0.397788050791253,0.654771925843896
"1192",9503,0.166919829342689,0.231753390739774,0.864867532754985,0.510755978916393,0.666315215234781,0.6180031869969,0.809763814606188,0.217384564674684,0.330785801581256,0.512721140996026
"1193",9504,0.0544853125765275,0.176020831779429,0.714568578931574,0.518528158785594,0.669783993712801,0.688684085684076,0.781092192210686,0.203472722178574,0.304325540780537,0.434759784754067
"1194",9505,0.318168749709187,0.473569219876605,0.707436755359456,0.546582266740115,0.679261249729907,0.783407889635221,0.765587125246023,0.195645089830829,0.237241880958949,0.425806628397564
"1195",9506,0.372555923917819,0.579373029351351,0.627261882075681,0.549099187285111,0.779485699431921,0.811377533284316,0.766654375693986,0.212584994766357,0.141007903868299,0.441406957034301
"1196",9509,0.0261362041543533,0.0791195584010167,0.612938077770351,0.510755978916393,0.764006170724531,0.707113282950276,0.872040866252849,0.27594498254559,0.078308033514714,0.414904684999757
"1197",9511,0.0453197798675204,0.176020831779429,0.599215701777054,0.476438621836075,0.76023171442727,0.748874689216131,0.892789373501773,0.285167033111399,0.0968708867653117,0.428976314035023
"1198",9512,0.000736277521025937,0,0.681106131985845,0.449289705993879,0.75267954119925,0.682465403755675,0.933814172755053,0.298543099322204,0.109371365091951,0.448559602913566
"1199",9513,0.0728436562656155,0.113665682896246,0.660183483875748,0.45477448164475,0.759120881738702,0.707113282950276,0.919841294337737,0.289654042028423,0.121975029083942,0.498279501424133
"1200",9514,0.042238340896751,0.145820431566465,0.608692599721546,0.45477448164475,0.759120881738702,0.694864497710254,0.857656999256974,0.279655950849472,0.104676192387532,0.478135849767577
"1201",9515,0.0477390386348203,0.0791195584010167,0.441577592646048,0.386982497023383,0.752265034870919,0.663572424808024,0.896311556618776,0.28548688623928,0.0873690594087897,0.476152122757619
"1202",9516,0.00548915765515602,0.0415528817560006,0.504741323138136,0.435452780003102,0.701020422167586,0.682465403755675,0.857826380812099,0.275305076113521,0.0933750551833439,0.478634187657942
"1203",9517,0.00261092042821652,0,0.657294851221047,0.46294944070625,0.701020422167586,0.644307673802989,0.820337696492045,0.277675606731541,0.111165119673641,0.473454040145168
"1204",9523,0.00226444009029474,0,0.623591439837032,0.50030901224043,0.603522382433514,0.597777830050658,0.846211278977005,0.360882245173925,0.126991078554265,0.635113889326071
"1205",9531,0.126534914096759,0.231753390739774,0.401234589883154,0.427062647040328,0.736802527510188,0.631246778642231,0.850422353743517,0.342873184331488,0.109842621129257,0.611354614477794
"1206",9559,0.200258866155044,0.329684086508448,0.945869729942834,0.460231344407767,0.663600768449919,0.511948119202481,0.8292703053795,0.158545572766031,0.377679127184979,0.542747606107447
"1207",9560,0.248799244744024,0.454587121959464,0.955772430859786,0.476438621836075,0.666315215234781,0.584041690904968,0.78428442550232,0.150147316100988,0.354910512322173,0.463468122589057
"1208",9561,0.305719637778038,0.492124590248654,0.704235552127649,0.46836522184292,0.677030524875745,0.688684085684076,0.801368205357651,0.1639694752403,0.245787241169617,0.436252067603849
"1209",9562,0.417993129646165,0.579373029351351,0.710040433799705,0.505544643411184,0.694969150728164,0.760508893523854,0.798482391990514,0.175155938478022,0.185486651879843,0.423059608250607
"1210",9563,0.248546723322273,0.415215354125646,0.679340693989986,0.533915138975453,0.755477666868807,0.748874689216131,0.850715724971333,0.20162867626127,0.119906690922003,0.383908664024309
"1211",9564,0.0283628469383541,0.145820431566465,0.765891539113129,0.533915138975453,0.76023171442727,0.725216222370434,0.867298881046089,0.218314287168309,0.0957540101810798,0.36924959615786
"1212",9566,0.00616542550057538,0,0.783251291460158,0.502929886034106,0.701665671196177,0.71921709683141,0.87255012127349,0.233728350177366,0.0988121861424595,0.396545679814766
"1213",9567,0.232689731576072,0.282610470971695,0.614343879941604,0.46836522184292,0.742069282491436,0.748874689216131,0.865811745210618,0.234414911849044,0.115643972283874,0.387254280352924
"1214",9568,0.352571476796013,0.329684086508448,0.820969079956622,0.492409258562955,0.716813492647412,0.748874689216131,0.88737928612766,0.239142767441072,0.11858031041694,0.378445452849421
"1215",9569,0.169915313111285,0.282610470971695,0.799024866934367,0.481787948348224,0.759120881738702,0.71921709683141,0.892498394076994,0.241358056165221,0.136015529665207,0.382387536755178
"1216",9570,0.134563591390715,0.257712384106153,0.706667518467041,0.479116546891161,0.759120881738702,0.682465403755675,0.863550691746484,0.239891613899839,0.109081068244365,0.384512148867059
"1217",9571,0.270179068329456,0.352041663558859,0.787167555568847,0.452035609718479,0.706389086905382,0.637799591556079,0.895882756963899,0.236509167446942,0.0859065015046393,0.425458433511072
"1218",9572,0.207555312404115,0.306567981894736,0.890510839045686,0.50030901224043,0.681487502910963,0.644307673802989,0.876934914265736,0.225091882417707,0.117102847202615,0.454242177478026
"1219",9573,0.150445413481552,0.282610470971695,0.903930849041285,0.49768197890589,0.68148822005099,0.604569010688612,0.837858921209061,0.222230361962813,0.15529611251887,0.43626070423845
"1220",9574,0.0200566811107988,0.0415528817560006,0.831238680754915,0.476438621836075,0.681487502910963,0.604569010688612,0.841992403790084,0.241787077820374,0.142760979216549,0.472383968247385
"1221",9575,0.0034938269112989,0.0791195584010167,0.723491494074469,0.481787948348224,0.676167199375648,0.534218594919176,0.885626775380784,0.271553489996117,0.134347652598018,0.525100906273427
"1222",9579,0.10053085826993,0.0791195584010167,0.624369616678928,0.549099187285111,0.757433519218757,0.637799591556079,0.657276290595199,0.308312224766055,0.200942914709749,0.5693517832317
"1223",9614,0.401516185628256,0.394751479129127,0.799538815418691,0.395704582193589,0.662852465147778,0.48128660545668,0.831308529093108,0.139306834626404,0.39690778798556,0.493384133103476
"1224",9615,0.0364915526003095,0.0791195584010167,0.95675579871561,0.418604574450696,0.694969150728164,0.570092550247869,0.806697540572924,0.145587423041798,0.299448450369704,0.40106803760779
"1225",9616,0.23050550122216,0.373710818176806,0.683612055638287,0.389898249523187,0.694969150728164,0.650771929084552,0.818982511367107,0.159777225513828,0.197911871323003,0.363709195061232
"1226",9617,0.171131746454192,0.282610470971695,0.789716804548598,0.435452780003102,0.694968802351228,0.657193231076691,0.834279505911679,0.171531310296772,0.145457422721299,0.338680767776784
"1227",9619,0.22832967213865,0.394751479129127,0.774697921009317,0.492409258562955,0.704695351183988,0.663572424808024,0.863374145257302,0.195868683079194,0.108000063802507,0.378816828137272
"1228",9620,0.185908737865395,0.329684086508448,0.775757087104164,0.432663517073457,0.684533335423775,0.650771929084552,0.856105759608465,0.198891581035753,0.12347084873834,0.380319062768208
"1229",9621,0.325603117429487,0.43514742707086,0.713302445495786,0.429866825974048,0.666314778084432,0.682465403755675,0.862329671059265,0.206026184312763,0.139606989040673,0.347721165045529
"1230",9622,0.433159771051876,0.67432733903765,0.869145344228658,0.515943353877601,0.655578347821115,0.71921709683141,0.859404255020544,0.208008096342193,0.141175651080197,0.328379421856272
"1231",9623,0.343003187952112,0.492124590248654,0.959614648513385,0.561603202727661,0.669783558818701,0.707113282950276,0.879008384542042,0.212755199433304,0.107617497975268,0.344266454867439
"1232",9624,0.00266025990008448,0.0415528817560006,0.813953248916948,0.508153326995067,0.676167199375648,0.631246778642231,0.905731723378651,0.223041050693509,0.0729066441005791,0.424420928424626
"1233",9625,0.279818088570997,0.282610470971695,0.818361694963065,0.452035609718479,0.681487502910963,0.54151350969986,0.901242060716827,0.219383806765423,0.0987067289591584,0.493816001051158
"1234",9627,0.0522469076952312,0.0791195584010167,0.811718661312721,0.427062647040328,0.678077756771289,0.54151350969986,0.878988317498229,0.203663124167678,0.211715646865162,0.439904341406399
"1235",9628,0.208949593201603,0.373710818176806,0.811718661312721,0.438234673639348,0.678077756771289,0.570092550247869,0.853443191659535,0.211419076849951,0.24509003949699,0.465944753266043
"1236",9629,0.138604053010073,0.0791195584010167,0.70790568674157,0.44653671603077,0.678077756771289,0.548746860715935,0.868057623819293,0.241948080025525,0.201481890789364,0.494490514088332
"1237",9630,2.75864660749981e-06,0,0.674790571729396,0.502929886034106,0.678077756771289,0.577094366239055,0.89159456488082,0.273150030242049,0.227436548363956,0.506176960282999
"1238",9631,0.137878056067577,0.373710818176806,0.7271250903981,0.581338386382683,0.672731947237282,0.59093577701279,0.816114833802831,0.294871470835535,0.303359871344404,0.525071757631647
"1239",9632,0.136803518176655,0.204585080501487,0.695870149018181,0.564088127146786,0.682751341064639,0.6180031869969,0.577927711610746,0.295836300438974,0.258226095550047,0.536941732311592
"1240",9633,0.292659327628672,0.306567981894736,0.708093239621673,0.538998639478155,0.676167199375648,0.611310437077231,0.678568463403348,0.289348130975445,0.202506391037262,0.525488475251149
"1241",9640,0.00308702760458859,0.0415528817560006,0.369570955733241,0.348276978452136,0.58895069977608,0.597777830050658,0.812687537178526,0.253385515590749,0.130597717441184,0.536177390149387
"1242",9641,0.130197417540974,0.204585080501487,0.279881032685831,0.32677862983407,0.58895069977608,0.611310437077231,0.803464556122239,0.233639246123897,0.142635877874982,0.52038638336053
"1243",9643,0.172849950049127,0.329684086508448,0.169166928955925,0.291969338790261,0.669785189749127,0.6180031869969,0.780339186750367,0.229013211363424,0.15622545336723,0.491841766214092
"1244",9668,0.30244775286524,0.43514742707086,0.823044908219636,0.345235178440657,0.674334592429202,0.48128660545668,0.82782606541971,0.137659010309716,0.36296586552579,0.344130414684419
"1245",9669,0.374892544767842,0.595859525062267,0.856089766574588,0.372274900276456,0.694969150728164,0.597777830050658,0.801889332101391,0.142622493962404,0.274394892108034,0.302155360469232
"1246",9670,0.27615969541408,0.562589407938659,0.854739630944345,0.389898249523187,0.694968802351228,0.624648299869364,0.820663219139351,0.154164796034751,0.15964183423369,0.315852523156981
"1247",9671,0.294419230555587,0.612064138005298,0.883365909108998,0.418604574450696,0.684533335423775,0.548746860715935,0.837024245964513,0.168400381005313,0.141783586592225,0.438505825628701
"1248",9672,0.392145757906301,0.71865125654098,0.885521798771094,0.449289705993879,0.684533335423775,0.577094366239055,0.864357278133319,0.185781492587466,0.149371605389046,0.504160072547963
"1249",9673,0.145313335106575,0.415215354125646,0.872815680293745,0.429866825974048,0.684533335423775,0.563034940247751,0.855069572646693,0.183763726255625,0.189925511907022,0.457036188563576
"1250",9674,0.367130382603166,0.528062495338288,0.820779434969466,0.427062647040328,0.684533335423775,0.577094366239055,0.858825355712503,0.18961247533136,0.188772882860983,0.383054679022751
"1251",9675,0.234778650179696,0.329684086508448,0.786968813453428,0.492409258562955,0.666314778084432,0.6180031869969,0.871817548005502,0.209563138712803,0.116645130216181,0.431333757804595
"1252",9676,0.260880569876294,0.329684086508448,0.837877389922409,0.502929886034106,0.655578347821115,0.611310437077231,0.898487281094007,0.220005526185977,0.0644976071733334,0.452703844588118
"1253",9681,0.175625149231131,0.415215354125646,0.869394021171783,0.473754125156117,0.678077756771289,0.548746860715935,0.840477138954236,0.210699232179042,0.307728353159785,0.452371266507557
"1254",9682,0.336409326351663,0.733023616676502,0.850223242364112,0.566567836597105,0.685998019899675,0.701007337798098,0.793503929043043,0.218506973060058,0.363756053056514,0.457562423692502
"1255",9683,0.293411551014332,0.306567981894736,0.798822626986389,0.571511741034727,0.680004081469407,0.663572424808024,0.588158525140899,0.244682476003025,0.22791625312834,0.487702659081498
"1256",9686,0.224811154676477,0.257712384106153,0.631273884824111,0.435452780003102,0.678567450461042,0.604569010688612,0.698761384486401,0.194932260535079,0.164854383091448,0.466371790985665
"1257",9692,0.00418654857664647,0.0415528817560006,0.320862487458864,0.363344488889504,0.708366438301661,0.597777830050658,0.800968107339198,0.197746565801422,0.154980861362724,0.444138934363675
"1258",9696,0.0500797832632943,0.0791195584010167,0.290529707417475,0.389898249523187,0.719272783713609,0.6180031869969,0.781234503222741,0.22578742233679,0.150823198279224,0.449114175683602
"1259",9718,0.0252130566114259,0.0791195584010167,0.654454295168574,0.32366735035073,0.692202610810998,0.473435083981673,0.840636130490189,0.14952599847037,0.290132495004089,0.308837591059952
"1260",9719,0.241982137689133,0.394751479129127,0.672103987411363,0.345235178440657,0.690565358171986,0.473435083981673,0.844475874149865,0.159674681010267,0.194437085028137,0.414402975429099
"1261",9720,0.0405757692173637,0.0791195584010167,0.766532701531697,0.32677862983407,0.680230986484267,0.457492865403419,0.859352972265562,0.169898331868152,0.153229544540136,0.620240152634064
"1262",9721,0.147892849451596,0.257712384106153,0.737299712847091,0.372274900276456,0.66476185050322,0.48128660545668,0.875029111331877,0.199961676919441,0.193509892980055,0.522142339101223
"1263",9724,0.217089690484376,0.0791195584010167,0.820701909721929,0.336051560214472,0.677819107201812,0.372261839813153,0.849406873099188,0.176225481616082,0.283378197291945,0.411247009060487
"1264",9725,0.232039819457559,0.257712384106153,0.924449185820093,0.424250919804718,0.677819107201812,0.504390230220781,0.849632676730072,0.181507855570839,0.31581950364299,0.429212733478201
"1265",9726,0.359655410658004,0.747208078580098,1,0.541532028638397,0.687761291192617,0.713182990079099,0.763649017773864,0.161549843937866,0.403278867951483,0.497462198077636
"1266",9727,0.219344662559941,0.43514742707086,0.922834889933671,0.536459688521407,0.686010233745219,0.676207732079935,0.743130750770911,0.17030520311768,0.287410881584782,0.487372406423421
"1267",9728,0.0876642368511856,0.113665682896246,0.79399205343012,0.473754125156117,0.978428697775387,0.682465403755675,0.742026908153818,0.165831645058008,0.173767562830026,0.458808917399939
"1268",9730,0.381290858227616,0.394751479129127,0.653805515335367,0.407218550771515,0.971652338237644,0.657193231076691,0.706540273768382,0.151562558560012,0.156344807407662,0.402964277170118
"1269",9740,0.0099876936194252,0.0791195584010167,0.5677130714566,0.432663517073457,0.690151896629727,0.663572424808024,0.748426504856694,0.179867398858702,0.167729079251658,0.3807056611626
"1270",9744,0.0550128846187145,0.0791195584010167,0.70118535367081,0.546582266740115,0.766199802125778,0.854739461866516,0.739342784417005,0.274980501244714,0.149912034943801,0.416988246166554
"1271",9761,0.112295634104224,0.145820431566465,0.0446108018962357,0,0.587340460830528,0.274853903724874,0.672014195192702,0.172719836852062,0.428047271684006,0.386403917766258
"1272",9762,0.29280366408541,0.612064138005298,0.986269588386995,0.473754125156117,0.687773473829209,0.669910327957927,0.776985100162476,0.160119103222643,0.402124653238954,0.484532853584303
"1273",9763,0.195654292463404,0.454587121959464,0.994153844794954,0.45750637551936,0.978428697775387,0.657193231076691,0.790598246965112,0.137707934482469,0.305961654889082,0.426448760929861
"1274",9764,0.383897466130487,0.612064138005298,0.766793702439666,0.452035609718479,0.980053712363774,0.688684085684076,0.669906211762374,0.124873610289007,0.18190913372606,0.420667800255755
"1275",9765,0.253139376919965,0.231753390739774,0.739041734289184,0.435452780003102,0.980053712363774,0.701007337798098,0.672729283399508,0.12058957647241,0.171636898375867,0.408524330852314
"1276",9766,0.235157883118769,0.257712384106153,0.588918866572633,0.386982497023383,0.978428697775387,0.688684085684076,0.675678208615088,0.124158497213188,0.166175028684865,0.367604317266343
"1277",9767,0.156443895403551,0.113665682896246,0.499272980239801,0.36633029979982,0.983815199616558,0.73118096811729,0.69994909451528,0.134681768204566,0.161586423428288,0.348484967418065
"1278",9770,0.203130051966511,0.415215354125646,0.590734391400002,0.421431582981392,0.981688183951029,0.73118096811729,0.791235843328802,0.168348795845271,0.155239597763382,0.270424904734302
"1279",9771,0.00824041552148727,0,0.52617342661005,0.384058256107257,0.691336017153122,0.637799591556079,0.797287279593109,0.163907565749722,0.175057519659266,0.286130084966816
"1280",9772,0.0521406008049075,0.113665682896246,0.63691333408557,0.360349560935654,0.697247204251576,0.657193231076691,0.77697258954791,0.154252644288345,0.176077362271739,0.291900436459701
"1281",9773,0.0104180702576657,0.113665682896246,0.626969497125221,0.357345431909233,0.704253874701296,0.657193231076691,0.756312208892873,0.138641752691381,0.173141003015611,0.315983692044985
"1282",9775,0.0658172842566241,0.0791195584010167,0.673940239074193,0.441009256084881,0.727410410966424,0.694864497710254,0.729065570848029,0.125107650969871,0.190593395314227,0.308608006095609
"1283",9776,0.24820317961072,0.352041663558859,0.688800607755741,0.481787948348224,0.747407755848021,0.701007337798098,0.725659000855569,0.139947510310201,0.176743023922662,0.305317988102234
"1284",9779,0.00414045605621184,0,0.770231187262693,0.607955425635519,0.760308867668105,0.844050992765686,0.726423295405161,0.229707091317154,0.183010173393323,0.323956385361158
"1285",9781,0.0424801808812207,0.0415528817560006,0.80128911466595,0.645670297520894,0.766199802125778,0.896551238084767,0.714621329156848,0.227229109466629,0.117325875065001,0.382310346833437
"1286",9782,0.000677498498275108,0,0.634272755269117,0.657227376553734,0.76619981274877,0.926987137047264,0.770380410263293,0.222111277491547,0.089182794216217,0.392581464532839
"1287",9798,0.576471922187281,1,0.912772195884422,0.424250919804718,0.978428697775387,0.637799591556079,0.73911582094391,0.122321281614041,0.308158853012585,0.375264939507214
"1288",9799,0.332362852069724,0.528062495338288,0.735175435205569,0.418604574450696,0.980053712363774,0.676207732079935,0.665534372915031,0.112099888176874,0.181085175839809,0.378481618756817
"1289",9800,0.390392700779975,0.643682526691789,0.673719212402972,0.404352221584663,0.980053712363774,0.694864497710254,0.675146039561185,0.110053635433285,0.167072402436509,0.367715067348261
"1290",9801,0.1476633851629,0.329684086508448,0.550389355428127,0.378184009649366,0.978428697775387,0.669910327957927,0.685988227488388,0.11233185029242,0.164304972218632,0.334046673523608
"1291",9802,0.198373433028695,0.257712384106153,0.550389355428127,0.357345431909233,0.975696489980432,0.676207732079935,0.698852803737609,0.118293464310213,0.154471130164056,0.309491101983575
"1292",9803,0.309361593365783,0.562589407938659,0.582623456733464,0.369307076424377,0.983815199616558,0.707113282950276,0.730704455238143,0.127096982322722,0.166276429949569,0.26318362641091
"1293",9806,0.00262313633384387,0.0415528817560006,0.539895267185394,0.291969338790261,0.705326141375447,0.682465403755675,0.776090967457296,0.137927606725818,0.182179139280914,0.237593817877391
"1294",9807,0.0447635832469856,0.0791195584010167,0.620695367006507,0.298396708267381,0.705326141375447,0.682465403755675,0.763994757060351,0.130257080024663,0.176449318290941,0.235336957298179
"1295",9808,0.0962474014839911,0.231753390739774,0.619528880121414,0.285496221179108,0.705326141375447,0.676207732079935,0.744755261042539,0.116829923375587,0.181092970250115,0.262936942535112
"1296",9811,0.191612372822621,0.145820431566465,0.695028738769985,0.429866825974048,0.760913419780589,0.71921709683141,0.708109835689083,0.113008899640877,0.189476449980403,0.254970726694887
"1297",9813,0.123608234871456,0.113665682896246,0.755483282941721,0.505544643411184,0.727629713017706,0.8223729246119,0.672989668368973,0.152193464480164,0.231178266649219,0.246145165711844
"1298",9833,0.43722031042135,0.733023616676502,0.712619474897369,0.401477829539377,0.978428697775387,0.577094366239055,0.71359231096192,0.111882519738368,0.31085867443562,0.382968417905817
"1299",9834,0.278705367944033,0.394751479129127,0.53727689386812,0.369307076424377,0.978428697775387,0.637799591556079,0.675985431820438,0.110037193433687,0.182115638580052,0.380662062766777
"1300",9835,0.066392652503909,0.0415528817560006,0.607745939524495,0.360349560935654,0.978428697775387,0.637799591556079,0.691673395060194,0.110779407470937,0.160237020527584,0.369601859396612
"1301",9836,0.360066017819699,0.394751479129127,0.617782662313168,0.357345431909233,0.980053712363774,0.663572424808024,0.698388878084833,0.110427567736533,0.16474797931669,0.312289423497198
"1302",9837,0.177741245067536,0.257712384106153,0.622319567070374,0.354332016482431,0.977320259024879,0.663572424808024,0.72140141827809,0.110254714128213,0.150896109710939,0.27392773999243
"1303",9838,0.272399933727723,0.528062495338288,0.646364720542243,0.345235178440657,0.983815199616558,0.669910327957927,0.748839791902902,0.112883368508163,0.170928921707571,0.243670453291219
"1304",9841,0.00786982099983599,0,0.551120754128261,0.242233789603467,0.693618351301854,0.644307673802989,0.775005047113214,0.112176579270336,0.184248703383361,0.195689873707986
"1305",9844,0.073909345143987,0.0415528817560006,0.618990040167898,0.2951886814771,0.773208525912114,0.669910327957927,0.745312278597104,0.0974433922740184,0.191696964062093,0.222962305235158
"1306",9849,0.187641425253809,0.204585080501487,0.802515727846424,0.544059892393605,0.786937875819928,0.8223729246119,0.619871439172994,0.127399588594383,0.202777018097633,0.176528378743745
"1307",9850,0.0181913842367668,0.0415528817560006,0.969065127685609,0.741853902559221,0.780265015253227,0.956695168728091,0.568352182077246,0.11927573132232,0.148241385474572,0.173440522359576
"1308",9851,0.183400131662286,0.306567981894736,0.977711700762888,0.775949380396132,0.734724458564308,0.951792188802569,0.665983212683116,0.140015278812281,0.105292036836448,0.263381833022777
"1309",9852,0.00331673876200177,0,0.850162060374278,0.68229128464252,0.731031334141682,0.89140397649988,0.705979010528415,0.185273092699102,0.12204322051699,0.283866539300243
"1310",9865,0.0495903056600129,0.204585080501487,0.74984667743443,0.36633029979982,0.967536006184854,0.465504646794033,0.82600850625607,0.127189281006953,0.393567386541644,0.416657439882049
"1311",9866,0.414571336312534,0.545491992483284,0.75746979602737,0.395704582193589,0.974023392506062,0.511948119202481,0.692957658803296,0.107348183345843,0.320103247152357,0.394568973231497
"1312",9867,0.334676157919797,0.528062495338288,0.679554328371358,0.381125452205201,0.974023392506062,0.570092550247869,0.68454861984117,0.107537716558514,0.193670445138752,0.400817601155783
"1313",9868,0.412749147851725,0.867466431771165,0.682879629365392,0.375233851650879,0.974023392506062,0.6180031869969,0.704839792234888,0.112082550092142,0.178272874173272,0.394250894680296
"1314",9869,0.114090994790463,0.204585080501487,0.670170628404209,0.36633029979982,0.97565572720776,0.657193231076691,0.707225971534925,0.111900182547008,0.17196755947947,0.329427407915299
"1315",9870,0.0666358891324378,0.0791195584010167,0.619076946320591,0.384058256107257,0.972944815654215,0.657193231076691,0.711246365142665,0.104973694650775,0.174536883069922,0.257596870877002
"1316",9872,0.0181080106389704,0,0.674072360244081,0.304779286076133,0.694285240605609,0.644307673802989,0.77327678979973,0.100126026062552,0.176208726804643,0.175024779067799
"1317",9875,0.0242024397112774,0,0.55193691520502,0.26579228615152,0.708869688718689,0.548746860715935,0.753728985133102,0.0913407024362197,0.218381227065024,0.141224577726017
"1318",9876,0.0206902582377784,0.0791195584010167,0.686549696706497,0.26579228615152,0.708869688718689,0.563034940247751,0.735555191740354,0.0874198503835553,0.219476368523115,0.148742031125809
"1319",9877,0.0552037649732699,0.176020831779429,0.623670591743672,0.262465402720173,0.716133540499594,0.604569010688612,0.723763805896657,0.0847700793289205,0.212377974318732,0.168159121685563
"1320",9878,0.347410204149833,0.71865125654098,0.625734599318394,0.275698589326534,0.716133540499594,0.657193231076691,0.73099969230063,0.0853168540132251,0.199435655180668,0.189037848465282
"1321",9879,0.192330558941599,0.306567981894736,0.70463642403026,0.304779286076133,0.764130052776686,0.676207732079935,0.714725300405059,0.0890049271530059,0.188061843822834,0.184513424938744
"1322",9881,0.000829404353417902,0,0.774954039652637,0.401477829539377,0.766092630249928,0.713182990079099,0.684225762691149,0.10547530675754,0.214480926570653,0.186700429469216
"1323",9882,0.252554804050336,0.415215354125646,0.937146175451849,0.586221626608085,0.790593761648482,0.849407484928242,0.643236357019568,0.102253563827068,0.174150868738209,0.158678105533888
"1324",9883,0.151595579536634,0.145820431566465,0.995946886748722,0.784343682268766,0.802321996951497,1,0.641615718756091,0.0762453841429505,0.139924083387189,0.185450790448938
"1325",9898,0.444175096224868,0.802204119831253,0.816879183166138,0.354332016482431,0.672802260288632,0.416119335883719,0.827815541988854,0.130850876827122,0.340422886131084,0.445768850125656
"1326",9899,0.431124833199982,0.828741972385719,0.756253991097738,0.39280558710022,0.672802260288632,0.441214910679389,0.778267744564256,0.108040063937918,0.26085456003175,0.440732338600465
"1327",9900,0.371371295583735,0.689311620735801,0.751890453918954,0.39280558710022,0.974023392506062,0.519437606777876,0.746507771789421,0.107300870591714,0.169803178821044,0.451810425048145
"1328",9901,0.422773426413054,0.815548445038407,0.756095057774874,0.384058256107257,0.974023392506062,0.584041690904968,0.713941645277064,0.113029922268766,0.184512744027592,0.409939123441292
"1329",9906,0.196641902514967,0.282610470971695,0.611993696240481,0.278976364435719,0.698970858560398,0.584041690904968,0.772051865074885,0.0798261488499863,0.197983235591893,0.143894429299949
"1330",9907,0.0479635275605799,0.0415528817560006,0.549514516539345,0.249030147664804,0.697593842993863,0.526860517167108,0.761030108468479,0.0756623783552491,0.232535592441816,0.109887680557957
"1331",9908,0.0830875274154381,0.145820431566465,0.502104306802163,0.235383274725833,0.697593842993863,0.526860517167108,0.749598260646116,0.0735567339515517,0.244372671875854,0.099067596771716
"1332",9911,0.0119239333289611,0.0791195584010167,0.630702501127376,0.255773613368179,0.711427593830473,0.577094366239055,0.721192781809615,0.0744571713336233,0.190786956503503,0.142388416141373
"1333",9912,0.246112231913108,0.373710818176806,0.626530050493678,0.269106685835661,0.774107720124486,0.669910327957927,0.712848832014968,0.0791589438178229,0.193811356686885,0.150873369847333
"1334",9916,0.014239331898742,0.0415528817560006,0.98182368371671,0.788522039697866,0.801930779990034,0.971292035100345,0.536875286159489,0.0531652287331741,0.100608702664296,0.210462370067569
"1335",9918,0.0277569583943644,0,0.817991178288294,0.62931042669283,0.731275758648926,0.827830971819262,0.598769080176072,0.0364528996011275,0.141853891515227,0.233820688136016
"1336",9919,0.00138930118873323,0,0.694913231931354,0.652617164333933,0.700969494675549,0.865331196770864,0.621756765493494,0.0621979085718425,0.135840514525386,0.24659696965942
"1337",9920,0.00211050298526358,0.0415528817560006,0.78146124970569,0.737531646692305,0.701040944170693,0.956695168728091,0.585773830820706,0.152542495639531,0.16316917766621,0.236396055683175
"1338",9929,0.153501452880708,0.282610470971695,0.815367443411577,0.369307076424377,0.672802260288632,0.39013196448978,0.815816439340093,0.148538994835723,0.233694054644171,0.479766997103744
"1339",9930,0.334888152502156,0.71865125654098,0.738428522200649,0.386982497023383,0.672802260288632,0.416119335883719,0.804187372496303,0.114925215418878,0.22163467284807,0.479263649780279
"1340",9931,0.351514019804472,0.747208078580098,0.633099891864623,0.375233851650879,0.672802260288632,0.457492865403419,0.727663875427658,0.11520054829317,0.184121876653118,0.460200251206641
"1341",9932,0.332338233780575,0.628000850738346,0.618543731378111,0.348276978452136,0.679373688960362,0.504390230220781,0.76111695818066,0.118936621919792,0.178008193702311,0.400769576268152
"1342",9933,0.149183001124457,0.0791195584010167,0.606462740645967,0.339122562324497,0.974023392506062,0.534218594919176,0.735746140818666,0.118357542165236,0.20769917266848,0.345832939283572
"1343",9936,0.0170696631180052,0,0.631913394052781,0.32677862983407,0.698970858560398,0.534218594919176,0.776259107987605,0.0768060763043621,0.166768836478977,0.192260859876503
"1344",9937,0.0773901352978916,0.145820431566465,0.608089278995039,0.285496221179108,0.698970858560398,0.534218594919176,0.768795652134142,0.0673747777145048,0.199808074079302,0.167893716450988
"1345",9939,0.00250189927466179,0,0.533903572422236,0.231937299417308,0.697593842993863,0.489061521226215,0.750391673551099,0.0586516091037253,0.246826434539009,0.114262784769084
"1346",9940,0.21852166938099,0.176020831779429,0.502104306802163,0.231937299417308,0.697593842993863,0.496762030752622,0.737140704341679,0.0583570540804262,0.252282969603039,0.104793758176263
"1347",9941,0.104030825460869,0.145820431566465,0.453621887364232,0.231937299417308,0.697593842993863,0.489061521226215,0.730785201555129,0.0592723140093434,0.224632705761651,0.11414561408031
"1348",9944,0.0967467932490925,0.0791195584010167,0.66228520808312,0.26579228615152,0.761726026923306,0.563034940247751,0.688097059073361,0.0714239183022014,0.228370756758182,0.143985991121463
"1349",9947,0.0446560583969773,0.176020831779429,0.902853997602202,0.763262243666104,0.7379071885473,0.971292035100345,0.579362956131137,0.0797015381930494,0.0831799872884197,0.215605075940015
"1350",9948,0.00988219084171134,0.0791195584010167,0.807848062997932,0.657227376553734,0.743545368184112,0.854739461866516,0.570783326311098,0.0834801696602953,0.108639818930444,0.289073277721418
"1351",9959,0.0757032912747029,0.145820431566465,0.805544213201644,0.375233851650879,0.672802260288632,0.353914927349012,0.815946440097655,0.17389308778942,0.197502932170936,0.477774403125443
"1352",9960,0.380344222319642,0.733023616676502,0.804937279157037,0.407218550771515,0.672802260288632,0.398899447905632,0.789008100523003,0.135108350432366,0.239817578358982,0.466585547692044
"1353",9961,0.441650010065,0.628000850738346,0.632401195115835,0.375233851650879,0.672802260288632,0.432943205486478,0.693265495979449,0.130774152016143,0.228480238914736,0.452451155377615
"1354",9962,0.286966395858372,0.394751479129127,0.559200667555269,0.342183737152174,0.672802260288632,0.432943205486478,0.702411620213813,0.125210260817174,0.185018891979729,0.410917688315337
"1355",9963,0.155084279492603,0.0415528817560006,0.599593324436562,0.39859530620902,0.672641158580214,0.48128660545668,0.73947996311745,0.119059184677699,0.229565996045804,0.360221614051354
"1356",9967,0.0809347434820338,0.113665682896246,0.566175997621284,0.278976364435719,0.697593842993863,0.457492865403419,0.775260791827883,0.0586528576863639,0.195661166697078,0.225043168432949
"1357",9970,0.0556976934322015,0.0415528817560006,0.540830922526196,0.245638658040702,0.697593842993863,0.457492865403419,0.733144275902014,0.0497225327550576,0.245313450862916,0.133643283818055
"1358",9975,0.000539255387490785,0,0.802481330190635,0.421431582981392,0.705165428386468,0.624648299869364,0.660240569068653,0.0515160892371472,0.289634104902425,0.160896724091622
"1359",9976,0.1607880770615,0.176020831779429,0.878419283045383,0.717908383573219,0.735647936061079,0.921966467923878,0.503795951840074,0.0634078067999114,0.188910975018054,0.187426846217337
"1360",9979,0.0114629580683463,0,0.564746302817262,0.571511741034727,0.680025985368029,0.737111918454705,0.629782043323397,0.0501494614104111,0.132354659904184,0.395300924852875
"1361",9986,0.000138773288880626,0,0.527476454475166,0.515943353877601,0.717956352026958,0.71921709683141,0.913394194452946,0.235539522685868,0.00320370813231861,0.430583345629223
"1362",9987,0.00218083493712476,0,0.445232170814477,0.438234673639348,0.717956352026958,0.650771929084552,0.907192435693993,0.215620171833742,0.0224818790538906,0.570859226637524
"1363",9988,0.104427370531674,0.257712384106153,0.816267013786388,0.372274900276456,0.672802260288632,0.353914927349012,0.813104051552041,0.200643766816702,0.204610987268983,0.490190502882852
"1364",9989,0.405052388260542,0.788703704721692,0.823602668016672,0.438234673639348,0.672802260288632,0.398899447905632,0.783805141610892,0.174316352312266,0.208000616752636,0.494691447338804
"1365",9990,0.319465329097383,0.67432733903765,0.659697892094699,0.418604574450696,0.672641158580214,0.416119335883719,0.770603129026106,0.150516707518698,0.171130560640548,0.496067016510439
"1366",9991,0.0541216892334248,0.145820431566465,0.600087477336662,0.339122562324497,0.672641158580214,0.407560647010149,0.691003389050121,0.131094357472292,0.175843577061308,0.470169079301653
"1367",9992,0.350439058110504,0.43514742707086,0.589959608113083,0.39859530620902,0.672641158580214,0.465504646794033,0.707545091912377,0.115215179860723,0.204523684698175,0.405458105411198
"1368",9993,0.0305590234107067,0.0415528817560006,0.587135250606063,0.354332016482431,0.666625567615678,0.48128660545668,0.709875716964098,0.0938738290021112,0.214740295444568,0.337947079439073
"1369",9994,0.167087935527644,0.204585080501487,0.614079092268027,0.412927289523198,0.695124121588562,0.54151350969986,0.762589246573121,0.0670755300968314,0.174471347750933,0.3099356551027
"1370",9996,0.0696403589079789,0.0791195584010167,0.553977234865983,0.262465402720173,0.693752656937283,0.432943205486478,0.775591346729401,0.0517891270289025,0.177614302649604,0.317547935013412
"1371",9998,0.024397288818229,0.113665682896246,0.541318240236963,0.242233789603467,0.693752656937283,0.416119335883719,0.738510605165728,0.0480216878364347,0.210573887006707,0.238698056247603
