"","ID","annon_fric","annon_sric_sqrt","brd_fric_sqrt","brd_sric_sqrt","mml_fric_sqrt","mml_sric_sqrt","annual_temp","temp_season","annual_prec","prec_season"
"1",10004,0.0283155677731596,0.204585080501487,0.356535441194686,0.25031945995179,0.945723874006364,0.542561124282565,0.665368139918146,0.0644154443786834,0.26886512206383,0.22338902453428
"2",10005,0.161743083081378,0.231753390739774,0.76575353337582,0.377721430031665,0.948415023931491,0.627079923289306,0.497676360402925,0.113369720048983,0.168470504861797,0.278285399654946
"3",10015,0.0410184505066237,0.231753390739774,0.344819927269852,0.238273338574488,0.558604804174184,0.09979986301953,0.89862720982912,0.2319562593912,0.0388774674718835,0.506205850261383
"4",10017,0.128650266012762,0.204585080501487,0.490811760450622,0.273616774899499,0.892355834210041,0.520139193232302,0.793894022717209,0.248416738954426,0.181577030065617,0.526310787239996
"5",10018,0.127486859979971,0.145820431566465,0.404596888268757,0.273616774899499,0.892355834210041,0.520139193232302,0.769521710346516,0.215771339955476,0.138924249899939,0.526161795684282
"6",10019,0.0416163788508444,0.145820431566465,0.404596888268757,0.262094778184694,0.888867559707659,0.497119028924538,0.775113098599595,0.169686347498778,0.138677534826812,0.520806343601388
"7",10020,0.111993119299183,0.145820431566465,0.402273894492309,0.25031945995179,0.888867559707659,0.497119028924538,0.719373279627641,0.135531822125014,0.168044155736315,0.480800368666197
"9",10031,0.00185990277080761,0,0.387649541686013,0.295961962292366,0.945723874006364,0.47345002819282,0.707982144832132,0.0945919880129214,0.19276141370941,0.314886299660974
"10",10033,0.000181086309023446,0,0.556613974268604,0.450305166020116,0.886847771664379,0.520139193232302,0.479392933661814,0.163319417843385,0.155896862996699,0.341719243787395
"11",10034,0.0001042603024035,0,0.492775180888133,0.358274099672593,0.886847771664379,0.370969683609364,0.499783868102757,0.205775138366152,0.114518419301811,0.419068403485549
"12",10042,0.0674797293613704,0.231753390739774,0.458892698276654,0.295961962292366,0.452428493534099,0.217092219868523,0.832236452200429,0.26060880254134,0.00632077734109248,0.458993945877635
"13",10043,0.0927375834772834,0.329684086508448,0.353155598767059,0.31746301471993,0.340343641246509,0.180920791056081,0.881105807061099,0.23595301703854,0.0541970118627144,0.4617560083757
"14",10044,0.169394028779514,0.329684086508448,0.442836092382207,0.358274099672593,0.892355834210041,0.497119028924538,0.798556086928823,0.285404028874125,0.129039397850355,0.535595261398086
"15",10045,0.278167179316688,0.352041663558859,0.442337078315188,0.348322440337609,0.888867559707659,0.520139193232302,0.76900677978433,0.223742515261073,0.125398837293341,0.517471182374206
"16",10046,0.00627629420343253,0.0415528817560006,0.378271112668826,0.238273338574488,0.59090493667103,0.42392360188735,0.764775632203653,0.160122323456516,0.127600116534865,0.516599681023311
"17",10047,0.254593254149271,0.329684086508448,0.415287770730618,0.295961962292366,0.5872077269428,0.397919898949678,0.766620850498569,0.106752754525786,0.151517330366479,0.485014823169288
"18",10050,0.0103026212976551,0,0.346105690580197,0.284901128075282,0.881813111751408,0.397919898949678,0.76153099258138,0.0515051858648011,0.158931639783306,0.373558794127302
"19",10060,0.000215822770769806,0.0415528817560006,0.484661854277379,0.327925416151371,0.886847771664379,0.370969683609364,0.584019348430247,0.256126246457717,0.116287564599027,0.478165515185486
"20",10067,0.0515497969672691,0.176020831779429,0.466910600712498,0.338208933560039,0.459206639872136,0.283197582328096,0.70575405681972,0.364477715715611,0.0273183894112791,0.449844542238766
"21",10068,0.243705504939584,0.510280780360892,0.539981264166958,0.547233549798998,0.459206639872136,0.251065168549109,0.823437522569641,0.305963499531052,0.048081384896756,0.380032942421776
"22",10072,0.215836840759968,0.352041663558859,0.413122291814594,0.284901128075282,0.885620047015013,0.449074024146648,0.778875127978915,0.28455624770546,0.111143872779458,0.530015942652578
"23",10074,0.2156226943906,0.306567981894736,0.39813796396028,0.31746301471993,0.5872077269428,0.42392360188735,0.743858834214885,0.108427335773101,0.130208989709831,0.515691832665144
"24",10077,0.158779497505588,0.176020831779429,0.356824798567172,0.225936824181398,0.580081341968345,0.370969683609364,0.732050946071756,0.0564176164776907,0.160351072763915,0.3543195538808
"25",10080,0.00506493362508085,0.0415528817560006,0.424127868512058,0.295961962292366,0.670169349037641,0.370969683609364,0.727033620689559,0.0952776897942371,0.163364277723823,0.306825080840136
"26",10087,0.00566648382573703,0.113665682896246,0.5925512531366,0.262094778184694,0.876930736098431,0.313759680941193,0.678004773040615,0.292022478162102,0.0901787783288495,0.530655341901285
"27",10088,0.0052695184877567,0.0791195584010167,0.293843764667912,0.20030138102957,0.672878035126132,0.251065168549109,0.658935531498746,0.346785068305057,0.0846376179774982,0.583730160473607
"28",10094,0.234960364492773,0.545491992483284,0.47762716655171,0.358274099672593,0.459206639872136,0.283197582328096,0.68010445487104,0.362843870712993,0.0757669453569343,0.400851042163432
"29",10095,0.325081964841714,0.643682526691789,0.459971669762749,0.368071441670836,0.642922057695129,0.342961398243505,0.826006796339671,0.311150066525953,0.113842938649335,0.352036636474083
"30",10098,0.259194649789126,0.510280780360892,0.608454457429431,0.338208933560039,0.880909690448723,0.42392360188735,0.798970983607563,0.309698977903284,0.0656757473864288,0.58274756382158
"31",10099,0.142009762861896,0.282610470971695,0.41365470767846,0.295961962292366,0.880909690448723,0.449074024146648,0.769000238652917,0.194438540389461,0.0845027683422787,0.568433061226
"32",10100,0.0177093526468486,0.0791195584010167,0.227741749906316,0.1869488866532,0.580081341968345,0.397919898949678,0.69893867121243,0.100678865389342,0.11507893034432,0.528525871682438
"33",10113,0.00432209927133701,0.0415528817560006,0.733201582370156,0.306812056033988,0.886847771664379,0.342961398243505,0.660902710932674,0.287901649570436,0.109536925070442,0.567406381287792
"34",10114,7.87079334785679e-05,0,0.16433685079322,0.173197547480325,0.858023397635412,0.217092219868523,0.620373632935709,0.349885789700489,0.101181243291273,0.624700735652435
"35",10117,0.0244664180596963,0.0415528817560006,0.137664242571129,0.173197547480325,0.0884425367394134,0.09979986301953,0.645589372597467,0.287485129857933,0.0232662913462641,0.736396082472624
"36",10119,0.0415265932437666,0.0415528817560006,0.463194637586142,0.432858700052997,0.556075133783762,0.217092219868523,0.585438154710153,0.325822189876814,0.0341359754419591,0.611675611094584
"37",10120,0.28845582804213,0.595859525062267,0.515969603724597,0.591635439812507,0.642922057695129,0.283197582328096,0.731126760362161,0.328868985822778,0.0850246136176699,0.399359603325754
"38",10121,0.142831337513862,0.415215354125646,0.442862291932007,0.387230519958159,0.642922057695129,0.283197582328096,0.859483023879211,0.266919706315654,0.145254666589792,0.342047551305553
"39",10132,0.160490110431258,0.176020831779429,0.361796500865259,0.20030138102957,0.572135040413349,0.283197582328096,0.676130493331598,0.183480499390081,0.166034201222771,0.404851423352751
"40",10133,0.0168815456050917,0,0.356964657121967,0.213287844545566,0.572135040413349,0.283197582328096,0.712393216232621,0.233983945142344,0.149061408073224,0.428090987695435
"41",10143,0.000681958117796902,0,0.337039882102293,0.225936824181398,0.330588106015295,0.180920791056081,0.702234575795529,0.328028592553539,0.00734435873574455,0.786569081136682
"42",10144,0.0520021049523187,0.204585080501487,0.501033667622527,0.441635129416098,0.642922057695129,0.251065168549109,0.635992630510862,0.338809125593843,0.0631397999914897,0.603305632586758
"43",10145,0.314542096714501,0.492124590248654,0.448776682680654,0.338208933560039,0.642922057695129,0.313759680941193,0.757512132829807,0.288306501041318,0.0971303995381785,0.465260903860094
"44",10146,0.233672016858938,0.415215354125646,0.301104055506941,0.225936824181398,0.642922057695129,0.283197582328096,0.843363887427117,0.22814441209271,0.0898725955290761,0.489710971693568
"45",10154,0.00718911745167643,0.113665682896246,0.4040018036717,0.273616774899499,0.580081341968345,0.370969683609364,0.671653320875243,0.144812290293218,0.158366718605821,0.458298579668076
"46",10157,0.203899363549589,0.145820431566465,0.14167497212997,0.159009332456504,0.572135040413349,0.283197582328096,0.663415217967049,0.248857914309651,0.1474565947082,0.483133130801261
"47",10163,0.000327163557436951,0,0.252501481020255,0.423971862329936,0.876930736098431,0.251065168549109,0.611966853792409,0.329062551381171,0.0672996515040407,0.702116808899327
"48",10167,0.00646320342643906,0,0.381771341759748,0.284901128075282,0.642922057695129,0.251065168549109,0.535069460900845,0.341481962430361,0.0312504948696663,0.752030802532421
"49",10168,0.214538991921965,0.562589407938659,0.4389860166743,0.295961962292366,0.64512363541531,0.283197582328096,0.671868530773204,0.33149199925898,0.109819458494853,0.61099369379539
"50",10169,0.0223161994704752,0.113665682896246,0.449407431076527,0.306812056033988,0.642922057695129,0.313759680941193,0.820952162912786,0.249396786762656,0.0918686469957194,0.51958986260514
"51",10170,0.000629852425424024,0.0415528817560006,0.322987532020619,0.306812056033988,0.642922057695129,0.313759680941193,0.845906481249541,0.200191743829058,0.103410252987456,0.561023351684601
"52",10188,0.0236860026784189,0.0791195584010167,0.185907765527978,0.25031945995179,0.88672041142518,0.342961398243505,0.618420147883545,0.353520097702218,0.0920524045927577,0.721709034861442
"53",10190,0.0126694548927192,0.0791195584010167,0.43334523293287,0.238273338574488,0.640719656905786,0.251065168549109,0.583116031705728,0.404390635839367,0.0810989345753376,0.715424263820123
"54",10191,0.00383282258600363,0,0.375134337284938,0.327925416151371,0.640719656905786,0.283197582328096,0.56215892258198,0.38301599043989,0.055804943199196,0.726108825450648
"55",10192,0.231292429136719,0.352041663558859,0.436465983713755,0.405849579643647,0.64512363541531,0.342961398243505,0.545730369500362,0.364064302339464,0.105670644081718,0.675986691282998
"56",10193,0.0499992600086791,0.204585080501487,0.2608717195664,0.225936824181398,0.642922057695129,0.283197582328096,0.762909199717036,0.309521616604807,0.163226682090389,0.619291503443807
"57",10194,0.0993248785175448,0.394751479129127,0.23128739526732,0.173197547480325,0.642922057695129,0.283197582328096,0.776583595082232,0.210234236842093,0.0719415058108307,0.582084881582092
"58",10195,0.299979732692479,0.454587121959464,0.152242945728052,0.273616774899499,0.642922057695129,0.313759680941193,0.822007684329405,0.174997001060813,0.0693944840087891,0.556446611217538
"59",10198,0.0275090964738116,0.0791195584010167,0.422771174882631,0.262094778184694,0.583003223781244,0.397919898949678,0.69640355902061,0.130752304909306,0.0942286725404749,0.612661949394054
"60",10199,0.000126890195923655,0,0.160206440865234,0.20030138102957,0.588454087003712,0.42392360188735,0.59270611786531,0.140962745627464,0.0964690244741604,0.552256125197822
"61",10214,0.00104354170782652,0.0415528817560006,0.397509737747241,0.284901128075282,0.672742011410945,0.313759680941193,0.517917928624415,0.448302145565266,0.166086853944998,0.624386257250434
"62",10215,0.0297097367760329,0,0.383582667191071,0.284901128075282,0.640719656905786,0.283197582328096,0.390471058565617,0.398678400949269,0.117883731455722,0.672784684063408
"63",10219,0.175972783780802,0.329684086508448,0.168961458533366,0.306812056033988,0.642922057695129,0.283197582328096,0.805160412927732,0.186820256563909,0.0661398659148766,0.60801328887302
"64",10233,0.0468532821018067,0,0.279368473028326,0.368071441670836,0.347647199114437,0.251065168549109,0.599281568495417,0.352750545442571,0.0895631174593567,0.675765321505436
"65",10237,0.000734126820682214,0,0.251299742717086,0.405849579643647,0.588454087003712,0.283197582328096,0.591874975039635,0.442283872545647,0.120210337645145,0.758824666518528
"66",10244,0.271416418671027,0.454587121959464,0.185514873366639,0.327925416151371,0.642922057695129,0.251065168549109,0.747921107287031,0.219385182982154,0.070189518071852,0.700394555896571
"67",10245,0.0316899772003087,0.0791195584010167,0.140610998311705,0.144339752562717,0.642922057695129,0.251065168549109,0.828514213023826,0.222245537139204,0.0815811771629138,0.642470700446007
"68",10255,0.000890041692016659,0,0.207583781104523,0.238273338574488,0.579193740210081,0.370969683609364,0.564812422028146,0.321251524595903,0.152751683828364,0.632992745108154
"69",10258,0.171695411207578,0.176020831779429,0.252470282189814,0.358274099672593,0.347647199114437,0.251065168549109,0.601512858851414,0.436649262038529,0.100045213867705,0.751720143396909
"70",10268,0.040007955076125,0.0791195584010167,0.0947365195488686,0.25031945995179,0.642922057695129,0.251065168549109,0.762076674184789,0.262727759142658,0.0713387064955131,0.767437570743931
"71",10269,0.0642377493497356,0.204585080501487,0.0699125375017911,0.213287844545566,0.640719656905786,0.217092219868523,0.819800170327421,0.239346299254688,0.0790519153277459,0.668631421130635
"72",10276,2.8839022425563e-05,0,0.115578669238641,0.1869488866532,0.579193740210081,0.217092219868523,0.525764614654582,0.333963862643725,0.12509291856765,0.611292284762713
"73",10281,0.00605547932099207,0.0415528817560006,0.194358406190352,0.20030138102957,0.347647199114437,0.180920791056081,0.547586053352778,0.381424442380604,0.124594601324739,0.681330296167136
"74",10284,0.0453869116919307,0.176020831779429,0.209890541138419,0.213287844545566,0.347647199114437,0.217092219868523,0.579183391986069,0.477477789797844,0.110756387144374,0.773576515480541
"75",10295,0.00689556931080584,0.0415528817560006,0.218557607096027,0.129136212588539,0.0625657701455093,0,0.803672746879288,0.249468153038471,0.0822274562385039,0.737462253372307
"76",10299,0.000866995345892994,0,0.00258204276534877,0.0219231199102153,0.0657705659790177,0,0.840925303252823,0.232344295569363,0.102302845650767,0.842327283892788
"77",10313,0.00877113146646721,0,0.190949558170585,0.225936824181398,0.313817148923561,0.1420592625229,0.582404252464016,0.51533051769616,0.107149124164249,0.785104379543967
"78",10314,0.0444834774811171,0.0791195584010167,0.205892606109709,0.284901128075282,0.313817148923561,0.1420592625229,0.578239071142286,0.521075708263031,0.113002126073749,0.808812168538441
"79",10315,0.0224938290151865,0.0791195584010167,0.176151092362414,0.225936824181398,0.319081704668339,0.1420592625229,0.544072453413254,0.547130330854177,0.0910316223987964,0.84867528198591
"80",10327,0.0475465116116422,0.113665682896246,0.0526822682307665,0.0968620896731948,0.0657705659790177,0,0.808015787057336,0.244180990777992,0.131602575682366,0.709533112502035
"81",10347,0.0640762054665474,0,0.365494686462977,0.348322440337609,0.640719656905786,0.283197582328096,0.67983836723758,0.490794825596191,0.0741743426174523,0.869128219462697
"82",10354,0.0327455268648433,0.0791195584010167,0.0265150888356284,0.0796209625767488,0.338575546454708,0.09979986301953,0.73564735998136,0.238881438751994,0.240663576352359,0.697575313107827
"83",10355,0.0132376876174111,0,0.013025176461954,0.0614939668853693,0.473425196102596,0.180920791056081,0.634577814461725,0.302752133931683,0.222343494542089,0.448077874982061
"84",10368,0.0183868539322791,0.0415528817560006,0.214837240050812,0.327925416151371,0.0220570784823956,0.0530563129515712,0.640128621672331,0.554051763679801,0.0628873676516803,0.782659759464606
"85",10377,0.0959722737952997,0.113665682896246,0.32580494159376,0.262094778184694,0.457540183370729,0.283197582328096,0.580018464001299,0.539056591429966,0.0727247154213519,0.742507855457701
"86",10378,0.00214162155222635,0,0.338989794370035,0.338208933560039,0.640719656905786,0.313759680941193,0.689117959179302,0.520216930021608,0.0729877930315022,0.725809187173381
"87",10380,0.000865475105853501,0.0791195584010167,0.1426008098822,0.144339752562717,0.0625657701455093,0,0.694339199252059,0.460380973711245,0.0828032770905608,0.777442767346654
"88",10385,0.078962049789373,0.176020831779429,0.0143253145160754,0.0219231199102153,0.614280194405171,0.313759680941193,0.565560245531845,0.386862123404077,0.297497536577951,0.330212562544521
"89",10403,0.00335982127370192,0.0415528817560006,0.121826916821785,0.144339752562717,0.313817148923561,0.1420592625229,0.617807550483241,0.647725074051689,0.0439229363247289,0.872447547258072
"90",10409,0.110283848855633,0.204585080501487,0.457180860396094,0.262094778184694,0.640719656905786,0.313759680941193,0.62791250318644,0.559465120404352,0.12229788973503,0.636665848260396
"91",10418,0.0976559106773288,0.306567981894736,0.0699773586920822,0.042328662386547,0.614280194405171,0.251065168549109,0.607779865015361,0.435115372482266,0.333225816172421,0.302131011389792
"92",10440,0.0823206867602504,0.0791195584010167,0.251345397488776,0.225936824181398,0.640719656905786,0.283197582328096,0.798881296547424,0.588186005203031,0.0356704316704908,0.724773042164234
"93",10441,0.00423296786802161,0,0.318310413111963,0.262094778184694,0.640719656905786,0.283197582328096,0.718427725521202,0.586707102578385,0.122323302384149,0.57657516926105
"94",10451,0.050897166137814,0.0415528817560006,0.0265553017629447,0.042328662386547,0.614280194405171,0.180920791056081,0.636748277560575,0.453717589905985,0.405607077552867,0.267045488700884
"95",10464,0.00377173207872741,0,0.158944275878369,0.129136212588539,0.0745537619183755,0,0.658974974577974,0.702479826145077,0.0240313845526336,0.827796125736014
"96",10471,0.000395334665910451,0,0.178523475909012,0.20030138102957,0.20963369855124,0.180920791056081,0.657691088087644,0.553451812608881,0.0613701664433143,0.772058856555543
"97",10473,0.0913861681783784,0.176020831779429,0.354066466122835,0.306812056033988,0.20963369855124,0.180920791056081,0.768682558198081,0.565835050407056,0.0815590219246255,0.591133073611648
"98",10474,0.000548231847239566,0.0415528817560006,0.195227991533172,0.238273338574488,0.0625694752031557,0.0530563129515712,0.795313208733861,0.509006620959155,0.121725189375071,0.532943845838283
"99",10475,0.000468847681861009,0,0.0911178111091621,0.113335779056159,0.0625657701455093,0,0.819866097318565,0.437345813094671,0.13669389861833,0.50054420096971
"100",10483,0.175827268780304,0.204585080501487,0.17551587776645,0.306812056033988,0.614280194405171,0.180920791056081,0.690251203736285,0.462331040046838,0.435091498074132,0.264430521697196
"101",10504,0.0116370484370899,0.113665682896246,0.339986690273698,0.306812056033988,0.558320867700636,0.217092219868523,0.740278348018934,0.564139881194389,0.0790387519319141,0.636945736702428
"102",10505,0.0894484690842727,0.145820431566465,0.316598624065913,0.284901128075282,0.558320867700636,0.180920791056081,0.788725273333288,0.525132428978604,0.0909993183852409,0.542158653482389
"103",10511,0.0817963265828442,0.176020831779429,0.10107878073167,0.173197547480325,0.614280194405171,0.283197582328096,0.492406566695309,0.523006988335725,0.245740548638497,0.478654778365157
"104",10512,0.0526790110766488,0.204585080501487,0.149245812574767,0.423971862329936,0.614280194405171,0.1420592625229,0.714979807404594,0.472554309479569,0.39128302602369,0.271642800772156
"105",10530,0.00643336583526364,0.0415528817560006,0.100682770103857,0.225936824181398,0.550460223133901,0.217092219868523,0.528675817139477,0.667620071187903,0.0436284174284048,0.675023657453181
"106",10531,0.0216332923086908,0.204585080501487,0.285718192226872,0.225936824181398,0.550460223133901,0.217092219868523,0.616374200519143,0.612833778966232,0.107060945856323,0.626978304525971
"107",10532,0.0267076432938639,0.145820431566465,0.285718192226872,0.20030138102957,0.558320867700636,0.217092219868523,0.766783937542121,0.564031838339183,0.102325622898867,0.595038640272041
"108",10559,0.00612590946711331,0.0791195584010167,0.181294525051299,0.20030138102957,0.558320867700636,0.251065168549109,0.575346615743363,0.687697561588003,0.0313664241592725,0.642891355502891
"109",10560,0.000902279253001806,0,0.322637835616829,0.295961962292366,0.550460223133901,0.217092219868523,0.680509064333016,0.622680482332795,0.0841739593194976,0.599549601047668
"110",10585,0.00562356075122094,0.0415528817560006,0.0930677481937763,0.25031945995179,0.550460223133901,0.217092219868523,0.70211919137624,0.708670621157687,0.0135234606781931,0.63258352025294
"111",10635,0.000462488498079908,0,0.155073009977146,0.159009332456504,0.198666997260731,0.0530563129515712,0.558367548919156,0.790157857710962,0.033648661981987,0.571931017661954
"112",10636,0.00205568823085452,0.0415528817560006,0.148985426551078,0.173197547480325,0.200211252156397,0.09979986301953,0.661803530050679,0.75665683057627,0.00872501298883973,0.596470046798432
"113",10683,0.00164691972718814,0,0.173313137765516,0.20030138102957,0.200211252156397,0.09979986301953,0.488723667456368,0.709247245534853,0.057275888418978,0.527799526018661
"114",10684,0.00372978749769393,0.0791195584010167,0.232031270134277,0.358274099672593,0.00349981983556818,0,0.697957326344181,0.648698603151934,0.0228358373855186,0.476067375559193
"115",10685,0.0141262343762791,0.176020831779429,0.131041475545938,0.213287844545566,0.198666997260731,0.0530563129515712,0.74244302481579,0.595183922372555,0.0524378420632379,0.365213255392834
"116",10707,0.0141262343762791,0.176020831779429,0.193143386362565,0.238273338574488,0.200211252156397,0.09979986301953,0.660797055408177,0.60057453021234,0.037095492228926,0.465645437583656
"117",10726,0.00764935931566809,0.0791195584010167,0.26401610685513,0.225936824181398,0.200211252156397,0.09979986301953,0.640636709243785,0.580100492743438,0.0310831603198448,0.408697797478522
"118",10743,0.00421598372013276,0.0415528817560006,0.184564658228068,0.284901128075282,0.54364091703127,0.1420592625229,0.612645809915257,0.598237348686025,0.0427562737491156,0.338809365937375
"119",10771,0.000773488055888127,0,0.135992223652279,0.144339752562717,0.54364091703127,0.1420592625229,0.505542187629185,0.635909626176358,0.0644375511586394,0.333959313700996
"120",10833,0.00046460344894971,0.0415528817560006,0.874826306071227,0.647514548205899,0.659894529027694,0.723348922421336,0.523499454155127,0.0711102335718687,0.164776114570018,0.432097876914832
"121",10834,0.0181165899174174,0.0415528817560006,0.799566874892873,0.660962432145773,0.68510927608804,0.741577769722043,0.794436617001391,0.131567272734859,0.0785034826275762,0.463611332113045
"122",10835,0.161963838286181,0.113665682896246,0.340278970359027,0.284901128075282,0.493904597186225,0.647082879744186,0.972129630814524,0.177471650001643,0.042194220784989,0.44088482202727
"123",10837,0.0223032832858086,0.0791195584010167,0.535210878982563,0.516246818315616,0.501944616846684,0.759505251477224,0.811449564369059,0.100986639840578,0.0846172463772748,0.270378141635517
"124",10838,0.0137018557061855,0.0791195584010167,0.575671548906375,0.577092350024269,0.501944616846684,0.759505251477224,0.744201540354393,0.0805639503401241,0.0688165814942704,0.347976133379348
"125",10839,0.193351163407107,0.145820431566465,0.578130046277617,0.647514548205899,0.68510927608804,0.741577769722043,0.702153474546255,0.0923739144277444,0.120157328442305,0.306555452348065
"126",10842,0.138332627403641,0.0791195584010167,0.423534868899305,0.475713623721846,0.501944616846684,0.759505251477224,0.824064320672644,0.119441193904909,0.11469792636891,0.322549571111941
"127",10843,0.0175737975161355,0,0.371350337730857,0.368071441670836,0.501944616846684,0.723348922421336,0.808002550827816,0.1056387330223,0.0868090215189276,0.382379286538273
"128",10845,0.0535622364089629,0.0791195584010167,0.517673211019511,0.306812056033988,0.661023149263276,0.685922796487011,0.903278931236814,0.0730181148013654,0.126235656538821,0.34192171074206
"129",10846,0.0300446532184767,0.0791195584010167,0.733914379193894,0.687293758871624,0.761250714916656,0.777145837980552,0.846949665236782,0.072370000453123,0.164121335979563,0.366748241415635
"130",10847,0.00994379825328382,0.0791195584010167,0.734474377147152,0.667614325393677,0.68510927608804,0.723348922421336,0.834092445022252,0.116610113016776,0.157088586164852,0.338320402070073
"131",10848,0.0500565900981248,0.0791195584010167,0.503983167492848,0.458872587796339,0.68510927608804,0.704802980355667,0.963849223895008,0.137174103174312,0.105059562215802,0.311337399170822
"132",10849,0.147241776600244,0.113665682896246,0.586464854559302,0.687293758871624,0.659984539806183,0.777145837980552,0.698631183109195,0.0862192218709577,0.0803402669813145,0.309922215691536
"133",10850,0.143103874287499,0.113665682896246,0.5411225378842,0.562296280024933,0.501944616846684,0.759505251477224,0.773896720369054,0.107718821166359,0.123524676281501,0.433361901349209
"134",10852,0.131519715976039,0.145820431566465,0.530655592239355,0.539597566857884,0.68510927608804,0.759505251477224,0.824377189942971,0.123208058667151,0.0946197590803036,0.482124156982458
"135",10853,0.143203628735625,0.145820431566465,0.371030109656218,0.377721430031665,0.68510927608804,0.759505251477224,0.914081660027077,0.117936581743154,0.0701657637908071,0.49749752294703
"136",10855,0.00455354326163407,0,0.637748075102207,0.508308289265194,0.501944616846684,0.794512877305856,0.814987319906314,0.126009740097298,0.13097681072899,0.365107163801647
"137",10858,0.0743957964467373,0.0415528817560006,0.70300941289653,0.467340954245889,0.711360571258839,0.741577769722043,0.86387371972039,0.0185159773900204,0.270107416224342,0.302098516465535
"138",10859,0.0254570460679818,0.0415528817560006,0.575345642564069,0.368071441670836,0.51534658272535,0.647082879744186,0.888980609878896,0.0249148653141958,0.143907655469885,0.396692930712026
"139",10860,0.00764896617557182,0.0415528817560006,0.77172015616953,0.660962432145773,0.750558088435491,0.704802980355667,0.905009042835559,0.0515548018706399,0.184626607332567,0.414461420932033
"140",10861,0.00217967778688597,0,0.814125476009581,0.531889200076578,0.856982850761127,0.794512877305856,0.802812571564827,0.0717681412510612,0.225003222003821,0.360424376362623
"141",10862,0.042661244227995,0.0791195584010167,0.498805702390811,0.475713623721846,0.68510927608804,0.759505251477224,0.929850204413111,0.161937333063663,0.260139264487106,0.214811328070022
"142",10863,0.171229369502641,0.113665682896246,0.599466016101261,0.674219536958639,0.68510927608804,0.794512877305856,0.525193293462672,0.0934036804626197,0.151442050706067,0.199196171420324
"143",10864,0.183847712909742,0.145820431566465,0.595857773536956,0.680779036069185,0.659984539806183,0.794512877305856,0.693954859006202,0.0976940230848848,0.168991222321967,0.387288638474181
"144",10865,0.0254570460679818,0.0415528817560006,0.35212669147649,0.368071441670836,0.501944616846684,0.704802980355667,0.921875706132909,0.216029042060228,0.14393587427924,0.52477001011791
"145",10866,0.00342060204844859,0,0.294205692259263,0.295961962292366,0.501944616846684,0.704802980355667,0.944630028291085,0.256501114664537,0.114791494775059,0.560706481441826
"146",10869,0.0246032640265353,0.0415528817560006,0.308408396059354,0.306812056033988,0.501944616846684,0.741577769722043,0.889552059363845,0.158834968509229,0.0733542323166067,0.527470766216903
"147",10870,0.00346158916927289,0,0.430576349554706,0.358274099672593,0.501944616846684,0.794512877305856,0.871422366937929,0.146050093955062,0.0830651301726184,0.44133423820051
"148",10871,0.0355496870339457,0,0.45013891645306,0.423971862329936,0.638985243381296,0.828474789231782,0.858881771175909,0.124279536288385,0.132546061054511,0.302781689397448
"149",10875,0.254430489171815,0.373710818176806,0.776182879802192,0.531889200076578,0.711360571258839,0.759505251477224,0.820013060444996,0.0223956504118333,0.30696668738733,0.237979150827685
"150",10876,0.111001850478726,0.0791195584010167,0.788873374790952,0.450305166020116,0.51534658272535,0.704802980355667,0.840503267220106,0.0211086598013928,0.227280734586735,0.32989476420977
"151",10877,0.269813257708145,0.394751479129127,0.778228836783356,0.492184391287581,0.845367600872598,0.704802980355667,0.812192716776491,0.0290943077385163,0.298751836357014,0.395169542085945
"152",10878,0.17225316987541,0.306567981894736,0.648375733463707,0.654262853243956,0.677509336667158,0.759505251477224,0.72597750521952,0.0633533412576846,0.208748524225095,0.333736029665152
"153",10879,0.314466412456252,0.204585080501487,0.599805307492568,0.70019246399063,0.856982850761127,0.828474789231782,0.660634720750516,0.116801354069974,0.222920321582208,0.241992130987484
"154",10880,0.165326682330128,0.145820431566465,0.603256626862312,0.706578166765427,0.856982850761127,0.828474789231782,0.595192947060953,0.075132740584237,0.19934798893102,0.361432280786826
"155",10881,0.00616403578269284,0,0.479940302250765,0.467340954245889,0.38725173899716,0.741577769722043,0.892470408235637,0.177957260641604,0.1702553434951,0.483257180576544
"156",10884,0.032741090430879,0.0791195584010167,0.35200391489942,0.31746301471993,0.671304015664151,0.777145837980552,0.945654016783412,0.274218638007398,0.126332784767266,0.648506987478421
"157",10886,0.0131620200739101,0.0415528817560006,0.564801883457794,0.613002909529644,0.751564716746024,0.81161871349911,0.919779701044965,0.180599833092951,0.099350125597787,0.54376085438001
"158",10887,0.0246032640265353,0.0415528817560006,0.546521016484015,0.591635439812507,0.751564716746024,0.81161871349911,0.891807913711601,0.155700352952873,0.0906921337270449,0.45672710428203
"159",10888,0.0279594669042546,0.113665682896246,0.681092593998899,0.647514548205899,0.751564716746024,0.845091735341724,0.789090099212766,0.134730773832502,0.120004144166638,0.310033967428754
"160",10889,0.00688351685624185,0,0.608795079250828,0.613002909529644,0.674791350643948,0.828474789231782,0.817483095901616,0.117570768786757,0.19748409547077,0.212780980229955
"161",10890,0.138178958426004,0.145820431566465,0.821331119569439,0.605938098260498,0.638985243381296,0.741577769722043,0.837574931549687,0.0955478662424909,0.301152989695303,0.228180493523732
"162",10893,0.128866647474276,0.329684086508448,0.753390314756373,0.613002909529644,0.859355390689694,0.794512877305856,0.823821916470204,0.0272667003682882,0.4109074974511,0.173118210766373
"163",10894,0.311989611055673,0.545491992483284,0.825069628429124,0.780192696816481,0.846345032644807,0.777145837980552,0.505126897699812,0.0241289283830448,0.329680908449523,0.239135996943356
"164",10895,0.214605421552582,0.454587121959464,0.578368391436363,0.647514548205899,0.679263085252468,0.777145837980552,0.718912852305753,0.0410571880901649,0.405627625222416,0.294984794591638
"165",10896,0.293563065312754,0.329684086508448,0.633111839465408,0.647514548205899,0.677509336667158,0.741577769722043,0.797465306555995,0.0543709613029595,0.255956792067009,0.253745404160851
"166",10897,0.025658677286403,0.145820431566465,0.565886522729173,0.719226366538752,0.856982850761127,0.845091735341724,0.364322744915071,0.0525506674207423,0.252741851292381,0.265824817229871
"167",10898,0.0286399709964204,0,0.54532211249345,0.562296280024933,0.856982850761127,0.81161871349911,0.856685365063508,0.105201469978365,0.257339465535396,0.430596691309089
"168",10903,0.198607960289446,0.231753390739774,0.595821225806318,0.706578166765427,0.751564716746024,0.81161871349911,0.881182023203532,0.17148153136581,0.208784017547251,0.546097104778461
"169",10904,0.0830293188470731,0.0791195584010167,0.562694398144424,0.706578166765427,0.751564716746024,0.794512877305856,0.861140850675105,0.161218080427267,0.192102131223566,0.507935595003659
"170",10905,0.132243893948663,0.113665682896246,0.606391859396834,0.633867403789273,0.751564716746024,0.777145837980552,0.84262271546948,0.144601667295203,0.157260736938876,0.494978483943292
"171",10907,0.0714891829857238,0.113665682896246,0.638584013983862,0.756239352434498,0.674791350643948,0.861479449252431,0.800913699930584,0.131929734136537,0.177529826340811,0.220544021595412
"172",10908,0.278223636745067,0.257712384106153,0.631488212277096,0.640716438151503,0.674791350643948,0.81161871349911,0.798715566598854,0.105081429899002,0.289003380797972,0.211499306009369
"173",10909,0.115912732795921,0.113665682896246,0.904655122958679,0.687293758871624,0.764398384072275,0.723348922421336,0.830787025186966,0.0850844937604055,0.289506139416346,0.244087268483317
"174",10911,0.111282001866789,0.329684086508448,0.766513795215851,0.667614325393677,0.725168135857871,0.723348922421336,0.822177175926529,0.0233464276125775,0.717184138743421,0.111719736556393
"175",10912,0.255284782245838,0.473569219876605,0.757686190773535,0.786096437529244,0.71760159391517,0.81161871349911,0.403828815582702,0.0284065095129557,0.301555211881725,0.19825502684852
"176",10913,0.28930948059492,0.545491992483284,0.567103213107313,0.633867403789273,0.677509336667158,0.777145837980552,0.717295434784342,0.0728543800905781,0.341751323800766,0.234323232311871
"177",10914,0.0696991752986211,0.231753390739774,0.565048430897349,0.640716438151503,0.677509336667158,0.794512877305856,0.570942096439312,0.0491941342559138,0.305749671341243,0.211042643954835
"178",10916,0.0808547375046271,0.0791195584010167,0.307740919151677,0.377721430031665,0.788693488862042,0.81161871349911,0.849401434440778,0.11450848085331,0.362695590793583,0.443133306222309
"179",10917,3.00532224421271e-05,0,0.347251123763778,0.348322440337609,0.577190587932686,0.81161871349911,0.84393922671059,0.182285202916386,0.288683545937118,0.479672748061087
"180",10919,0.0854731079218466,0.176020831779429,0.532201598175329,0.569726764419342,0.751564716746024,0.861479449252431,0.875679102446478,0.234768158688329,0.271646221829616,0.532799926230682
"181",10920,0.126190195571171,0.306567981894736,0.54051070484116,0.660962432145773,0.762492894131736,0.861479449252431,0.803417921200568,0.159672679131891,0.304906871682652,0.54817151645172
"182",10921,0.000754122180678311,0.0415528817560006,0.656126790478472,0.687293758871624,0.762492894131736,0.828474789231782,0.734498539222566,0.0901905184362436,0.304167363802919,0.491442321863791
"183",10922,0.0553978314507429,0.204585080501487,0.572026196253538,0.680779036069185,0.710321996321822,0.777145837980552,0.811313287462965,0.116903678960023,0.343731399741464,0.461398169034732
"184",10923,0.0726716587636506,0.113665682896246,0.605428330752107,0.797806331268888,0.751564716746024,0.845091735341724,0.782978871364251,0.122538381217904,0.338651366420453,0.52535406762517
"185",10924,0.183722129215273,0.176020831779429,0.616585056038299,0.744051276663441,0.751564716746024,0.877647163913821,0.757394435170351,0.112706124549685,0.250977357334304,0.348204816583191
"186",10925,0.073634564200781,0.176020831779429,0.641012886668817,0.706578166765427,0.751564716746024,0.909356562899698,0.709415983614265,0.127629529758941,0.281677891932224,0.197710918868647
"187",10926,0.119877897630437,0.176020831779429,0.643492000917691,0.731715450455106,0.674791350643948,0.81161871349911,0.783498517634287,0.117302282872114,0.330225249787178,0.191412653085765
"188",10927,0.29924326926222,0.373710818176806,0.916145673773517,0.667614325393677,0.764398384072275,0.828474789231782,0.80995124993834,0.0871796276781948,0.307761825348314,0.214442785413941
"189",10928,0.00346285367705377,0.0415528817560006,0.925256586119966,0.674219536958639,0.764398384072275,0.777145837980552,0.848058022917322,0.0760191730883299,0.208034397872226,0.262699674152861
"190",10932,0.161531459543427,0.43514742707086,0.79684022928542,0.667614325393677,0.725168135857871,0.741577769722043,0.849274053627607,0.0259270622770854,1,0.0426639479189007
"191",10933,0.202135704167765,0.329684086508448,0.759638073588598,0.750163452048474,0.859355390689694,0.909356562899698,0.498791580602778,0.0361784082421846,0.410434980921095,0.135121227914178
"192",10934,0.217043284742683,0.415215354125646,0.661494717495838,0.687293758871624,0.677509336667158,0.828474789231782,0.658893337998187,0.0683581344029553,0.287176278080672,0.204034014976006
"193",10936,0.139167045840502,0.0791195584010167,0.554281312317037,0.62001186986015,0.856982850761127,0.861479449252431,0.597647251227047,0.0965376195179138,0.286840442499488,0.379392783707234
"194",10938,0.000530439958674479,0,0.355079007497252,0.387230519958159,0.615233884190534,0.704802980355667,0.823265151673788,0.148611746635917,0.339933346246757,0.422598088089111
"195",10939,0.0074145886282726,0,0.43562872950961,0.423971862329936,0.615233884190534,0.741577769722043,0.82095117127474,0.154994577957165,0.347790903950461,0.409338155028044
"196",10940,0.132749030173464,0.394751479129127,0.552536234418642,0.660962432145773,0.698578749558442,0.794512877305856,0.819511410597791,0.117293281878899,0.316951200050898,0.446779585392974
"197",10941,0.125896176265484,0.282610470971695,0.670550314386141,0.719226366538752,0.710321996321822,0.81161871349911,0.736275477785558,0.0781032311852461,0.344827074150695,0.484216157650948
"198",10942,0.163599798985395,0.176020831779429,0.657301106417989,0.737902168696802,0.710321996321822,0.828474789231782,0.698870199303633,0.0554348819205164,0.336837148771691,0.516095055543082
"199",10943,0.00318503889663404,0.145820431566465,0.647116456125509,0.719226366538752,0.710321996321822,0.81161871349911,0.76524871828747,0.0757535855110646,0.386733098032622,0.434223538051903
"200",10944,0.0235997235973717,0.145820431566465,0.600184179604131,0.725490423262294,0.762492894131736,0.861479449252431,0.764235334037211,0.0931687844589657,0.509771835854811,0.430013718473524
"201",10945,0.00709247422423683,0.0415528817560006,0.617343115008248,0.762279616118981,0.751564716746024,0.893603508628279,0.613614530240991,0.0890377311254623,0.327345099002118,0.331562561496452
"202",10946,0.0783497288270109,0.204585080501487,0.642422515530482,0.780192696816481,0.751564716746024,0.861479449252431,0.620531673503597,0.0973666931123258,0.229288945949383,0.256153405845583
"203",10947,0.121994513303752,0.415215354125646,0.930429102868168,0.731715450455106,0.751564716746024,0.828474789231782,0.688641976602454,0.0970194222348434,0.359292232295558,0.243741482344412
"204",10948,0.0752995778697062,0.373710818176806,0.929920969641081,0.687293758871624,0.764398384072275,0.845091735341724,0.804886921233168,0.0876639444733941,0.360528512374711,0.25192955173596
"205",10949,0.0486432289798998,0.204585080501487,0.93065092661378,0.826535906331694,0.764398384072275,0.828474789231782,0.83609754645181,0.0800205227283642,0.240694344440514,0.275995174368322
"206",10950,0.167470376747135,0.306567981894736,0.901685948866817,0.633867403789273,0.764398384072275,0.794512877305856,0.86568907332733,0.102579551996292,0.234601175513224,0.260423134598325
"207",10951,0.296269805469969,0.415215354125646,0.886818155747152,0.613002909529644,0.764398384072275,0.777145837980552,0.87496332562593,0.120396215316253,0.256626516861748,0.231539091347975
"208",10952,0.121075830384131,0.352041663558859,0.877934079371718,0.605938098260498,0.764398384072275,0.759505251477224,0.866192653210042,0.114232340831821,0.278225302147967,0.24839139576799
"209",10953,0.329196495761759,0.454587121959464,0.883830684429633,0.59881607923987,0.764398384072275,0.741577769722043,0.862986993640693,0.0999461068216546,0.330064363413565,0.32003749885969
"210",10954,0.12406256696594,0.231753390739774,0.736220569588605,0.731715450455106,0.846345032644807,0.81161871349911,0.837146898718824,0.033399351729261,0.821862744263946,0.0714809850481276
"211",10955,0.0669123697528871,0.204585080501487,0.671386771443681,0.881854047405211,0.859355390689694,0.893603508628279,0.435388845793069,0.0268929216564531,0.239955995760808,0.166529631641678
"212",10956,0.0227574876459114,0.113665682896246,0.662693338120564,0.626966283264877,0.669030927703923,0.828474789231782,0.551127528917202,0.0303064069739329,0.155424849769243,0.228863893089759
"213",10957,0.213652955826887,0.176020831779429,0.65206424952553,0.756239352434498,0.856982850761127,0.877647163913821,0.434438958205858,0.0700597666261076,0.311466502256682,0.295372700937901
"214",10958,0.0149140338728875,0.0415528817560006,0.506100987932841,0.524106351131348,0.856982850761127,0.877647163913821,0.856723031731009,0.159700346162362,0.342990750099247,0.406140965285776
"215",10959,0.0142874025414682,0,0.453347538194421,0.441635129416098,0.615233884190534,0.741577769722043,0.822952323309581,0.15089068212013,0.292006276585973,0.395606502895027
"216",10962,0.136051970986671,0.454587121959464,0.552536234418642,0.640716438151503,0.698578749558442,0.794512877305856,0.79072938608652,0.0546545309859783,0.378497628113665,0.373235621018267
"217",10963,0.0978343256782731,0.282610470971695,0.591801429249529,0.680779036069185,0.710321996321822,0.828474789231782,0.744625833476054,0.0461264181537271,0.379007515501139,0.432630805607924
"218",10964,0.0391041549109534,0.145820431566465,0.675070469848455,0.706578166765427,0.710321996321822,0.828474789231782,0.726549196170103,0.0480751186295329,0.33570094286018,0.492336628767829
"219",10965,0.0226987543681064,0.0791195584010167,0.655620147511611,0.731715450455106,0.710321996321822,0.828474789231782,0.632572729137411,0.0474512646146918,0.364671744445499,0.353161829621424
"220",10966,0.0624897880122737,0.113665682896246,0.648879935568098,0.725490423262294,0.710321996321822,0.81161871349911,0.731136831853934,0.0702420376675236,0.481789224174928,0.214167963817706
"221",10967,0.072109830947965,0.0791195584010167,0.630019979183478,0.731715450455106,0.762492894131736,0.861479449252431,0.736811121001033,0.130910251510389,0.361373257792389,0.241548301374531
"222",10968,0.058207944670117,0.113665682896246,0.675871859579365,0.780192696816481,0.762492894131736,0.861479449252431,0.740559477565711,0.158268806440178,0.171525798540586,0.377553497144583
"223",10969,0.000140246294207036,0,0.935307649007713,0.731715450455106,0.751564716746024,0.828474789231782,0.737980357138099,0.10407284024585,0.154477562644567,0.467548760822638
"224",10970,0.147616790950587,0.373710818176806,0.924899992422109,0.667614325393677,0.764398384072275,0.845091735341724,0.822966149368089,0.0822649359847637,0.243843959066095,0.374598070887741
"225",10971,0.108093620100608,0.352041663558859,0.907863260464551,0.613002909529644,0.764398384072275,0.81161871349911,0.825039684467018,0.0885739492837791,0.265022444879546,0.328020269690107
"226",10972,0.104304749926164,0.306567981894736,0.907672688659849,0.62001186986015,0.764398384072275,0.794512877305856,0.837167753519243,0.1163832722689,0.27739753056025,0.303904907000475
"227",10973,0.0650242907271221,0.204585080501487,0.88962121245924,0.744051276663441,0.764398384072275,0.759505251477224,0.851203829398859,0.144837371045753,0.27295565912477,0.267601914653869
"228",10974,0.168987684464025,0.231753390739774,0.847591978535872,0.693764609989646,0.764398384072275,0.759505251477224,0.843581923635134,0.151484298520179,0.297218403084021,0.250212937564419
"229",10975,0.333876747383974,0.473569219876605,0.884045816586275,0.647514548205899,0.764398384072275,0.759505251477224,0.838635869295809,0.123731118845991,0.406251198000601,0.304724800116109
"230",10976,0.328367715639353,0.394751479129127,0.884550759497086,0.640716438151503,0.764398384072275,0.741577769722043,0.856137804833969,0.0985680892586985,0.485393217874069,0.325681832064326
"231",10977,0.176558909660439,0.528062495338288,0.783808213835493,0.797806331268888,0.846345032644807,0.861479449252431,0.651468396787671,0.0291939176077461,0.627660708224636,0.128752270880465
"232",10978,0.0445468147304573,0.176020831779429,0.568224425298483,0.62001186986015,0.846345032644807,0.893603508628279,0.394428547800386,0.0241937709584442,0.214640334000969,0.202847017508009
"233",10980,0.0607344713774103,0.0791195584010167,0.691816071411383,0.750163452048474,0.856982850761127,0.940282650872626,0.726190120796804,0.129198472113477,0.439592253962952,0.298344985241142
"234",10981,0.105145737340622,0.231753390739774,0.476549165567096,0.500288333011817,0.615233884190534,0.759505251477224,0.82388806098467,0.154608839507638,0.41120462085043,0.359747678727619
"235",10985,0.157580024859486,0.373710818176806,0.570255677305632,0.712922536827733,0.698578749558442,0.777145837980552,0.77618719824804,0.0457169491374074,0.410914178731964,0.32761130116643
"236",10986,0.0589176263406377,0.306567981894736,0.629452820080969,0.693764609989646,0.710321996321822,0.828474789231782,0.796944179812255,0.0437571962173141,0.433229142416357,0.337169356721584
"237",10987,0.121232727593909,0.329684086508448,0.605057664155935,0.737902168696802,0.708543332709472,0.81161871349911,0.679566302679703,0.0573042062576844,0.380843438823706,0.336222565653435
"238",10988,0.00431119314578977,0.0791195584010167,0.599836568537496,0.86005075199125,0.710321996321822,0.81161871349911,0.628496992148494,0.0641336092169041,0.308137559700872,0.26364406699308
"239",10989,0.0871583785288975,0.0791195584010167,0.677722914533222,0.791967469782159,0.762492894131736,0.794512877305856,0.712875480541634,0.085948120079431,0.357166153742276,0.170509838192354
"240",10990,0.0352870899627679,0.145820431566465,0.65894229242915,0.693764609989646,0.762492894131736,0.81161871349911,0.832458153137572,0.192946178935994,0.292186943262278,0.31139709928211
"241",10991,0.0306922207014254,0.113665682896246,0.679215088923061,0.809389620403402,0.764398384072275,0.794512877305856,0.939096303904285,0.264920600327002,0.153527879778603,0.542536112374476
"242",10992,0.0404387260134022,0.176020831779429,0.932078013234723,0.737902168696802,0.764398384072275,0.794512877305856,0.88640328383843,0.172591294251102,0.117965787701936,0.63525740208334
"243",10993,0.0624018475446288,0.282610470971695,0.929064651346123,0.725490423262294,0.764398384072275,0.81161871349911,0.8432719031886,0.0971494455267095,0.177997406466942,0.483414570002032
"244",10994,0.00318162929642958,0,0.907863260464551,0.633867403789273,0.764398384072275,0.794512877305856,0.822411288465121,0.097512174281616,0.236986264095954,0.372211961826051
"245",10995,0.0686977658432756,0.231753390739774,0.868165033082174,0.693764609989646,0.764398384072275,0.777145837980552,0.810775875508487,0.125206813410025,0.288761754078476,0.348744606245762
"246",10996,0.0141013058816298,0.0415528817560006,0.851399926075016,0.660962432145773,0.764398384072275,0.759505251477224,0.843362483682223,0.161377564621744,0.288465913953622,0.32007353463327
"247",10997,0.272492880354525,0.394751479129127,0.837793312632035,0.626966283264877,0.764398384072275,0.759505251477224,0.835953551552261,0.178888736901547,0.296332460584457,0.274191556999726
"248",10998,0.294142604063109,0.562589407938659,0.852109004194002,0.640716438151503,0.764398384072275,0.759505251477224,0.821403085872827,0.154957946008064,0.33705167460116,0.293023198957851
"249",10999,0.0605928789964015,0.204585080501487,0.926626841611373,0.654262853243956,0.764398384072275,0.759505251477224,0.847183127381386,0.105697158831948,0.420605865685429,0.36589384053693
"250",11002,0.0281165807294861,0.0415528817560006,0.663262754906357,0.797806331268888,0.846345032644807,0.861479449252431,0.600376068937149,0.0229142450829678,0.792904940374138,0.12485370747574
"251",11003,0.00135916161318544,0,0.628677539960774,0.780192696816481,0.723639380629024,0.909356562899698,0.34798682794885,0.0406913194539066,0.190601464324357,0.224514174563623
"252",11004,0.181105959671828,0.231753390739774,0.718396380296292,0.86005075199125,0.856982850761127,0.893603508628279,0.57136699239233,0.101828029760104,0.234400146350097,0.254212862008635
"253",11005,0.0520826917330087,0.0791195584010167,0.608066474903855,0.680779036069185,0.856982850761127,0.81161871349911,0.786030867904647,0.15649436241219,0.317696918111196,0.320351130204848
"254",11006,0.0348655786681234,0.145820431566465,0.518240543792407,0.613002909529644,0.710321996321822,0.723348922421336,0.790093287747889,0.132883324153988,0.414558065550201,0.294771037885256
"255",11009,0.00466173200840328,0,0.553225660357147,0.584394708209146,0.611781537992454,0.647082879744186,0.757788611293993,0.064668258552278,0.398812459001113,0.232066371732659
"256",11010,0.102847967123633,0.394751479129127,0.611180814847208,0.768284862896913,0.613179684653772,0.704802980355667,0.766625188713587,0.0497156604974322,0.441841606712837,0.240875739025825
"257",11011,0.0333364424404995,0.176020831779429,0.37687921239466,0.774255694803079,0.708543332709472,0.794512877305856,0.779983132824601,0.048123531326763,0.461915297219006,0.231899576726933
"258",11012,0.0809366299712698,0.282610470971695,0.384243745326605,0.680779036069185,0.762492894131736,0.794512877305856,0.804440188293046,0.0715457419510675,0.36001296177214,0.22728491490161
"259",11013,0.0109265492333637,0.0415528817560006,0.619514732918296,0.756239352434498,0.762492894131736,0.794512877305856,0.665520678533277,0.0924632289663368,0.269102867725127,0.198696035002837
"260",11014,0.0134105334689601,0.0415528817560006,0.56003405066554,0.687293758871624,0.762492894131736,0.759505251477224,0.722058488807919,0.113203997018355,0.273967857701635,0.215750689391781
"261",11016,0.0613297384727272,0.231753390739774,0.912875294911529,0.725490423262294,0.764398384072275,0.777145837980552,0.900795338831548,0.241131587153012,0.178738921037677,0.524845585763031
"262",11017,0.0910667475297455,0.204585080501487,0.924955725798935,0.654262853243956,0.764398384072275,0.759505251477224,0.867313685783129,0.159097984232824,0.162917229215084,0.596916682140562
"263",11018,0.0905268705558877,0.282610470971695,0.923079876885659,0.762279616118981,0.764398384072275,0.759505251477224,0.816985722459099,0.106143402179925,0.197399172333961,0.484655546436279
"264",11020,0.0814922752586827,0.176020831779429,0.856455875665918,0.712922536827733,0.764398384072275,0.759505251477224,0.805781497468695,0.150829549497243,0.226597476926013,0.417922969821576
"265",11021,0.000914365886692029,0.0415528817560006,0.839997937516953,0.569726764419342,0.764398384072275,0.741577769722043,0.811127432095966,0.18521281299752,0.269404087012776,0.375842622046915
"266",11022,0.0959101488603424,0.231753390739774,0.837377667428122,0.613002909529644,0.764398384072275,0.741577769722043,0.841516061375886,0.207156170898259,0.285348372686984,0.336469789318889
"267",11023,0.151032502523497,0.257712384106153,0.858106942025512,0.737902168696802,0.764398384072275,0.741577769722043,0.829608611376172,0.181585492433653,0.28609365772449,0.320496333624079
"268",11024,0.0614059564921541,0.0791195584010167,0.923169248090285,0.626966283264877,0.764398384072275,0.741577769722043,0.830888480893112,0.123276446558991,0.36347751378414,0.372313442282615
"269",11027,0.00104706844316411,0,0.681989476091075,0.719226366538752,0.859355390689694,0.741577769722043,0.807663918096898,0.0431140515013126,0.724396732868479,0.120422648428099
"270",11028,0.00664814892682134,0,0.774515132528131,0.832192255601662,0.846345032644807,0.940282650872626,0.381149965621099,0.0215649726463677,0.257771845803161,0.235552431988964
"271",11029,0.0749394322877339,0.0791195584010167,0.773307170345021,1,0.857966663312973,0.970480760125891,0.408852902743829,0.0690643638553246,0.265047652411946,0.150049438020554
"272",11030,0.00753132613439332,0,0.690689169142527,0.820850324698497,0.856982850761127,0.893603508628279,0.740126385624878,0.13016109021877,0.388913969100868,0.282937348489265
"273",11032,0.163745809451088,0.113665682896246,0.617634856093094,0.881854047405211,0.707333576975575,0.704802980355667,0.765485245314641,0.122557289248978,0.395014213266213,0.258619253259054
"274",11034,0.00104401630643787,0,0.58863996457999,0.791967469782159,0.762492894131736,0.741577769722043,0.753439758936203,0.0799642761755041,0.430360462571679,0.174993170230832
"275",11035,0.00784448110737018,0.0791195584010167,0.606994514943912,0.768284862896913,0.762492894131736,0.723348922421336,0.756772586391124,0.0657444525758758,0.430268589433313,0.174159895890658
"276",11036,0.00570419065150759,0.0791195584010167,0.847406982921749,0.725490423262294,0.762492894131736,0.704802980355667,0.76508428961791,0.0545924951053093,0.452279872830277,0.146933242679102
"277",11037,0.107290128638433,0.510280780360892,0.370025460018388,0.871004315838416,0.762492894131736,0.81161871349911,0.783145979833569,0.0519083215484504,0.432179446213126,0.146055824963164
"278",11038,0.0283060973249872,0.113665682896246,0.369562133333942,0.633867403789273,0.762492894131736,0.794512877305856,0.759676058677782,0.0689696843561077,0.345366240134771,0.14579586952807
"279",11040,0.112038573031132,0.176020831779429,0.339117504569636,0.562296280024933,0.762492894131736,0.759505251477224,0.785849534787751,0.126403627647869,0.221656713444289,0.25506761893932
"280",11042,0.018851623915697,0.0791195584010167,0.888465010946327,0.62001186986015,0.764398384072275,0.777145837980552,0.867911302481955,0.175590749208848,0.202109050478464,0.481489892866992
"281",11043,0.126177039493404,0.231753390739774,0.892998106645291,0.640716438151503,0.764398384072275,0.759505251477224,0.828537303592257,0.124706760984283,0.203176414600732,0.527268753461159
"282",11044,0.0770034985030161,0.204585080501487,0.872614800403566,0.59881607923987,0.764398384072275,0.759505251477224,0.799326205060379,0.112709288274318,0.212490715113991,0.433304945803337
"283",11046,0.0650727733723891,0.257712384106153,0.838422263413842,0.591635439812507,0.764398384072275,0.741577769722043,0.813429905770208,0.192934411038466,0.2229764941092,0.422173730369763
"284",11048,0.0324343055918568,0.113665682896246,0.837026557377553,0.547233549798998,0.764398384072275,0.741577769722043,0.820346298119468,0.24223212748838,0.251769008917188,0.383549911510107
"285",11049,0.117991531585679,0.306567981894736,0.884703075659963,0.562296280024933,0.764398384072275,0.741577769722043,0.824306156011585,0.210570857514527,0.283167613631907,0.346062920821538
"286",11050,0.0242996553101701,0.0415528817560006,0.926875235968559,0.613002909529644,0.764398384072275,0.741577769722043,0.821777855690921,0.145296983492307,0.357094183200862,0.383464349658305
"287",11054,0.19250843778049,0.204585080501487,0.680669059005778,0.719226366538752,0.599905152326535,0.606655713326245,0.790921445286318,0.0561021631821024,0.191881001121926,0.328501212063059
"288",11055,0.211065188902485,0.373710818176806,0.724659008693924,0.797806331268888,0.725437073483141,0.81161871349911,0.460256435487927,0.031337056670556,0.376169948281698,0.155054561306074
"289",11056,0.233104805262627,0.231753390739774,0.762425099440137,0.929467607202242,0.859355390689694,1,0.340517795407179,0.045600673819138,0.255737755752684,0.132162106174248
"290",11057,0.107311247919755,0.113665682896246,0.717181355412706,0.919051096144934,0.856982850761127,0.940282650872626,0.743359067574914,0.0988458133393238,0.489650199549627,0.166662061768989
"291",11060,0.232870614157978,0.257712384106153,0.79676647227172,0.706578166765427,0.710321996321822,0.741577769722043,0.752916984453702,0.116444121404472,0.411378977417821,0.240307927013365
"292",11061,0.192325925152331,0.257712384106153,0.691826263647427,0.633867403789273,0.611781537992454,0.704802980355667,0.748265823636196,0.0920293933559767,0.415924703770161,0.179724141157577
"293",11062,0.11152554047481,0.373710818176806,0.627767929467729,0.712922536827733,0.762492894131736,0.759505251477224,0.752040711286109,0.0782099580438148,0.445776777322362,0.140483949976975
"294",11064,0.000304972382120655,0.0415528817560006,0.328903112133082,0.605938098260498,0.762492894131736,0.685922796487011,0.778502666238458,0.0572136573745716,0.445320152043309,0.0963095103490957
"295",11065,0.146110819111789,0.579373029351351,0.329158227516526,0.647514548205899,0.762492894131736,0.777145837980552,0.790473790842754,0.0549786424516161,0.374650131215074,0.10348090148204
"296",11066,0.0397660246671344,0.145820431566465,0.66739238426325,0.660962432145773,0.762492894131736,0.81161871349911,0.685878163521472,0.0665021649349046,0.333926850805608,0.118650963308678
"297",11068,0.0823495187678625,0.204585080501487,0.346757347324554,0.539597566857884,0.762492894131736,0.741577769722043,0.805838652294857,0.121794537287482,0.242273350658177,0.274006762084858
"298",11069,0.000348730024022852,0,0.318637165366074,0.508308289265194,0.764398384072275,0.777145837980552,0.845865465352483,0.129588981541496,0.21301689569499,0.349563872006133
"299",11070,0.0748827211575758,0.113665682896246,0.85518320174296,0.554799150511983,0.764398384072275,0.777145837980552,0.86279192406146,0.129149560720097,0.2303257160566,0.422150296232004
"300",11072,0.0319921848840235,0.113665682896246,0.83862824555499,0.554799150511983,0.764398384072275,0.741577769722043,0.779610992982628,0.113261823785886,0.210561741753155,0.360390988628837
"301",11073,0.0166587686810524,0,0.83926449244307,0.547233549798998,0.764398384072275,0.723348922421336,0.795064415944636,0.159112061986855,0.242296820107755,0.348600892438386
"302",11075,0.000504722988898395,0,0.837026557377553,0.524106351131348,0.764398384072275,0.704802980355667,0.808406175285872,0.263152970490486,0.224730680409177,0.40286996819412
"303",11077,0.0134568620430949,0.0791195584010167,0.884703075659963,0.539597566857884,0.764398384072275,0.741577769722043,0.822321556099811,0.231251792866923,0.286061276271771,0.326360805749095
"304",11078,0.110738160039567,0.257712384106153,0.927079841812795,0.605938098260498,0.764398384072275,0.741577769722043,0.833973186649405,0.163766963959327,0.305477292793041,0.343843762474142
"305",11079,0.0491382997800274,0.0415528817560006,0.933879264368078,0.613002909529644,0.764398384072275,0.741577769722043,0.87588560596676,0.124217171087218,0.327613403485921,0.473973012007845
"306",11084,0.103263021576051,0.176020831779429,0.651170458016874,0.70019246399063,0.725437073483141,0.723348922421336,0.704953465752571,0.0625974826479841,0.269809592610833,0.467449750941817
"307",11085,0.197278228072052,0.231753390739774,0.743908677010532,0.950034642019577,0.725437073483141,0.940282650872626,0.149808216181714,0.0312157609527588,0.108461757204473,0.242095954916653
"308",11086,0.173704981448499,0.373710818176806,0.739542391195922,0.955122611645018,0.857966663312973,1,0.700604574247633,0.0875364491885644,0.33604255194324,0.0987609962433739
"309",11087,0.383535625473172,0.659121031693805,0.554118522989052,0.680779036069185,0.710321996321822,0.877647163913821,0.765582194989254,0.0932562341800967,0.455874016662729,0.142495294494562
"310",11088,0.236557611707432,0.176020831779429,0.608716356950044,0.660962432145773,0.710321996321822,0.845091735341724,0.758887492900643,0.119023920072068,0.39324891876435,0.220661155952193
"311",11090,0.215354975380726,0.415215354125646,0.349345510119814,0.62001186986015,0.710321996321822,0.741577769722043,0.760679976437528,0.110102953583811,0.432338002627721,0.204381639518701
"312",11091,0.120048527089737,0.113665682896246,0.34583591300355,0.59881607923987,0.710321996321822,0.777145837980552,0.755546433869577,0.09042961637568,0.437193994179321,0.140563927081881
"313",11092,0.0531873139712476,0.113665682896246,0.347678922067149,0.633867403789273,0.674791350643948,0.759505251477224,0.761266614142662,0.0774951569321109,0.423941785690348,0.110606140598838
"314",11093,0.104634516547474,0.329684086508448,0.339812207142194,0.613002909529644,0.762492894131736,0.723348922421336,0.776454053633155,0.0670348434838012,0.452959456407779,0.0675212093117196
"315",11094,0.0733140378120192,0.306567981894736,0.321286107124045,0.626966283264877,0.762492894131736,0.741577769722043,0.78979423205972,0.0593719388923609,0.423632797522431,0.0732872424873075
"316",11095,0.200696632361523,0.473569219876605,0.317302926525962,0.605938098260498,0.762492894131736,0.759505251477224,0.800502498359346,0.059060156725128,0.33577570428632,0.100254594239709
"317",11097,0.00168471882010351,0,0.330799588097156,0.547233549798998,0.762492894131736,0.777145837980552,0.831973668118003,0.0891584152830512,0.348994686196944,0.169358466842087
"318",11098,0.0289464920906887,0.0415528817560006,0.346574894429936,0.524106351131348,0.762492894131736,0.741577769722043,0.843905175815399,0.101132264256508,0.295843018087952,0.24060854314285
"319",11100,0.006205374957533,0.0415528817560006,0.838170628894922,0.508308289265194,0.764398384072275,0.741577769722043,0.851137289858493,0.0897463298877105,0.248880227939082,0.298059976299308
"320",11103,0.0177786642747508,0.0415528817560006,0.85031304299068,0.524106351131348,0.764398384072275,0.704802980355667,0.822098538395193,0.149114852240172,0.252515559916742,0.283568783017912
"321",11104,0.00393938471050097,0.0791195584010167,0.838624797378823,0.516246818315616,0.764398384072275,0.723348922421336,0.833280926398466,0.222743186005678,0.251663804079366,0.337359362682809
"322",11107,0.036503236249834,0.113665682896246,0.886216123028259,0.531889200076578,0.764398384072275,0.759505251477224,0.835594906797514,0.227683443120327,0.290421625504725,0.316022556900688
"323",11108,0.192600717580569,0.415215354125646,0.933879264368078,0.626966283264877,0.764398384072275,0.741577769722043,0.856198567126442,0.169816792704765,0.292917655398622,0.350626286430362
"324",11109,0.0110964810992568,0,0.941056994980583,0.626966283264877,0.764398384072275,0.723348922421336,0.881062329053967,0.140253499325248,0.294032026682735,0.462682896929128
"325",11116,0.177611215758937,0.231753390739774,0.668633235140186,0.680779036069185,0.680207297047916,0.685922796487011,0.5900942195968,0.07709732761698,0.232504269579536,0.555255653699888
"326",11117,0.186736812825031,0.415215354125646,0.703181079361704,0.960189599684264,0.759913045132702,0.893603508628279,0.116643519331839,0.0683463575756101,0.234405957410566,0.155282888300594
"327",11118,0.397896893228,0.71865125654098,0.420676159932155,0.908542804339358,0.761175745991048,0.970480760125891,0.744339596697207,0.0939607803587968,0.50722199290779,0.0915540153246953
"328",11119,0.411681168212122,0.761211824561832,0.329367303207815,0.667614325393677,0.674141865069718,0.861479449252431,0.751740648448759,0.0837352481323678,0.427905649848558,0.131159343070316
"329",11120,0.12276180826089,0.231753390739774,0.373582714415681,0.667614325393677,0.710321996321822,0.845091735341724,0.754257738451711,0.0994523051108326,0.363155933630195,0.161635711710535
"330",11122,0.398708857951485,0.788703704721692,0.332846328588599,0.613002909529644,0.710321996321822,0.777145837980552,0.760149507762362,0.0979760267241827,0.441816507639251,0.146105963118361
"331",11123,0.159005566420045,0.492124590248654,0.322515663935421,0.59881607923987,0.674141865069718,0.759505251477224,0.767069636884196,0.0851520266963658,0.48432678243585,0.106370385165215
"332",11124,0.121406012654158,0.394751479129127,0.321351513388046,0.605938098260498,0.674791350643948,0.741577769722043,0.777741111988748,0.0762476181277894,0.473288314430905,0.0829863855655118
"333",11125,0.352782307346399,0.492124590248654,0.323044755699837,0.59881607923987,0.674791350643948,0.723348922421336,0.782149382589225,0.0685852602287088,0.468712464864099,0.0653263103574303
"334",11126,0.0358862509906748,0.0791195584010167,0.313968466126985,0.613002909529644,0.674791350643948,0.685922796487011,0.801552574157406,0.0634175218066683,0.395727243081617,0.0605228570976247
"335",11127,0.0441084073602528,0.176020831779429,0.29842516544205,0.59881607923987,0.762492894131736,0.723348922421336,0.813257266877486,0.0633326288903035,0.292085652588992,0.0886367376641817
"336",11128,0.0990924478515365,0.257712384106153,0.295018359832906,0.584394708209146,0.762492894131736,0.723348922421336,0.825394677861135,0.0691784051820765,0.278234305474391,0.113654042167406
"337",11129,0.0347150215675049,0.145820431566465,0.304766579089969,0.562296280024933,0.762492894131736,0.741577769722043,0.833112981603857,0.075009810478434,0.325877597343143,0.137066380724394
"338",11130,0.0980630204660406,0.204585080501487,0.344978950799811,0.562296280024933,0.762492894131736,0.759505251477224,0.841166847523338,0.0765378667162177,0.284567911249908,0.183976074710225
"339",11131,0.0214980225736626,0.113665682896246,0.380210072322414,0.577092350024269,0.764398384072275,0.81161871349911,0.844394671669047,0.0710423753093389,0.275385971607884,0.184357560673679
"340",11133,0.0882746344517754,0.231753390739774,0.855925741723049,0.500288333011817,0.764398384072275,0.741577769722043,0.820845904612037,0.0681874567696029,0.252354060389193,0.220997652523381
"341",11134,0.068196860271402,0.204585080501487,0.846437865326822,0.524106351131348,0.764398384072275,0.723348922421336,0.821656784259663,0.0851596836407561,0.248279151881734,0.235377493425724
"342",11135,0.0558670291761564,0.282610470971695,0.846437865326822,0.531889200076578,0.764398384072275,0.704802980355667,0.835121123182815,0.130133908879022,0.287523888957159,0.277552946605119
"343",11137,0.0030930898839464,0,0.851015043079822,0.547233549798998,0.764398384072275,0.704802980355667,0.807370745178386,0.250122481260156,0.25217774459486,0.321131609449213
"344",11138,0.0195090369815274,0.0791195584010167,0.887233755612508,0.547233549798998,0.764398384072275,0.723348922421336,0.818322835772978,0.245084672537922,0.257325968913571,0.315471016432387
"345",11139,0.0874764138940911,0.0791195584010167,0.897622233146115,0.584394708209146,0.764398384072275,0.759505251477224,0.843399195456478,0.203728556734002,0.270296140029049,0.338740025263107
"346",11140,0.0673174312920225,0.176020831779429,0.90547866331925,0.640716438151503,0.764398384072275,0.759505251477224,0.878819538738973,0.16881560990541,0.298475004893379,0.330323537421394
"347",11141,0.000961944692927384,0,0.862190598593598,0.569726764419342,0.575738849193345,0.647082879744186,0.89319956513415,0.159344512922504,0.325257569883946,0.321244499256133
"348",11142,0.0735642373239425,0.113665682896246,0.70593971116928,0.475713623721846,0.575738849193345,0.647082879744186,0.896933145671423,0.142832101403665,0.349000770474745,0.450805326791691
"349",11143,0.0947830726831025,0.113665682896246,0.729404546739457,0.569726764419342,0.75023346884112,0.704802980355667,0.900438414969316,0.126002137855894,0.360107367962967,0.497694940818284
"350",11144,0.0164784959913605,0.0415528817560006,0.812221020177597,0.547233549798998,0.744876438030773,0.685922796487011,0.895411186433686,0.111717090677433,0.319145231498361,0.539743549111569
"351",11148,0.055511204031865,0.145820431566465,0.664583675973568,0.605938098260498,0.680207297047916,0.685922796487011,0.522974378317599,0.0948770892396444,0.150682983385961,0.641540553755671
"352",11149,0.11548684371009,0.176020831779429,0.627003142320578,0.924270674128745,0.759913045132702,0.909356562899698,0.332509764133247,0.0934408633738607,0.344699338352839,0.0749087356832622
"353",11150,0.333839900122659,0.562589407938659,0.330192008537381,0.693764609989646,0.705152967132192,0.940282650872626,0.769686808333054,0.0884946121614187,0.674823807666001,0.141743367494601
"354",11151,0.279835975851721,0.282610470971695,0.328912126708753,0.660962432145773,0.762492894131736,0.877647163913821,0.748601161606601,0.0793640626184325,0.459295308641371,0.135570332913437
"355",11152,0.0532913408262888,0.176020831779429,0.554078455208774,0.667614325393677,0.762492894131736,0.861479449252431,0.760934988033005,0.0862837170390671,0.397767036359152,0.104177785507277
"356",11153,0.0911066563916421,0.204585080501487,0.328906133103967,0.647514548205899,0.674141865069718,0.777145837980552,0.769569110673603,0.0892463963687192,0.398097358820862,0.080390874446747
"357",11154,0.039105008901313,0.113665682896246,0.316977381500906,0.605938098260498,0.670992449338945,0.723348922421336,0.774454673896161,0.0843633172985792,0.400560096754794,0.0742648015662205
"358",11155,0.0946301200855601,0.257712384106153,0.341149168728132,0.613002909529644,0.670992449338945,0.685922796487011,0.780681176175947,0.0776428279673683,0.48429384132351,0.0977834371644571
"359",11156,0.126263485934825,0.373710818176806,0.321118625488796,0.59881607923987,0.674791350643948,0.704802980355667,0.786227770907251,0.0731524111876881,0.508915031605343,0.0969095177007536
"360",11157,0.128971032667108,0.352041663558859,0.322868422766527,0.59881607923987,0.674791350643948,0.723348922421336,0.795880829574494,0.0694470935615451,0.478699313553085,0.0703858730509862
"361",11158,0.0908142434420891,0.204585080501487,0.296760162054496,0.569726764419342,0.674791350643948,0.685922796487011,0.811428394293437,0.0662601783975241,0.370297517186915,0.0668896554065127
"362",11159,0.00302605573671864,0,0.29597729542725,0.554799150511983,0.753651948477426,0.704802980355667,0.822313947319097,0.0651610428029624,0.33437036577116,0.0894614999365944
"363",11160,0.147057570270524,0.257712384106153,0.300849751760097,0.539597566857884,0.753651948477426,0.704802980355667,0.82903381746067,0.0654559823245864,0.339191493707011,0.111254967773249
"364",11163,0.0347604853286084,0.113665682896246,0.373190593475217,0.62001186986015,0.764398384072275,0.828474789231782,0.846768411958563,0.0589854436509165,0.282380318274583,0.149045102260204
"365",11164,0.0428814145351159,0.176020831779429,0.723423861539315,0.680779036069185,0.764398384072275,0.794512877305856,0.846749165800411,0.0618837795657943,0.269509212091155,0.192134891654283
"366",11165,0.185714634561506,0.473569219876605,0.689639452830707,0.531889200076578,0.764398384072275,0.741577769722043,0.843218606135261,0.0749383918024166,0.266315077533742,0.233292773846021
"367",11167,0.0433496002923569,0.145820431566465,0.872869219970395,0.591635439812507,0.764398384072275,0.723348922421336,0.846742503668743,0.124944786285747,0.289836611708951,0.33463882278345
"368",11168,0.147690247340917,0.415215354125646,0.932425701881588,0.712922536827733,0.764398384072275,0.777145837980552,0.885329200166319,0.181814671568407,0.294569867702055,0.370921324742844
"369",11169,0.0843693484906698,0.176020831779429,0.942950494412792,0.737902168696802,0.764398384072275,0.794512877305856,0.891065583105737,0.221359063867387,0.23796002165533,0.347955666761813
"370",11170,0.0352570242593975,0.0791195584010167,0.940681927055648,0.706578166765427,0.764398384072275,0.777145837980552,0.862809714657723,0.205205563888972,0.196165268599415,0.383379670154997
"371",11171,0.00318874955677712,0.0791195584010167,0.920238105011865,0.687293758871624,0.764398384072275,0.794512877305856,0.879736700510691,0.167507841893171,0.211179019935633,0.382246979157049
"372",11172,0.0672108053176613,0.145820431566465,0.909593154481275,0.674219536958639,0.764398384072275,0.81161871349911,0.882979949935836,0.146072650312088,0.286877821631561,0.333052837255822
"373",11175,0.247150775034616,0.257712384106153,0.857629092423927,0.591635439812507,0.75023346884112,0.704802980355667,0.893407034812709,0.141988090984476,0.320993670507578,0.370147310133445
"374",11176,0.0912140560708829,0.145820431566465,0.830249368425765,0.584394708209146,0.744876438030773,0.685922796487011,0.87940841570637,0.116121252731121,0.298809150301607,0.428076413374544
"375",11177,0.102170982199879,0.145820431566465,0.530550207335122,0.508308289265194,0.738372721795465,0.606655713326245,0.88016592123148,0.0880686335252059,0.275739225011365,0.50399756831194
"376",11180,0.0743396030241827,0.204585080501487,0.797094197218001,0.647514548205899,0.504458804834353,0.704802980355667,0.489359229578645,0.078133392680003,0.0830469084992531,0.583529343937052
"377",11181,0.0857272538744809,0.204585080501487,0.854677459951616,0.934642187564617,0.761175745991048,0.940282650872626,0.386775399827243,0.107594559125419,0.237397422631048,0.0821587335364641
"378",11182,0.226721327995266,0.43514742707086,0.550127654911389,0.667614325393677,0.710321996321822,0.893603508628279,0.779698059783502,0.093222901273985,0.501234212297494,0.110847395436292
"379",11183,0.236281667863705,0.306567981894736,0.550127654911389,0.654262853243956,0.762492894131736,0.893603508628279,0.757498641301414,0.0798178025683712,0.378664963902936,0.0667045646453891
"380",11184,0.0140052245454132,0.0791195584010167,0.554078455208774,0.667614325393677,0.762492894131736,0.877647163913821,0.771583284471136,0.0783389881237048,0.403646737465529,0.0382478916916734
"381",11185,0.186186391959698,0.373710818176806,0.562210051641381,0.674219536958639,0.762492894131736,0.845091735341724,0.782617226514954,0.0766182239903653,0.399747098082415,0.0325850050542033
"382",11186,0.0968467343245813,0.231753390739774,0.550545321209164,0.647514548205899,0.72890515025556,0.777145837980552,0.786692177002216,0.0739464055879368,0.370052379672144,0.0522435217308237
"383",11187,0.0446229392475202,0.145820431566465,0.34084113753006,0.605938098260498,0.674141865069718,0.723348922421336,0.790785811352324,0.071163667160928,0.396950501503198,0.0856682318885789
"384",11188,0.0130018942736718,0.176020831779429,0.337410039426387,0.584394708209146,0.72890515025556,0.741577769722043,0.796359954994549,0.0700807541318564,0.439155460193615,0.0826463180780923
"385",11189,0.0389279885248487,0.0791195584010167,0.324119024567713,0.626966283264877,0.72890515025556,0.741577769722043,0.799662140914394,0.0682040224306097,0.490305094226873,0.0452061956650334
"386",11190,0.0295537336448318,0.0415528817560006,0.329362312807303,0.633867403789273,0.763515608390936,0.759505251477224,0.813111906424526,0.0653495590807743,0.378570073111587,0.0704169680497216
"387",11191,0.0721446747002058,0.204585080501487,0.333898445536331,0.62001186986015,0.763515608390936,0.759505251477224,0.830346648870508,0.0633461545330488,0.334956126389082,0.0867696363630592
"388",11192,0.227656301711915,0.257712384106153,0.333865095683093,0.62001186986015,0.763515608390936,0.759505251477224,0.837571698634025,0.0612668308127025,0.444953416568858,0.099730349481361
"389",11193,0.0614797656676051,0.0791195584010167,0.303072198331619,0.591635439812507,0.674791350643948,0.704802980355667,0.837072092141456,0.0585254658962549,0.432377139804739,0.117990447611958
"390",11196,0.0917327380310106,0.231753390739774,0.780306722735878,0.731715450455106,0.764398384072275,0.81161871349911,0.859302899513133,0.0677618704698109,0.311726681525051,0.243091139606717
"391",11197,0.318875987686441,0.689311620735801,0.775985297642183,0.674219536958639,0.764398384072275,0.794512877305856,0.863031824860437,0.0958118751145986,0.28638015582178,0.257085679685981
"392",11198,0.0759260381224572,0.176020831779429,0.786440945837997,0.712922536827733,0.764398384072275,0.777145837980552,0.860664579437531,0.112543095190444,0.257561025954211,0.314470433248248
"393",11199,0.144591441547786,0.257712384106153,0.995513989751286,0.768284862896913,0.764398384072275,0.794512877305856,0.864958504797376,0.12882900948975,0.254250244764363,0.358140221444476
"394",11200,0.142339410661841,0.257712384106153,0.993835168663905,0.774255694803079,0.764398384072275,0.794512877305856,0.883388267111147,0.155426909582938,0.269207609683516,0.396540598525534
"395",11201,0.0910372381381064,0.231753390739774,0.927599639234889,0.750163452048474,0.764398384072275,0.794512877305856,0.905621598820551,0.16989913282437,0.245855531519935,0.432828958748654
"396",11202,0.279922884249444,0.352041663558859,0.912671808363183,0.737902168696802,0.764398384072275,0.777145837980552,0.876531663122998,0.146413548060421,0.214522086077862,0.47825543687687
"397",11206,0.0124616825798177,0,0.854875844096685,0.584394708209146,0.75023346884112,0.723348922421336,0.899784169199824,0.143950727272522,0.292043721537477,0.508181266985863
"398",11207,0.102042484335467,0.0791195584010167,0.819658158486519,0.569726764419342,0.75023346884112,0.704802980355667,0.888678789715335,0.13194224829778,0.272214109086398,0.472793102860196
"399",11209,0.0140755530305625,0.0415528817560006,0.54087254276623,0.524106351131348,0.738372721795465,0.58578245863579,0.867750621261458,0.0926318697022963,0.2416791076071,0.472841606075541
"400",11210,0.173568247104831,0.306567981894736,0.501615976663283,0.441635129416098,0.733187668046925,0.520139193232302,0.901727381189559,0.0924528588892418,0.223691951718901,0.558404127723973
"401",11216,0.000403234232738193,0.0415528817560006,0.786753725856883,0.826535906331694,0.759913045132702,0.704802980355667,0.304298569822387,0.0547011099537158,0.062481831024544,0.372583556977785
"402",11217,0.294437428827549,0.492124590248654,0.722838805615409,0.924270674128745,0.857966663312973,0.970480760125891,0.576395258901236,0.131031044026478,0.241087431115591,0.0588031441391086
"403",11219,0.154549950615243,0.257712384106153,0.550127654911389,0.654262853243956,0.762492894131736,0.893603508628279,0.769790441492322,0.0800105239338315,0.250327178888672,0.0356460899472247
"404",11220,0.0647802017554139,0.113665682896246,0.554103051972233,0.674219536958639,0.762492894131736,0.877647163913821,0.786431336041523,0.0724465336559438,0.365294255638954,0
"405",11221,0.352455908234774,0.643682526691789,0.612436392887797,0.712922536827733,0.762492894131736,0.861479449252431,0.797839496284628,0.0689659510247954,0.400360652792434,0.0370500828595706
"406",11222,0.424906149790668,0.976886473534476,0.596726020693447,0.706578166765427,0.763515608390936,0.845091735341724,0.801557335873311,0.067419825141415,0.38891019934496,0.0861444924600959
"407",11223,0.142335232610317,0.306567981894736,0.5944253333282,0.693764609989646,0.753651948477426,0.794512877305856,0.800828942811039,0.0670889138508708,0.384211880898325,0.100137459882932
"408",11224,0.219488968631969,0.595859525062267,0.35325310991525,0.660962432145773,0.753651948477426,0.777145837980552,0.803399045160845,0.0679332359972859,0.378953748470268,0.0979000317315737
"409",11225,0.0695808006096287,0.282610470971695,0.347750116954914,0.654262853243956,0.763515608390936,0.777145837980552,0.816413889491005,0.0663518307290787,0.377885882573692,0.0877633216581478
"410",11226,0.211443130778883,0.282610470971695,0.353183799423066,0.654262853243956,0.763515608390936,0.777145837980552,0.823414309399452,0.0625275035487335,0.344459870820705,0.108364933919839
"411",11227,0.00146080702185932,0,0.325883751817478,0.591635439812507,0.763515608390936,0.759505251477224,0.828107781158942,0.0588333606798109,0.351909436559458,0.120998171182665
"412",11228,0.0609238324213856,0.204585080501487,0.330592598625295,0.605938098260498,0.763515608390936,0.741577769722043,0.832687996680093,0.0557494980319439,0.387549504423788,0.140308066781822
"413",11229,0.247580893443081,0.394751479129127,0.33491188213543,0.62001186986015,0.763515608390936,0.741577769722043,0.84363202841705,0.0532380116015347,0.299037722968073,0.155342828253426
"414",11232,0.0787585433035853,0.231753390739774,0.747402393913076,0.774255694803079,0.764398384072275,0.81161871349911,0.868010618779194,0.0700297106227955,0.300839752609396,0.273320876273997
"415",11233,0.303427696281405,0.775041590701095,0.771272212037233,0.809389620403402,0.764398384072275,0.828474789231782,0.89495190912263,0.110991636618039,0.275498688335035,0.267001558694275
"416",11234,0.229889032320422,0.415215354125646,0.781940115187459,0.791967469782159,0.764398384072275,0.81161871349911,0.89082767950225,0.12922750393951,0.2670383734625,0.280526528479662
"417",11235,0.0702658280040891,0.231753390739774,0.677282434550549,0.725490423262294,0.764398384072275,0.741577769722043,0.871294309454238,0.128404436374552,0.236022460970045,0.258573282902889
"418",11236,0.00872803738630407,0,0.648199952971171,0.674219536958639,0.763515608390936,0.685922796487011,0.864046650437257,0.128817177803705,0.248051707471189,0.355943780975475
"419",11237,0.232370665371688,0.352041663558859,0.607074514804185,0.667614325393677,0.763515608390936,0.704802980355667,0.858993681851824,0.121125871795168,0.230367320038001,0.400933754249932
"420",11239,0.0986776817348012,0.145820431566465,0.560031993571628,0.584394708209146,0.761609916541773,0.685922796487011,0.81913685075073,0.0761098734837106,0.197112616859119,0.46291335861757
"421",11240,0.119947449043363,0.204585080501487,0.561577179026314,0.605938098260498,0.761609916541773,0.704802980355667,0.847905045644655,0.0770833494163862,0.236672998507743,0.491963758677832
"422",11241,0.000419483590323383,0,0.563225960107311,0.584394708209146,0.638985243381296,0.685922796487011,0.875675401262224,0.1007901943107,0.273553127479531,0.525554869379646
"423",11242,0.149930567282752,0.204585080501487,0.566332602420577,0.584394708209146,0.75023346884112,0.685922796487011,0.897873994095515,0.123356135137497,0.268831277940538,0.559936771937127
"424",11244,0.0191882353223771,0,0.545689277486007,0.569726764419342,0.744876438030773,0.666689620312518,0.852902014513431,0.0908401357349528,0.179767593090548,0.591312585863752
"425",11245,0.117144122293084,0.176020831779429,0.540774648970232,0.539597566857884,0.733187668046925,0.564429170803794,0.869143181162608,0.0975249592344009,0.200107423631015,0.563306678800568
"426",11246,0.136684119999787,0.176020831779429,0.501615976663283,0.441635129416098,0.733187668046925,0.497119028924538,0.919597473628939,0.147104587144141,0.198557252686426,0.543417221358637
"427",11249,0.0566085698448735,0.113665682896246,0.282729307942148,0.273616774899499,0.477185015830232,0.47345002819282,0.954505312871158,0.208279341812618,0.103781637810626,0.750427527560035
"428",11251,4.46650944736814e-05,0,0.230822026267971,0.20030138102957,0.477185015830232,0.449074024146648,0.92323159463011,0.0780125226953578,0.0964550244517673,0.754449673727408
"429",11254,0.145360395522955,0.257712384106153,0.778890075400429,0.854534088951986,0.759586274921331,0.685922796487011,0.396191222568663,0.0695262840632116,0.085686142764702,0.413833902228762
"430",11255,0.376550241116123,0.67432733903765,0.899076875983675,0.929467607202242,0.857578704793463,0.940282650872626,0.651253409008424,0.142994461053462,0.265022644869924,0.0448754242024781
"431",11256,0.35574328559963,0.415215354125646,0.588715918024787,0.706578166765427,0.710321996321822,0.845091735341724,0.783520778122311,0.0991321928136023,0.355192443358525,0.0357616931698613
"432",11257,0.0142916018678287,0,0.550215333932905,0.674219536958639,0.710321996321822,0.81161871349911,0.793597732711025,0.0745736247566815,0.268869333982311,0.0241944937780507
"433",11258,0.33799970790642,0.659121031693805,0.596682332309038,0.706578166765427,0.763515608390936,0.861479449252431,0.808313890445025,0.066756274696624,0.311669271476658,0.0455201041149562
"434",11259,0.383827109436421,0.917262605502248,0.612436392887797,0.731715450455106,0.763515608390936,0.861479449252431,0.810173682152967,0.0640762466192119,0.341094757659599,0.0666081031946301
"435",11260,0.321489255645393,0.659121031693805,0.576365515146823,0.674219536958639,0.763515608390936,0.828474789231782,0.808527260158757,0.0632282278353638,0.362805032836629,0.117570268072214
"436",11261,0.173466889267391,0.492124590248654,0.5944253333282,0.70019246399063,0.763515608390936,0.845091735341724,0.813976221919899,0.0644513068400959,0.366240721401453,0.143523848125738
"437",11262,0.393266390049166,0.689311620735801,0.355832174477866,0.693764609989646,0.763515608390936,0.845091735341724,0.815898791407008,0.0661044427597103,0.384346948568238,0.138174869938199
"438",11263,0.0487721771883402,0.0415528817560006,0.353714972526621,0.667614325393677,0.763515608390936,0.81161871349911,0.81129845069645,0.0636360942426173,0.33690164885748,0.150754642072989
"439",11265,0.0373379764717778,0,0.346096867590519,0.605938098260498,0.763515608390936,0.759505251477224,0.826622581327543,0.0552162028091112,0.342178980118886,0.180111076920504
"440",11266,0.0166198429364172,0.0415528817560006,0.346077788276248,0.59881607923987,0.763515608390936,0.741577769722043,0.830966579439822,0.0513637193465692,0.333780286705464,0.193573716570724
"441",11267,0.0439775047918017,0.145820431566465,0.33099343284798,0.605938098260498,0.763515608390936,0.741577769722043,0.837803752210602,0.0485558154207993,0.231314439928696,0.204094009482831
"442",11268,0.0380788112106937,0.231753390739774,0.332882850886514,0.62001186986015,0.763515608390936,0.741577769722043,0.848524552713081,0.0479047475526458,0.240713192073325,0.211509551632388
"443",11269,0.101505760658833,0.257712384106153,0.339873742671041,0.654262853243956,0.763515608390936,0.741577769722043,0.856601586622495,0.0524783656143894,0.319223960404463,0.177558935825016
"444",11270,0.0355516159718193,0.0791195584010167,0.357946058068754,0.667614325393677,0.763515608390936,0.723348922421336,0.863837846703719,0.0678675395537579,0.316463458367192,0.210392887719368
"445",11271,0.0618681446683379,0.176020831779429,0.378076433734787,0.712922536827733,0.763515608390936,0.723348922421336,0.890132394244945,0.10394223325809,0.249573309153945,0.216042149858141
"446",11272,0.0588034332541473,0.0791195584010167,0.395930445784865,0.70019246399063,0.763515608390936,0.741577769722043,0.883699166588947,0.120570222767307,0.257455514730424,0.268453416416894
"447",11273,0.0153325118765679,0.0415528817560006,0.64034097131494,0.667614325393677,0.763515608390936,0.723348922421336,0.861049093334955,0.119419210077828,0.238925355302489,0.280406461611738
"448",11274,0.154374898789312,0.282610470971695,0.618612211431955,0.654262853243956,0.763515608390936,0.723348922421336,0.849609337790068,0.111470570245162,0.246556157329375,0.306398190261607
"449",11275,0.0317659280901279,0.0415528817560006,0.580529520369883,0.633867403789273,0.763515608390936,0.704802980355667,0.825647143893918,0.097185629695305,0.23667946547322,0.369400585363521
"450",11277,0.0495788878273238,0.0415528817560006,0.560031993571628,0.584394708209146,0.761609916541773,0.666689620312518,0.809824667594957,0.0705594513389183,0.172560139089323,0.455395163006993
"451",11279,0.0140552421616047,0,0.563118280373632,0.584394708209146,0.638985243381296,0.666689620312518,0.850258415185422,0.0871862215894756,0.224513204570646,0.539985315562857
"452",11280,0.150001795833444,0.329684086508448,0.566172763219371,0.584394708209146,0.75023346884112,0.685922796487011,0.879308458819546,0.109508214072354,0.247557420989161,0.564745389530724
"453",11282,0.0735248582251542,0.113665682896246,0.534328514944702,0.539597566857884,0.75023346884112,0.666689620312518,0.846764906510009,0.102347280361775,0.150983248439669,0.659509772731849
"454",11283,0.0854867636148192,0.145820431566465,0.524515816717806,0.516246818315616,0.733187668046925,0.564429170803794,0.861196322174202,0.104232644414342,0.169132010651597,0.639306821087387
"455",11284,0.0110163693362408,0,0.494518363859613,0.441635129416098,0.733187668046925,0.497119028924538,0.915020046913677,0.159947563048451,0.173062540991288,0.617218238823582
"456",11285,0.0759462629789461,0.113665682896246,0.417877678008088,0.368071441670836,0.619720700828105,0.397919898949678,0.952068278555992,0.23580375689485,0.164526112511907,0.643056283128172
"457",11286,0.0201067400649136,0.0415528817560006,0.355893666771684,0.284901128075282,0.619720700828105,0.42392360188735,0.998630333160767,0.292080688744517,0.16936808068529,0.644917934629815
"458",11287,0.152580730204144,0.282610470971695,0.238316243250047,0.1869488866532,0.477185015830232,0.47345002819282,0.92107212376757,0.261247913159158,0.0960271490580051,0.741967418752017
"459",11288,0.105944830422726,0.0791195584010167,0.226273893756661,0.173197547480325,0.477185015830232,0.47345002819282,0.926836469133594,0.188445702149868,0.0517437098952098,0.809493704162677
"460",11289,0.0536677441614523,0.0415528817560006,0.250558143126599,0.225936824181398,0.477185015830232,0.42392360188735,0.91490834975806,0.115053405273116,0.0694062445754201,0.708660110127562
"461",11290,4.46650944736814e-05,0,0.22687460861483,0.20030138102957,0.477185015830232,0.42392360188735,0.94714079948807,0.0590720381914564,0.0843204609071047,0.714633694927893
"462",11293,0.240187657900677,0.373710818176806,0.835742186785053,0.750163452048474,0.857578704793463,0.685922796487011,0.378996460030333,0.0848090838387686,0.0597468551636031,0.398053312342328
"463",11294,0.37509205637261,0.473569219876605,0.854793263815707,0.876441976330102,0.857578704793463,0.909356562899698,0.637787185645853,0.149216383990328,0.217141361893848,0.0794366078742755
"464",11295,0.275798934258933,0.282610470971695,0.762716349402656,0.837819818818582,0.710321996321822,0.828474789231782,0.774572001437195,0.0969716638343877,0.27790799548071,0.056006416229752
"465",11297,0.089557695026832,0.329684086508448,0.590596101372183,0.706578166765427,0.711419660690171,0.861479449252431,0.823454282189454,0.0623711857632921,0.269284251468494,0.105778261856798
"466",11298,0.237890362786858,0.628000850738346,0.59042697816361,0.687293758871624,0.763515608390936,0.877647163913821,0.818734902140145,0.0612004769758703,0.305769590389806,0.137544883499125
"467",11299,0.14653848627608,0.394751479129127,0.554270938826663,0.640716438151503,0.763515608390936,0.828474789231782,0.814418210938272,0.061078762293119,0.340370456354278,0.182914744427905
"468",11304,0.0322480173146561,0.113665682896246,0.342542288303277,0.605938098260498,0.763515608390936,0.777145837980552,0.822519733163925,0.0536050073746886,0.31645845179501,0.234958564744721
"469",11305,0.0890390597789958,0.176020831779429,0.342542288303277,0.59881607923987,0.763515608390936,0.741577769722043,0.829367664280877,0.0496368253225743,0.31968952002836,0.234810122587511
"470",11307,0.120489532053833,0.306567981894736,0.334803644764943,0.584394708209146,0.763515608390936,0.741577769722043,0.846989742777283,0.0450740624561625,0.277213532533162,0.259832612185664
"471",11308,0.00525822697287907,0,0.33688193394509,0.605938098260498,0.763515608390936,0.741577769722043,0.850222357109539,0.0493208083410057,0.289642416827781,0.242951230278406
"472",11309,0.0248550766048539,0.0791195584010167,0.367129811982003,0.660962432145773,0.763515608390936,0.723348922421336,0.858514860442981,0.0619577197461348,0.30433809096092,0.2690057977114
"473",11310,0.102145499541146,0.113665682896246,0.350159331809666,0.660962432145773,0.763515608390936,0.723348922421336,0.880483609733757,0.0894431139608844,0.26160534207147,0.260470643566832
"474",11312,0.00100340543410475,0,0.330180596065079,0.640716438151503,0.763515608390936,0.741577769722043,0.849986221553785,0.109298113432648,0.244122331892802,0.322557790345438
"475",11313,0.0491236172922711,0.113665682896246,0.35075382726531,0.626966283264877,0.763515608390936,0.723348922421336,0.837013200605755,0.0981232757024087,0.257713829583798,0.331089165962381
"476",11316,0.00228034267265309,0.0415528817560006,0.560031993571628,0.577092350024269,0.761609916541773,0.647082879744186,0.804764041915753,0.0882131821805856,0.185612946674484,0.473342634688113
"477",11319,0.0450649220490457,0.176020831779429,0.526883367683491,0.562296280024933,0.638985243381296,0.666689620312518,0.865534156391151,0.107138293713614,0.240741944725967,0.547065487433115
"478",11320,0.00296904536750652,0.0791195584010167,0.530790481123079,0.547233549798998,0.75023346884112,0.685922796487011,0.864063675884848,0.130358392590612,0.218094197743005,0.572730866519395
"479",11321,0.0129277025353984,0,0.524414890232037,0.524106351131348,0.75023346884112,0.666689620312518,0.85110990109497,0.141269174350157,0.140938988280541,0.610976043691889
"480",11322,0.0172891263217851,0.0415528817560006,0.507540036628677,0.492184391287581,0.733187668046925,0.520139193232302,0.848600128048598,0.13178494535134,0.117996152105227,0.578716594087644
"481",11323,0.0520024861872401,0.113665682896246,0.390270992571835,0.368071441670836,0.620947316189844,0.449074024146648,0.882739111421508,0.164493347021935,0.135703806060609,0.613677151163399
"482",11324,0.0621156124469808,0.176020831779429,0.371662860895759,0.284901128075282,0.619720700828105,0.397919898949678,0.924453678736791,0.229579545009739,0.144133545299218,0.62598489525969
"483",11325,0.140425622144267,0.176020831779429,0.332967128720518,0.262094778184694,0.477185015830232,0.42392360188735,0.984692673270955,0.292575258299535,0.141319720932487,0.661382681962132
"484",11326,0.0118465418352324,0,0.200163240573618,0.173197547480325,0.477185015830232,0.47345002819282,0.949464801488888,0.280342715306623,0.0726345323900788,0.751401784620161
"485",11335,0.0703120570053698,0.145820431566465,0.827626524341915,0.791967469782159,0.856982850761127,0.845091735341724,0.409606380188136,0.122500549731028,0.0809463231033734,0.193279179721501
"486",11336,0.0158161767364629,0.113665682896246,0.913273025764866,0.908542804339358,0.856982850761127,0.877647163913821,0.55391072695075,0.09895347643372,0.17266774078549,0.131038798696147
"487",11337,0.186311354764984,0.510280780360892,0.715529466747544,0.791967469782159,0.858430197945664,0.877647163913821,0.82627051329252,0.0731137825960852,0.251906603128872,0.156062907663293
"488",11339,0.0739251240204172,0.231753390739774,0.561240417814605,0.654262853243956,0.763515608390936,0.845091735341724,0.82348722272936,0.062075924202555,0.291449843411742,0.18710675094743
"489",11348,0.030224549619903,0.113665682896246,0.334193805672494,0.605938098260498,0.763515608390936,0.759505251477224,0.843922201262994,0.043155498338619,0.279586803733079,0.28957610217267
"490",11350,0.160165250227868,0.176020831779429,0.357003505725064,0.647514548205899,0.763515608390936,0.741577769722043,0.846776924682358,0.053673521195975,0.292266566648858,0.317212253316997
"491",11353,0.12860334142195,0.204585080501487,0.325162384799511,0.613002909529644,0.763515608390936,0.741577769722043,0.840629257627303,0.0920858635337448,0.257932463849046,0.376700312870333
"492",11355,0.000190747348634239,0,0.307498848363534,0.584394708209146,0.761609916541773,0.685922796487011,0.788821033617269,0.0938845260024052,0.238796873348066,0.422603124831499
"493",11358,0.000775439128598545,0,0.523770635250984,0.577092350024269,0.638985243381296,0.647082879744186,0.797995316141954,0.112238282228301,0.216667260895764,0.430266340035598
"494",11359,0.160353209976673,0.204585080501487,0.531160548151196,0.584394708209146,0.638985243381296,0.666689620312518,0.800916660877987,0.102031606785376,0.196431619864342,0.452091655462337
"495",11360,0.116575475102178,0.204585080501487,0.534569724010611,0.584394708209146,0.638985243381296,0.666689620312518,0.859190696688773,0.115774561524042,0.204899655216463,0.490792954899716
"496",11361,0.236538405643124,0.257712384106153,0.53783417797369,0.539597566857884,0.638985243381296,0.666689620312518,0.884521601760888,0.165053727282434,0.183393039474646,0.493097316969231
"497",11362,0.160333886703187,0.145820431566465,0.534426010324964,0.531889200076578,0.63485664787716,0.564429170803794,0.894122473730068,0.20370168953722,0.139953417838047,0.501321012478511
"498",11363,0.0358669344551891,0.113665682896246,0.458954996177734,0.432858700052997,0.620947316189844,0.47345002819282,0.885885488160521,0.206704913591191,0.0998462973840969,0.53602031135758
"499",11364,0.125245404590221,0.257712384106153,0.436146953338089,0.306812056033988,0.619720700828105,0.42392360188735,0.880923310423789,0.219635605177143,0.100893357063453,0.548134810754665
"500",11365,0.0832121085761425,0.113665682896246,0.421103909971803,0.273616774899499,0.619720700828105,0.42392360188735,0.900595844999959,0.251831143458359,0.119844261708832,0.583135312265456
"501",11372,0.179776759229588,0.0415528817560006,0.305421480171504,0.238273338574488,0.477185015830232,0.449074024146648,0.882420222793166,0.169228312769633,0.04877850148284,0.530290990601315
"502",11377,0.15141406967875,0.176020831779429,0.933316954372949,0.908542804339358,0.856982850761127,0.893603508628279,0.562777654081271,0.109177445377013,0.115486468163413,0.182266996832817
"503",11378,0.311156156837892,0.394751479129127,0.748152358188905,0.815135052738331,0.858430197945664,0.909356562899698,0.765814259242325,0.0855719461915557,0.203565585916407,0.156088277777434
"504",11379,0.205763076429738,0.329684086508448,0.589980099548795,0.687293758871624,0.711419660690171,0.861479449252431,0.830901435038024,0.0711799216206764,0.2435407189102,0.235168003133797
"505",11380,0.00134008043212433,0.0415528817560006,0.586588490127253,0.647514548205899,0.763515608390936,0.845091735341724,0.809258389962083,0.0685624360162286,0.30011660454208,0.223103164385663
"506",11383,0.232374469873838,0.204585080501487,0.327368127045463,0.605938098260498,0.763515608390936,0.828474789231782,0.803067789169617,0.0664775225948755,0.259033947100638,0.298587350799634
"507",11385,0.0931670012084726,0.231753390739774,0.324817650285434,0.605938098260498,0.763515608390936,0.794512877305856,0.805886611101668,0.0613527531704438,0.293765047311027,0.330058707496532
"508",11386,0.144043918385089,0.231753390739774,0.331646257508613,0.591635439812507,0.763515608390936,0.777145837980552,0.814356771279567,0.0561973578263673,0.313564412595924,0.334201593156769
"509",11388,0.0476468175701987,0.0415528817560006,0.331739234061238,0.59881607923987,0.763515608390936,0.759505251477224,0.837702361114883,0.0461869169169369,0.301810072200287,0.314444211927328
"510",11389,0.07732683580351,0.176020831779429,0.599015318793653,0.647514548205899,0.763515608390936,0.759505251477224,0.839888650656975,0.0433368868690061,0.265178667297216,0.325550384234734
"511",11392,0.018084260194826,0.0791195584010167,0.330838448266716,0.613002909529644,0.763515608390936,0.741577769722043,0.822137400829921,0.0576559534788385,0.294085125087106,0.356934834795958
"512",11393,0.00345155708954512,0.0415528817560006,0.331342220197725,0.62001186986015,0.763515608390936,0.741577769722043,0.837478439467178,0.0753583952135669,0.283699516938171,0.386013843708336
"513",11396,0.0185173132772511,0,0.304099480374905,0.569726764419342,0.761609916541773,0.666689620312518,0.791919052653163,0.10803190139776,0.263131893536986,0.448285897571723
"514",11400,0.0994058927505684,0.0791195584010167,0.531097852031422,0.577092350024269,0.638985243381296,0.647082879744186,0.813483291794319,0.139986685786623,0.210879193059125,0.393955769013749
"515",11401,0.000881800130420157,0,0.529356242322803,0.562296280024933,0.638985243381296,0.666689620312518,0.867274453229978,0.14374315932586,0.179713782087148,0.461443511366389
"516",11402,0.216400666795583,0.257712384106153,0.531085144294976,0.524106351131348,0.638985243381296,0.627079923289306,0.885169679124733,0.196490138864578,0.17661403593747,0.463358685089193
"517",11403,0.135715302420887,0.176020831779429,0.499996340172334,0.475713623721846,0.63485664787716,0.542561124282565,0.893556932775219,0.247957962944574,0.1510450854962,0.500521583988241
"518",11407,0.0419101817031128,0.0415528817560006,0.337149164419343,0.25031945995179,0.619720700828105,0.449074024146648,0.968827917060967,0.29424441922603,0.0857958272152101,0.614216401036311
"519",11413,0.240115788583837,0.176020831779429,0.311670681753256,0.295961962292366,0.477185015830232,0.497119028924538,0.815031867288501,0.192830148243585,0.0610924365330833,0.451077930476038
"520",11414,0.195626166285837,0.145820431566465,0.308764439888346,0.284901128075282,0.477185015830232,0.520139193232302,0.87715585150782,0.168543019257286,0.160967163643233,0.412305924294864
"521",11418,0.0181139155191546,0.0791195584010167,0.750287415302492,0.826535906331694,0.858430197945664,0.877647163913821,0.746266262533115,0.0959574772968626,0.288815976383781,0.107508272448276
"522",11419,0.0593840178274143,0.113665682896246,0.593389479210793,0.725490423262294,0.711419660690171,0.861479449252431,0.833563022981021,0.0848157928856862,0.190075277063838,0.231865498685209
"523",11420,0.398610936917908,0.659121031693805,0.354420839814411,0.654262853243956,0.763515608390936,0.861479449252431,0.79882880537878,0.0788210621404781,0.263580830222347,0.261755078161271
"524",11421,0.382051529799838,0.67432733903765,0.323982778835737,0.613002909529644,0.763515608390936,0.828474789231782,0.805985359396048,0.0784157873096836,0.266216819619968,0.269746664115635
"525",11422,0.191229867393863,0.231753390739774,0.323963700114747,0.59881607923987,0.763515608390936,0.81161871349911,0.792059409201794,0.0776525933477538,0.273524840011393,0.275208062412028
"526",11423,0.274543687416803,0.373710818176806,0.324374961980244,0.59881607923987,0.763515608390936,0.81161871349911,0.797918471176688,0.0762973494647632,0.268464976126943,0.354049180368115
"527",11426,0.0934187694784515,0.113665682896246,0.316562947843601,0.577092350024269,0.763515608390936,0.759505251477224,0.814883390441077,0.0625318020113652,0.299468580748535,0.377413313906325
"528",11427,0.115365319828634,0.231753390739774,0.330439726338302,0.59881607923987,0.763515608390936,0.759505251477224,0.827620370108792,0.0565728791293213,0.286858137448911,0.388972400294755
"529",11428,0.21974853268232,0.282610470971695,0.5749784290621,0.633867403789273,0.763515608390936,0.759505251477224,0.835593401882026,0.0517327565830336,0.267898380845149,0.36568633256341
"530",11429,0.31805844616332,0.510280780360892,0.598821948492028,0.654262853243956,0.763515608390936,0.741577769722043,0.838410561772838,0.0484994580648077,0.264096695777761,0.373317532532683
"531",11430,0.041510662183748,0.113665682896246,0.597757267278125,0.633867403789273,0.763515608390936,0.741577769722043,0.83067767051607,0.0488660540233647,0.276273399393721,0.385050930243286
"532",11431,0.104297210895754,0.176020831779429,0.355236758764391,0.613002909529644,0.763515608390936,0.723348922421336,0.819699399333026,0.0521345862029394,0.329751005135348,0.397688501100472
"533",11433,0.0382948179955863,0.0791195584010167,0.331255499246421,0.613002909529644,0.763515608390936,0.704802980355667,0.815062670918252,0.0689217909557116,0.29923158745265,0.415906707753571
"534",11434,0.0494108192381785,0.145820431566465,0.301960786051802,0.605938098260498,0.763515608390936,0.704802980355667,0.802796073361404,0.0750610929578084,0.30409690194716,0.434501341310983
"535",11438,5.45808675592086e-07,0,0.521338873058766,0.569726764419342,0.761609916541773,0.647082879744186,0.798826972245066,0.193888489989225,0.260933949992569,0.436573293376631
"536",11439,0.01904284683273,0,0.50777467852328,0.554799150511983,0.638985243381296,0.647082879744186,0.804497588074217,0.19523880530664,0.245422590741157,0.417711311165583
"537",11440,0.177341030309529,0.145820431566465,0.510816976254842,0.539597566857884,0.638985243381296,0.647082879744186,0.825556628174207,0.174981826588307,0.220124589517623,0.438671445610333
"538",11441,0.0014933116867092,0.0415528817560006,0.553269026229132,0.531889200076578,0.638985243381296,0.627079923289306,0.885716777008588,0.17954666721462,0.204578078300724,0.465465662374643
"539",11442,0.0957772596339033,0.0791195584010167,0.532143452750249,0.475713623721846,0.638985243381296,0.606655713326245,0.89236555298723,0.218715716400958,0.196107678660084,0.467924200593445
"540",11443,0.0957772596339033,0.113665682896246,0.499664940416432,0.414970341501822,0.628586525576895,0.520139193232302,0.909759425540563,0.263233503340968,0.142262536103127,0.510762544759517
"541",11444,0.0218034416381991,0,0.476532690856215,0.327925416151371,0.627350934714405,0.47345002819282,0.901140030819975,0.281095661740926,0.107994328691586,0.538757156978633
"542",11445,0.0355045615495207,0.0791195584010167,0.478491510739605,0.295961962292366,0.619720700828105,0.397919898949678,0.897240955411491,0.287033355105879,0.0892500138810579,0.558240457460719
"543",11446,0.0158876546298408,0.0415528817560006,0.398611628128561,0.273616774899499,0.619720700828105,0.449074024146648,0.916629644071789,0.279321043182582,0.0730938357627476,0.57648807246572
"544",11449,0.000510865835489995,0.0415528817560006,0.216252147676276,0.173197547480325,0.477185015830232,0.449074024146648,0.847744878641677,0.282005851367408,0.0308060003584645,0.655121193169278
"545",11450,0.118785988970216,0.145820431566465,0.193494829238616,0.144339752562717,0.477185015830232,0.449074024146648,0.871357474004481,0.282656597473966,0.0467195357578673,0.660377267699683
"546",11453,0.228012766891248,0.145820431566465,0.35490425947287,0.338208933560039,0.477185015830232,0.520139193232302,0.800588980370424,0.216126911569533,0.05766086748675,0.424273116520331
"547",11454,0.33269065161802,0.282610470971695,0.35490425947287,0.338208933560039,0.477185015830232,0.520139193232302,0.867749292778968,0.17808927726757,0.193076604089766,0.415323817283669
"548",11457,0.154363926085161,0.231753390739774,0.823362048392612,0.762279616118981,0.858430197945664,0.845091735341724,0.154659539455764,0.0864640428403805,0.188858368029247,0.317544763749146
"549",11458,0.0211379858795115,0.113665682896246,0.882336041481322,0.881854047405211,0.858430197945664,0.893603508628279,0.699610436155532,0.110082085449289,0.474812923408234,0.150129539692316
"550",11459,0.322031052139716,0.528062495338288,0.749710733201061,0.750163452048474,0.711419660690171,0.877647163913821,0.845113982594557,0.0959359216392162,0.210738840865949,0.212285239758071
"551",11460,0.117321808661972,0.282610470971695,0.351861399011143,0.667614325393677,0.763515608390936,0.877647163913821,0.809910908747034,0.0888960178137947,0.179481322777061,0.289280837227245
"552",11461,0.315992811170005,0.579373029351351,0.343679733744288,0.633867403789273,0.763515608390936,0.845091735341724,0.79198866420719,0.0906781339591683,0.21165998596581,0.339193028166564
"553",11462,0.28774300044944,0.257712384106153,0.343649727923282,0.626966283264877,0.763515608390936,0.828474789231782,0.78168086604444,0.0919344085389086,0.232757954927711,0.338693722728689
"554",11463,0.228488943937762,0.257712384106153,0.343649727923282,0.59881607923987,0.763515608390936,0.794512877305856,0.791323561395755,0.0926372750049458,0.224368539616674,0.380056724992201
"555",11464,0.109154804404134,0.257712384106153,0.33183044041974,0.591635439812507,0.763515608390936,0.777145837980552,0.796645864360933,0.0917174829924047,0.22878731544544,0.350601482685008
"556",11465,0.0626187533624504,0.0791195584010167,0.32424490084146,0.605938098260498,0.763515608390936,0.777145837980552,0.805261851198659,0.0863057445143941,0.23969508571571,0.382654732638156
"557",11467,0.000292398817295633,0,0.545491125063829,0.613002909529644,0.763515608390936,0.759505251477224,0.825230110397166,0.0672613496939161,0.26308242507066,0.43644531230305
"558",11468,0.20829665571042,0.329684086508448,0.592760845201665,0.647514548205899,0.763515608390936,0.759505251477224,0.833659187429788,0.0637370341512244,0.258718104498723,0.403998555685887
"559",11469,0.126152019727414,0.329684086508448,0.595065179272882,0.633867403789273,0.763515608390936,0.723348922421336,0.834773243891901,0.0606257498728877,0.279465430612154,0.418860044675801
"560",11470,0.0109665757028949,0,0.859258695538742,0.626966283264877,0.763515608390936,0.704802980355667,0.82683346341839,0.0604790449549698,0.274475856809126,0.410449581943279
"561",11471,0.0347040336642241,0.0415528817560006,0.853130971728855,0.633867403789273,0.763515608390936,0.704802980355667,0.811147104289711,0.0637822484426876,0.299427538537172,0.433959041117247
"562",11473,0.0541738524857135,0.113665682896246,0.339349136248373,0.591635439812507,0.763515608390936,0.685922796487011,0.789170582511992,0.0752555037169702,0.295200845283267,0.454864554958969
"563",11476,0.0300088118432852,0.145820431566465,0.302461047128719,0.584394708209146,0.761609916541773,0.685922796487011,0.768233225463662,0.144032358905742,0.294137421764433,0.470510467063208
"564",11481,0.208622861365559,0.176020831779429,0.543212392807328,0.508308289265194,0.638985243381296,0.606655713326245,0.887330430495434,0.19509991211579,0.219472847267864,0.494359884989988
"565",11482,0.202043847244545,0.145820431566465,0.512225431686524,0.450305166020116,0.638985243381296,0.542561124282565,0.88724789408645,0.222152711190071,0.209987028801929,0.506171562386373
"566",11483,0.0226024122890794,0,0.503969672425846,0.368071441670836,0.627350934714405,0.47345002819282,0.880260058204481,0.248486074885949,0.153057838815616,0.528557719272532
"567",11487,0.00368872067723082,0,0.295983443842299,0.225936824181398,0.619720700828105,0.449074024146648,0.922006455704406,0.239198482969518,0.0306070297719137,0.627577274764277
"568",11493,0.267715627138142,0.204585080501487,0.394911981753551,0.405849579643647,0.477185015830232,0.564429170803794,0.770729070504357,0.231982049891905,0.118374067554005,0.392278255061055
"569",11494,0.29978233418924,0.176020831779429,0.369942065801399,0.368071441670836,0.477185015830232,0.497119028924538,0.871330163384439,0.191755089660428,0.224665123147746,0.38797178746904
"570",11497,0.238178533598226,0.352041663558859,0.961209584051056,0.903253473202839,0.858430197945664,0.909356562899698,0.497615606121355,0.134392329712912,0.350006498757408,0.249472546316111
"571",11498,0.26443328519025,0.528062495338288,0.880415992245283,0.791967469782159,0.763515608390936,0.893603508628279,0.790323798201913,0.104458295912086,0.234101586399331,0.237778181508932
"572",11499,0.149398282872272,0.282610470971695,0.577750168042763,0.654262853243956,0.763515608390936,0.924913904259433,0.810996413715103,0.0972528287405751,0.180463986905267,0.282834450105539
"573",11500,0.28468441529266,0.473569219876605,0.325935216714275,0.626966283264877,0.763515608390936,0.877647163913821,0.781137231910382,0.104181259486565,0.193985336896247,0.341598218871164
"574",11502,0.302960902633533,0.473569219876605,0.341464221312424,0.62001186986015,0.763515608390936,0.81161871349911,0.789339038771049,0.115421850160316,0.158730687915133,0.41876573425551
"575",11503,0.284471368752848,0.454587121959464,0.338542892882473,0.59881607923987,0.763515608390936,0.777145837980552,0.80001557614486,0.115963976423605,0.199345990709182,0.378705677297982
"576",11504,0.343113999669746,0.528062495338288,0.59261065367989,0.605938098260498,0.763515608390936,0.759505251477224,0.811244253393158,0.111325749615367,0.226020180919621,0.403403345920507
"577",11505,0.0180057865092035,0,0.570116556291783,0.59881607923987,0.763515608390936,0.741577769722043,0.814209163861278,0.0984797544680407,0.237509192825065,0.420379450728833
"578",11506,0.218628062690291,0.579373029351351,0.589227466800259,0.647514548205899,0.763515608390936,0.741577769722043,0.819253214587173,0.0847037916317262,0.216252244814856,0.398665927778149
"579",11507,0.219822438709863,0.415215354125646,0.591992822865915,0.640716438151503,0.763515608390936,0.741577769722043,0.828037591341973,0.0797075978422045,0.222900192897208,0.396087617362521
"580",11508,0.147188116213827,0.306567981894736,0.591010551617783,0.613002909529644,0.763515608390936,0.685922796487011,0.826747065207713,0.0768449944454909,0.263830273172677,0.443654289816729
"581",11509,0.030057651901129,0.0791195584010167,0.592725827814085,0.613002909529644,0.763515608390936,0.685922796487011,0.815441762970193,0.0771589711877542,0.269856837031797,0.446869424725307
"582",11510,0.0145811476778137,0.0415528817560006,0.589668913273268,0.62001186986015,0.763515608390936,0.704802980355667,0.807146832916882,0.0806181383697952,0.257120223284624,0.464958234630051
"583",11511,0.0409106870050075,0.0791195584010167,0.326379766424274,0.59881607923987,0.763515608390936,0.666689620312518,0.801730289420414,0.0808302421401088,0.245730003048853,0.477960469050791
"584",11512,0.0628431129185376,0.113665682896246,0.339501841039869,0.605938098260498,0.763515608390936,0.666689620312518,0.789471757651901,0.0896469834037453,0.259167657883915,0.487526203877744
"585",11513,0.00692171804787401,0.0415528817560006,0.313743887458337,0.605938098260498,0.763515608390936,0.685922796487011,0.795079313681313,0.112696863798514,0.276970988056424,0.486241860945696
"586",11514,0.0964285121398986,0.306567981894736,0.674321492235245,0.660962432145773,0.763515608390936,0.685922796487011,0.803909518778948,0.137184944288441,0.261059524112134,0.468229512755892
"587",11515,0.0853418105695497,0.204585080501487,0.635008256172938,0.62001186986015,0.763515608390936,0.685922796487011,0.75980064745338,0.152533534818488,0.268018362216556,0.468985844020388
"588",11516,0.0266553216164193,0.0791195584010167,0.253262680339281,0.539597566857884,0.761609916541773,0.627079923289306,0.784602954509008,0.193203738375199,0.293712268547881,0.48250646555715
"589",11519,0.0132876085220798,0.0415528817560006,0.562185831234735,0.524106351131348,0.638985243381296,0.606655713326245,0.850486146796748,0.209524531753967,0.163645874260676,0.499437121094357
"590",11520,0.0792978156594318,0.113665682896246,0.534090827922149,0.492184391287581,0.638985243381296,0.564429170803794,0.883216015996712,0.208510746550092,0.224960683940824,0.51490912237735
"591",11521,0.19557337688088,0.204585080501487,0.510830767405295,0.423971862329936,0.638985243381296,0.542561124282565,0.882476896483453,0.222257919545419,0.201349558584871,0.526351644752801
"592",11522,0.0634145361483949,0.0791195584010167,0.492751566868483,0.348322440337609,0.627350934714405,0.47345002819282,0.876070827408472,0.232332641284664,0.151377597682245,0.552695111687086
"593",11524,0.131581783982931,0.0791195584010167,0.394102692657277,0.295961962292366,0.619720700828105,0.449074024146648,0.87885095799827,0.261694738177995,0.0779888201900329,0.578232789779322
"594",11525,0.0113396518235836,0.0791195584010167,0.307314741423256,0.238273338574488,0.619720700828105,0.47345002819282,0.866276760604308,0.23788373732785,0.0463747431011541,0.6029710953972
"595",11531,0.261473261027391,0.231753390739774,0.402510294484482,0.405849579643647,0.636442419357658,0.58578245863579,0.799097176154432,0.307040380584282,0.0635119644514822,0.395854489336557
"596",11532,0.228012766891248,0.145820431566465,0.401933206326452,0.423971862329936,0.477185015830232,0.542561124282565,0.83458516680316,0.243063855393868,0.169142795415206,0.400367981555337
"597",11535,0.362232676095336,0.528062495338288,0.892823059413794,0.86005075199125,0.858430197945664,0.893603508628279,0.0997042368533031,0.157530222485828,0.154491664272376,0.338351536821455
"598",11536,0.284845647985405,0.510280780360892,0.883822776317763,0.86005075199125,0.858430197945664,0.924913904259433,0.676239088172786,0.125646167422327,0.27249971035599,0.290532487238219
"599",11537,0.0464494229565763,0.176020831779429,0.577775773610491,0.693764609989646,0.763515608390936,0.940282650872626,0.802408182267641,0.106253075334145,0.165873839311287,0.300677299248939
"600",11539,0.307883612626485,0.43514742707086,0.341650194981852,0.633867403789273,0.763515608390936,0.861479449252431,0.775581370251694,0.125188592376249,0.169575738829024,0.392408365191238
"601",11541,0.241202101959461,0.204585080501487,0.338603206510538,0.613002909529644,0.763515608390936,0.777145837980552,0.797212714697011,0.142518704944778,0.189760342654004,0.413001162585898
"602",11542,0.37770289188441,0.595859525062267,0.5926797781769,0.62001186986015,0.763515608390936,0.759505251477224,0.814719508287098,0.141712525597001,0.196997776643301,0.389828450683688
"603",11543,0.191327907967462,0.373710818176806,0.545799803151438,0.59881607923987,0.763515608390936,0.741577769722043,0.82007005896988,0.129273958537275,0.208479590765334,0.411725909508071
"604",11544,0.217448501380843,0.373710818176806,0.584874453131779,0.62001186986015,0.763515608390936,0.723348922421336,0.82442668455324,0.110639546546753,0.186460525127202,0.414599907534615
"605",11545,0.113102604472954,0.145820431566465,0.56067456258344,0.605938098260498,0.763515608390936,0.685922796487011,0.809429817643596,0.0972283613632503,0.192766996973403,0.403795279046731
"606",11546,0.0568830354570254,0.204585080501487,0.58669833295465,0.584394708209146,0.763515608390936,0.685922796487011,0.806796704377614,0.0913198087403922,0.228068619860782,0.460351817327972
"607",11547,0.0671238952785191,0.176020831779429,0.591284134244682,0.605938098260498,0.763515608390936,0.647082879744186,0.807131067966945,0.0958187278083709,0.233480003400098,0.482402734279539
"608",11548,0.0225545860275034,0.113665682896246,0.580334051514698,0.59881607923987,0.763515608390936,0.685922796487011,0.801649264910279,0.100303850082748,0.231909683499028,0.488108489245355
"609",11549,0.124661678883913,0.282610470971695,0.3267694428644,0.569726764419342,0.763515608390936,0.666689620312518,0.782214381280399,0.0965905507475716,0.219306228744925,0.510101124190433
"610",11550,0.0432646929705594,0.145820431566465,0.318843443354819,0.577092350024269,0.763515608390936,0.666689620312518,0.792111470199252,0.101940213604165,0.234116306284878,0.511872576369397
"611",11551,0.0225529044553539,0.0791195584010167,0.293024673088411,0.569726764419342,0.763515608390936,0.666689620312518,0.796879817614652,0.121632544588036,0.253998927525402,0.506543783005205
"612",11552,0.211869593105771,0.282610470971695,0.654287213998508,0.605938098260498,0.763515608390936,0.666689620312518,0.80596116203103,0.144600824524922,0.232332375422111,0.483760330742683
"613",11553,0.121236840244382,0.145820431566465,0.622983964802407,0.605938098260498,0.763515608390936,0.647082879744186,0.808134765383506,0.1643665749678,0.236625264047917,0.482947744705371
"614",11554,0.167015370978103,0.231753390739774,0.277469143132441,0.516246818315616,0.761609916541773,0.606655713326245,0.785064537578052,0.193675684416695,0.271933052302828,0.504053162947968
"615",11556,0.00312023616821803,0.0791195584010167,0.562384532472408,0.508308289265194,0.761609916541773,0.58578245863579,0.821620156837969,0.234924109774507,0.204898819062001,0.516321792663141
"616",11557,0.0740837074861447,0.113665682896246,0.543212392807328,0.500288333011817,0.638985243381296,0.542561124282565,0.872280640142563,0.229845709425187,0.15672486027023,0.53908385703337
"617",11558,0.0226024122890794,0.0415528817560006,0.528225232268202,0.475713623721846,0.638985243381296,0.520139193232302,0.887434056671337,0.225627303893717,0.201042878609789,0.536506616012358
"618",11559,0.16659407398225,0.145820431566465,0.48811754601241,0.396604708670238,0.633612815924818,0.520139193232302,0.866115444837529,0.224325237478784,0.20130220805041,0.539757040943216
"619",11560,0.000150740547516596,0,0.460475084419105,0.327925416151371,0.627350934714405,0.497119028924538,0.871164261711084,0.225259814732338,0.149272256496954,0.563559091576075
"620",11561,0.0218034416381991,0,0.385735780911976,0.273616774899499,0.627350934714405,0.497119028924538,0.804889512062159,0.228032411994605,0.0991280091158642,0.593236396221152
"621",11565,9.06850376505081e-05,0,0.215473369091363,0.1869488866532,0.636442419357658,0.520139193232302,0.788697441971349,0.251286054283327,0,0.597193156294909
"622",11566,1.71264749216057e-05,0.0415528817560006,0.192521355874409,0.173197547480325,0.636442419357658,0.542561124282565,0.790851374084643,0.303521368813113,0.00958296981018739,0.373113278161303
"623",11569,0.228012766891248,0.176020831779429,0.437963618649169,0.377721430031665,0.636442419357658,0.58578245863579,0.857438392763283,0.270904042937236,0.0870159606789858,0.4188726009598
"624",11570,0.0738345914255271,0,0.394562627550781,0.358274099672593,0.477185015830232,0.520139193232302,0.866289827181418,0.234345741594019,0.140626078615948,0.430073149315361
"625",11574,0.0918645936742508,0.145820431566465,0.923412838182871,0.919051096144934,0.858430197945664,0.877647163913821,0.441808049976155,0.157135139737244,0.171036491309098,0.309151716871769
"626",11575,0.00221455576869613,0.0415528817560006,0.920705940157722,0.786096437529244,0.858430197945664,0.924913904259433,0.695162894123359,0.116482735863043,0.130444309301872,0.331717012632925
"627",11576,0.00113864535069926,0,0.577452861275751,0.654262853243956,0.763515608390936,0.940282650872626,0.772618292917288,0.112410113792295,0.135261321229521,0.385656207595107
"628",11578,0.073841653728112,0.176020831779429,0.338539297470049,0.626966283264877,0.763515608390936,0.877647163913821,0.777562621169176,0.158035966684138,0.195665757774933,0.4021516195242
"629",11579,0.373532218941105,0.473569219876605,0.674330387898704,0.640716438151503,0.763515608390936,0.861479449252431,0.794362925026099,0.166951821561004,0.201833483976403,0.396127184963258
"630",11580,0.303196858057556,0.492124590248654,0.591863838413793,0.62001186986015,0.763515608390936,0.777145837980552,0.815981437535431,0.171745178559495,0.199656824056375,0.404570590142264
"631",11581,0.347986607924,0.257712384106153,0.574093865153639,0.613002909529644,0.763515608390936,0.723348922421336,0.829485400348849,0.163844209439984,0.194704069047717,0.436416092368297
"632",11582,0.1705158338902,0.352041663558859,0.594505885622478,0.647514548205899,0.763515608390936,0.723348922421336,0.828624560757015,0.144777806284238,0.175874447949516,0.444978200349516
"633",11583,0.0151364522589051,0.0415528817560006,0.549394170471098,0.584394708209146,0.763515608390936,0.666689620312518,0.809039360162638,0.125548329813131,0.160930792940714,0.405581168052994
"634",11584,0.0547826738822913,0.0791195584010167,0.559383101876563,0.584394708209146,0.763515608390936,0.666689620312518,0.77694118884032,0.112186414335337,0.184943173797935,0.43317315319974
"635",11585,0.017485415106316,0.113665682896246,0.563526177058462,0.591635439812507,0.763515608390936,0.647082879744186,0.79925042613287,0.115521761276066,0.1957100534362,0.476126457286874
"636",11586,0.0621036219465828,0.113665682896246,0.557053753214019,0.577092350024269,0.763515608390936,0.627079923289306,0.78730389372239,0.119257071680805,0.225568865253215,0.492515999149132
"637",11588,0.0146415226708161,0.0791195584010167,0.310996902103814,0.554799150511983,0.763515608390936,0.606655713326245,0.782688063031952,0.109399190876845,0.223226216915205,0.56008142028963
"638",11589,0.135608808411922,0.113665682896246,0.264424780531873,0.539597566857884,0.763515608390936,0.58578245863579,0.811460929798087,0.118131173572618,0.224124632104541,0.530671998995495
"639",11591,0.0989524240004608,0.176020831779429,0.289997662691315,0.539597566857884,0.763515608390936,0.606655713326245,0.793090002250697,0.152178301492242,0.213609023764382,0.502607264494263
"640",11593,0.232302513174987,0.373710818176806,0.561246973675425,0.516246818315616,0.761609916541773,0.542561124282565,0.805804245785159,0.222673737359532,0.234756166213786,0.515027290482255
"641",11594,0.0774377685557265,0.113665682896246,0.544653015072059,0.508308289265194,0.761609916541773,0.564429170803794,0.851655686105918,0.241912544610127,0.196959172252633,0.522795907659494
"642",11595,0.0226024122890794,0.0415528817560006,0.530639319223581,0.475713623721846,0.638985243381296,0.542561124282565,0.893691275288789,0.243242013211661,0.180585700585765,0.557472097430182
"643",11596,0.0461945578964949,0.0415528817560006,0.524615982638457,0.450305166020116,0.638985243381296,0.520139193232302,0.895799745685983,0.240864642248432,0.182295174145446,0.551798424302804
"644",11597,0.149067685815887,0.0415528817560006,0.460475084419105,0.338208933560039,0.630759250104573,0.449074024146648,0.88535161677287,0.235593134638834,0.167354699552565,0.556559369126682
"645",11598,0.0369663551136287,0,0.458849664804245,0.295961962292366,0.613394518599807,0.449074024146648,0.831842077050845,0.220094295207695,0.147513078476551,0.578591036975189
"646",11599,0.0803042511597616,0,0.354458139307988,0.262094778184694,0.619720700828105,0.449074024146648,0.771979262504783,0.212701064042791,0.103027554744309,0.597798433646728
"647",11602,0.0837115480544536,0.176020831779429,0.240237146335446,0.1869488866532,0.636442419357658,0.520139193232302,0.827136056181709,0.227245133456561,0.0264354183924936,0.623317932030519
"648",11603,0.00387077997242096,0.0791195584010167,0.263188645517938,0.20030138102957,0.636442419357658,0.520139193232302,0.72297446557016,0.282690762481941,0.0103525363069821,0.509167542691941
"649",11604,1.40836159500583e-05,0,0.269084084041003,0.225936824181398,0.636442419357658,0.564429170803794,0.763204784672037,0.328404165200466,0.0259789136264202,0.275327299911554
"650",11606,0.221787892522139,0.257712384106153,0.341879920850203,0.31746301471993,0.636442419357658,0.606655713326245,0.820269420012517,0.273429771911448,0.0850231442988947,0.287557396138841
"651",11607,0.211084869212146,0.176020831779429,0.341016014593485,0.295961962292366,0.636442419357658,0.542561124282565,0.868656638463047,0.246849253900334,0.147824637840339,0.392111357621874
"652",11611,0.090863844083303,0.113665682896246,0.92594700100406,0.865540699484232,0.858430197945664,0.924913904259433,0.494819583804121,0.153166422257484,0.1600306047047,0.316926795391234
"653",11612,0.327049079588064,0.492124590248654,0.920229283169759,0.854534088951986,0.763515608390936,0.924913904259433,0.601360767002293,0.136693232258776,0.148846537957574,0.345019442112909
"654",11613,0.229959599773097,0.562589407938659,0.669835992374767,0.768284862896913,0.763515608390936,0.924913904259433,0.768077343169229,0.17411464068278,0.202317436353768,0.295927363192992
"655",11614,0.172988523687764,0.394751479129127,0.592318442530826,0.654262853243956,0.763515608390936,0.909356562899698,0.792431014530063,0.18808010383199,0.311193882656342,0.320585434231745
"656",11615,0.230529025044612,0.612064138005298,0.614715869077341,0.654262853243956,0.763515608390936,0.877647163913821,0.802788398184734,0.18442426164662,0.23907360058245,0.366739266496348
"657",11616,0.209231966070384,0.352041663558859,0.614899168563838,0.667614325393677,0.763515608390936,0.794512877305856,0.823598323979113,0.194907661838162,0.218548197220115,0.395804972368164
"658",11617,0.243565044685059,0.373710818176806,0.570132774786368,0.605938098260498,0.708435868384811,0.685922796487011,0.836417842633787,0.197543597876014,0.19592988423861,0.432521137306656
"659",11619,0.191393486389945,0.306567981894736,0.592344848612428,0.591635439812507,0.763515608390936,0.647082879744186,0.820494777205988,0.164348605188236,0.152351610716716,0.45589362611494
"660",11620,0.00306074294490068,0.113665682896246,0.603115267769781,0.577092350024269,0.763515608390936,0.647082879744186,0.809093192618284,0.145835350078741,0.1661888921263,0.452444748528348
"661",11621,0.0396626111772911,0.0415528817560006,0.591388026793827,0.591635439812507,0.763515608390936,0.647082879744186,0.774030559688629,0.137167893833623,0.19922809953116,0.469750581677096
"662",11622,0.0749948554430309,0.113665682896246,0.785169382013347,0.605938098260498,0.763515608390936,0.647082879744186,0.780802429739528,0.13682754062716,0.223776242707171,0.477886775768639
"663",11623,0.028557136140779,0.0415528817560006,0.792208103883249,0.584394708209146,0.763515608390936,0.606655713326245,0.755264725320718,0.127480515639998,0.211719496346732,0.520306751773389
"664",11626,0.0401170771678342,0.145820431566465,0.290353436234913,0.547233549798998,0.763515608390936,0.606655713326245,0.792580289863444,0.123807466182491,0.217208531097968,0.528411693556898
"665",11627,0.0334734954259243,0.176020831779429,0.300722547055386,0.539597566857884,0.763515608390936,0.606655713326245,0.790428738174052,0.145411951899416,0.231545536139149,0.522773835873781
"666",11628,0.0225529044553539,0.113665682896246,0.562704205802865,0.539597566857884,0.761609916541773,0.564429170803794,0.798314859787479,0.182037949562143,0.216044764816648,0.512967226686644
"667",11629,0.0471450331006606,0.145820431566465,0.566146959416203,0.531889200076578,0.761609916541773,0.564429170803794,0.810155553567541,0.213851177756013,0.200385170591105,0.536818034717885
"668",11630,0.135715302420887,0.145820431566465,0.551188220853739,0.524106351131348,0.761609916541773,0.58578245863579,0.839111699440838,0.233700469310228,0.182420761953468,0.53545723506807
"669",11631,0.0740837074861447,0.113665682896246,0.520885160220465,0.483993768992122,0.638985243381296,0.564429170803794,0.900252478872199,0.248875703236897,0.174820348721625,0.564736410094763
"670",11632,0.149067685815887,0.0791195584010167,0.494899784957584,0.387230519958159,0.638985243381296,0.520139193232302,0.897901483171507,0.249061301601016,0.160427985785119,0.578885760132087
"671",11633,0.154483400789353,0.145820431566465,0.498091926844393,0.348322440337609,0.630759250104573,0.497119028924538,0.88909169609966,0.240917790201443,0.145476727325615,0.589016275236302
"672",11634,0.0226024122890794,0.0415528817560006,0.442600082763274,0.295961962292366,0.613394518599807,0.449074024146648,0.869918350967625,0.223394055946242,0.148406135415964,0.603967591279783
"673",11635,0.149067685815887,0.0791195584010167,0.372784763380454,0.273616774899499,0.612271637650349,0.42392360188735,0.75909866794648,0.203610385880721,0.144958148228542,0.607518171292517
"674",11636,0.179134176888382,0.204585080501487,0.349088863037925,0.262094778184694,0.619720700828105,0.449074024146648,0.814858997770221,0.213640977259004,0.0787935972193698,0.597087316211094
"675",11638,0.069815357736837,0.145820431566465,0.258723202869307,0.1869488866532,0.636442419357658,0.542561124282565,0.73823934690797,0.241200311804579,0.0343423331605685,0.604194302938061
"676",11639,0.0558322338644504,0.0791195584010167,0.301985665981521,0.284901128075282,0.636442419357658,0.520139193232302,0.665113683167705,0.296292119222053,0.036121261771149,0.364194587042194
"677",11640,0.00316100367946458,0.113665682896246,0.309981460288462,0.295961962292366,0.636442419357658,0.627079923289306,0.754197279566923,0.32453803814679,0.0354185329939085,0.221441989445303
"678",11641,0.109420593434458,0.113665682896246,0.348369804963265,0.358274099672593,0.636442419357658,0.647082879744186,0.788656273557206,0.301078648257377,0.055911247922469,0.153965607899386
"679",11642,0.387814378338178,0.352041663558859,0.346205374537605,0.327925416151371,0.636442419357658,0.564429170803794,0.827768258030547,0.249045184836126,0.143954895018327,0.2558628591958
"680",11646,0.0545651227263141,0,0.852262355664262,0.667614325393677,0.858430197945664,0.81161871349911,0.185434288157859,0.217673072487657,0.0960295636986069,0.435715229127742
"681",11647,0.15953071952059,0.145820431566465,0.883608968906356,0.837819818818582,0.858430197945664,0.877647163913821,0.0868010656257088,0.205249690621243,0.129956261043933,0.446413053077789
"682",11648,0.203014988974398,0.282610470971695,1,0.913808574629441,0.763515608390936,0.893603508628279,0.485236906441701,0.230277991865165,0.331599362788749,0.303857503931548
"683",11649,0.311530326016147,0.545491992483284,0.781496872818755,0.854534088951986,0.763515608390936,0.893603508628279,0.791429308034998,0.213976131941563,0.66894557465236,0.263891628657674
"684",11650,0.423330592971341,0.815548445038407,0.611253981134839,0.731715450455106,0.763515608390936,0.828474789231782,0.824440222331376,0.194750189226481,0.29814885529061,0.359313929987544
"685",11651,0.106204559470553,0.204585080501487,0.636306038229849,0.70019246399063,0.763515608390936,0.777145837980552,0.837121361662404,0.21637529022645,0.218348947017435,0.382399321322021
"686",11652,0.0775843655053244,0.0791195584010167,0.605526696607076,0.59881607923987,0.708435868384811,0.704802980355667,0.848045337823349,0.232162227666665,0.205878102251377,0.398709318214775
"687",11655,0.156815038449355,0.113665682896246,0.585354512730647,0.516246818315616,0.763515608390936,0.647082879744186,0.815375468631713,0.179495255133918,0.170782010907686,0.46320189889365
"688",11656,0.0245585157502104,0.113665682896246,0.605095158024706,0.605938098260498,0.763515608390936,0.647082879744186,0.803586712498057,0.170029280335323,0.202915300967115,0.465339768643225
"689",11657,0.082082635381805,0.0791195584010167,0.851643566516504,0.626966283264877,0.763515608390936,0.666689620312518,0.775871622133681,0.162459076056925,0.229082827493884,0.466968066861805
"690",11658,0.218586830182076,0.282610470971695,0.611238264036101,0.605938098260498,0.763515608390936,0.606655713326245,0.745313762829199,0.147264106700597,0.21573390340811,0.493416524360815
"691",11659,0.0454967540522867,0.0415528817560006,0.590808163042737,0.584394708209146,0.763515608390936,0.606655713326245,0.780947709869342,0.138858093545271,0.216520166990738,0.529476390830596
"692",11661,0.0295636651009749,0.145820431566465,0.536689212471898,0.531889200076578,0.763515608390936,0.627079923289306,0.795424511604854,0.141493997981153,0.205391683017967,0.549647372015878
"693",11662,0.172103030483762,0.176020831779429,0.555203331139458,0.508308289265194,0.763515608390936,0.58578245863579,0.784763189376443,0.152711993786472,0.210477543145827,0.539797925711973
"694",11664,0.0651997307709966,0.113665682896246,0.556441374700191,0.508308289265194,0.638985243381296,0.564429170803794,0.814716260042687,0.202904492698479,0.180880871401387,0.566024111125788
"695",11665,0.147320104152209,0.257712384106153,0.528930543199031,0.492184391287581,0.638985243381296,0.564429170803794,0.85104682530528,0.22499134586894,0.161247518192226,0.569745254582368
"696",11666,0.028557136140779,0.0415528817560006,0.525277737620052,0.458872587796339,0.638985243381296,0.564429170803794,0.896581249991833,0.24563958260321,0.16619535933704,0.582986168886161
"697",11667,3.35355294490606e-05,0,0.502724026607825,0.387230519958159,0.630759250104573,0.520139193232302,0.888532004399559,0.242553018287963,0.167427808640111,0.591794552450502
"698",11668,0.037796227089799,0.0791195584010167,0.486354041595487,0.348322440337609,0.627794225594036,0.47345002819282,0.846531882071028,0.225019187203658,0.14689939968304,0.622540996854381
"699",11669,0.172117130763586,0.0791195584010167,0.453095263834137,0.295961962292366,0.627198697895984,0.47345002819282,0.839831925684381,0.210218973843478,0.150652983306154,0.613034998210707
"700",11670,0.149067685815887,0.113665682896246,0.372784763380454,0.273616774899499,0.612271637650349,0.42392360188735,0.745423086126882,0.196977464401811,0.132744996936578,0.613920127138244
"701",11671,0.0974546104989504,0.0791195584010167,0.336366076158607,0.225936824181398,0.619720700828105,0.42392360188735,0.767466803423689,0.208638559372242,0.0827900225329366,0.62138307235672
"702",11672,0.0209683577623048,0.0415528817560006,0.25736011140163,0.20030138102957,0.619720700828105,0.520139193232302,0.849103703569033,0.228897507251004,0.0585470612278273,0.628277119628944
"703",11673,1.26351601579681e-05,0,0.27981461894815,0.225936824181398,0.636442419357658,0.542561124282565,0.736387388453182,0.259820602783182,0.0409750381648823,0.606437053314598
"704",11674,0.110060857252271,0.204585080501487,0.390555906330881,0.368071441670836,0.636442419357658,0.542561124282565,0.63105638873635,0.298582155907877,0.0496034684372324,0.432488825598352
"705",11675,0.0893075793023324,0.176020831779429,0.401440054497939,0.387230519958159,0.636442419357658,0.647082879744186,0.706741888363924,0.302374455395521,0.0282073235519811,0.312532403061582
"706",11676,0.3760233949602,0.579373029351351,0.426930614597966,0.387230519958159,0.636442419357658,0.666689620312518,0.788456987349434,0.275723876147739,0.124921690717769,0.140618848375267
"707",11677,0.111010181835199,0.231753390739774,0.346763034966682,0.338208933560039,0.636442419357658,0.542561124282565,0.845838370685848,0.245480349148959,0.199894285276665,0.303188849432787
"708",11683,0.261032956666439,0.306567981894736,0.935759215737047,0.854534088951986,0.858430197945664,0.845091735341724,0.0388958104652698,0.249291417775954,0.398107996336792,0.372768754862986
"709",11684,0.256465611613926,0.282610470971695,0.917922255596814,0.865540699484232,0.858430197945664,0.861479449252431,0.581040808534601,0.226320383501656,0.219026021431428,0.35527154792153
"710",11685,0.379005997187469,0.492124590248654,0.669131428656981,0.731715450455106,0.76237394953593,0.759505251477224,0.805890939431038,0.246318375048734,0.195849305126638,0.345271569568466
"711",11687,0.0500055989912829,0.145820431566465,0.591743376192509,0.547233549798998,0.76237394953593,0.685922796487011,0.849896169684534,0.264638247614655,0.183502700150422,0.410497878123922
"712",11689,0.0118459036879301,0,0.565285185933495,0.483993768992122,0.76237394953593,0.666689620312518,0.80832775802323,0.223536621499475,0.178113078707819,0.43899952201555
"713",11690,0.38598070664892,0.282610470971695,0.592075453882048,0.562296280024933,0.763515608390936,0.647082879744186,0.786112838854929,0.214143547907973,0.208489384261011,0.447847574234533
"714",11691,0.243427740527716,0.473569219876605,0.623989846961224,0.654262853243956,0.763515608390936,0.627079923289306,0.768608550547585,0.204439885483053,0.238795568578905,0.479870595966575
"715",11692,0.0852705062601906,0.0791195584010167,0.627614059650088,0.654262853243956,0.763515608390936,0.627079923289306,0.746979086761668,0.187719952430846,0.202707981337551,0.492476184003344
"716",11693,0.0128466633248473,0.0415528817560006,0.574160846840475,0.605938098260498,0.763726307598776,0.627079923289306,0.727937573258537,0.182234130196728,0.211854207544181,0.496259434800891
"717",11694,0.105911690963596,0.0415528817560006,0.584860094529669,0.59881607923987,0.763726307598776,0.606655713326245,0.754711991597206,0.184039333862837,0.21156457367626,0.530519134976433
"718",11695,0.140513609193008,0.113665682896246,0.56698715313708,0.569726764419342,0.763515608390936,0.564429170803794,0.794272150960367,0.175222571627839,0.190524486014677,0.551317830441594
"719",11697,0.0218034416381991,0,0.555747601827022,0.492184391287581,0.638985243381296,0.542561124282565,0.78171238779705,0.17495094729072,0.209117251177796,0.545130491434368
"720",11698,0.0634145361483949,0.0791195584010167,0.523585049983154,0.467340954245889,0.638985243381296,0.542561124282565,0.821612953301411,0.189314005785216,0.179937093350629,0.563826331309887
"721",11699,0.0287536453225241,0.0415528817560006,0.522405074606277,0.458872587796339,0.638985243381296,0.542561124282565,0.866296117138445,0.216492266377872,0.164896596653048,0.569272659063657
"722",11700,0.12135848286985,0.113665682896246,0.53223174850572,0.414970341501822,0.638985243381296,0.542561124282565,0.892162665821456,0.239992976719626,0.163242992322288,0.608969765469377
"723",11701,0.12135848286985,0.113665682896246,0.476226389616697,0.377721430031665,0.630759250104573,0.520139193232302,0.866225229178808,0.229523534357014,0.178375964030133,0.603380168542663
"724",11702,0.0390433789570601,0.145820431566465,0.508599001349975,0.387230519958159,0.627794225594036,0.47345002819282,0.799803930673569,0.205933780200522,0.171512461786042,0.5896315758954
"725",11703,0.174238532351778,0.231753390739774,0.461824346317243,0.31746301471993,0.627198697895984,0.47345002819282,0.753183402498029,0.196531157254763,0.139335049845415,0.590900006631654
"726",11704,0.0678317562021433,0.0791195584010167,0.354458139307988,0.273616774899499,0.612271637650349,0.397919898949678,0.721700512322549,0.203295684987397,0.104994168302582,0.603877674681666
"727",11705,0.0243238467085293,0.0415528817560006,0.320147804853219,0.225936824181398,0.612271637650349,0.397919898949678,0.771535827459502,0.221211212846762,0.067148333955696,0.657827702215222
"728",11706,0.0260296361894821,0.0791195584010167,0.290761781519822,0.20030138102957,0.619720700828105,0.520139193232302,0.835010057998106,0.242566527690808,0.0503767596925705,0.665729023342681
"729",11707,0.130241565206075,0.176020831779429,0.261268606517748,0.225936824181398,0.477185015830232,0.520139193232302,0.730436643713761,0.272552235815126,0.0409020346486823,0.654131567471552
"730",11708,0.298916268567511,0.257712384106153,0.383945200883663,0.358274099672593,0.636442419357658,0.606655713326245,0.702135795300078,0.310831245014589,0.0224119921152194,0.52814548490606
"731",11709,0.354134030781566,0.492124590248654,0.568598548086492,0.508308289265194,0.636442419357658,0.666689620312518,0.681080272101063,0.297284124049636,0.0458712469923273,0.295937118503827
"732",11710,0.487705040252271,0.510280780360892,0.494937294812559,0.483993768992122,0.636442419357658,0.606655713326245,0.775761182478227,0.260908867555309,0.190240752126892,0.0561762880240156
"733",11717,0.148990579669239,0.204585080501487,0.922196305703666,0.803613545110687,0.858430197945664,0.741577769722043,0.0473631433496116,0.292371857948495,0.0996759413465804,0.436612752057552
"734",11718,0.398205016825241,0.562589407938659,0.899426468839041,0.820850324698497,0.858430197945664,0.741577769722043,0.653614606196593,0.275630133582977,0.16859175677335,0.339370244111617
"735",11719,0.382432821612358,0.394751479129127,0.631150585323854,0.647514548205899,0.76237394953593,0.723348922421336,0.838213330164043,0.27434366336363,0.209763118171529,0.350090766693429
"736",11720,0.143421054599753,0.176020831779429,0.599364636050527,0.62001186986015,0.76237394953593,0.704802980355667,0.84818082499626,0.294887690117829,0.211589638244332,0.391721219740591
"737",11722,0.064348262494624,0.113665682896246,0.534017659726276,0.441635129416098,0.76237394953593,0.666689620312518,0.789457167265424,0.28180999036046,0.156993710616051,0.412941325996494
"738",11723,0.289327533704523,0.257712384106153,0.574422926883798,0.524106351131348,0.709643746337284,0.647082879744186,0.771997138953182,0.270410487857648,0.164532385170257,0.424961767044878
"739",11724,0.39136674832178,0.510280780360892,0.611738296715673,0.647514548205899,0.763515608390936,0.627079923289306,0.759997282719789,0.259807871139903,0.176134548857981,0.461207293412385
"740",11725,0.100223935662939,0.176020831779429,0.627614059650088,0.633867403789273,0.763726307598776,0.666689620312518,0.76543226618354,0.251646492045568,0.162399627621758,0.490832524480815
"741",11726,0.225170628896228,0.145820431566465,0.584860094529669,0.59881607923987,0.763726307598776,0.627079923289306,0.718985539452189,0.250497673419578,0.184796231065139,0.47037179732105
"742",11727,0.122446192278115,0.145820431566465,0.592752769575923,0.591635439812507,0.639236958103942,0.58578245863579,0.832073065477507,0.247453527139866,0.184041131431035,0.487629697512106
"743",11728,0.152631980010364,0.257712384106153,0.549501331518306,0.569726764419342,0.639236958103942,0.58578245863579,0.8391003292529,0.225878514529286,0.175960216110457,0.516855559201016
"744",11729,0.172117130763586,0.204585080501487,0.549501331518306,0.516246818315616,0.638985243381296,0.542561124282565,0.801164636229294,0.192749598442133,0.179607767446673,0.517020299683591
"745",11730,0.0866043950845373,0.145820431566465,0.522170190202422,0.458872587796339,0.638985243381296,0.542561124282565,0.763136503835906,0.181106194912656,0.228391729466205,0.541465319625512
"746",11731,0.0812245323474701,0.113665682896246,0.520491291124865,0.432858700052997,0.638985243381296,0.542561124282565,0.814272631024064,0.190215057805041,0.188862051070013,0.552809824063097
"747",11732,0.0790349699677801,0.145820431566465,0.504411365249729,0.405849579643647,0.638985243381296,0.542561124282565,0.872814211051471,0.220134484018037,0.15503570680947,0.580593547703507
"748",11733,0.0168681839713732,0.0415528817560006,0.506177684114937,0.414970341501822,0.630759250104573,0.520139193232302,0.874920339111149,0.234596260918959,0.166480634228918,0.604738864105827
"749",11734,0.0226024122890794,0.0415528817560006,0.490683406652116,0.405849579643647,0.627794225594036,0.497119028924538,0.810296788049297,0.216800647901526,0.178375758667019,0.605113568096595
"750",11735,0.233440427936174,0.204585080501487,0.485061285727255,0.387230519958159,0.627794225594036,0.449074024146648,0.745121606316758,0.204218136953558,0.156301472631164,0.568134902408214
"751",11736,0.17298513876768,0.176020831779429,0.484758565678984,0.338208933560039,0.626060410888086,0.42392360188735,0.752608022561677,0.220406170973876,0.130631186054635,0.579717664005199
"752",11737,0.190134962019782,0.113665682896246,0.431148102893531,0.273616774899499,0.612271637650349,0.397919898949678,0.703101598770456,0.233228182857446,0.110667118965506,0.60784250472404
"753",11738,0.13242879969843,0.0791195584010167,0.375498784655828,0.238273338574488,0.612271637650349,0.42392360188735,0.742161224367849,0.2463025168588,0.0799215808013818,0.674747634100878
"754",11740,0.203246629633597,0.176020831779429,0.256960548969121,0.213287844545566,0.477185015830232,0.497119028924538,0.71046603015082,0.289803332129309,0.0410992961878965,0.659361154681641
"755",11741,0.0746857822252529,0.145820431566465,0.383007532600979,0.327925416151371,0.636442419357658,0.606655713326245,0.675556048972378,0.319876017650728,0.0276706945726067,0.581793230228571
"756",11742,0.151186739518262,0.282610470971695,0.617402192751484,0.569726764419342,0.636442419357658,0.606655713326245,0.656031993571427,0.306266043149174,0.0605627496138693,0.283386633995116
"757",11743,0.417089872510462,0.67432733903765,0.531404822477991,0.508308289265194,0.636442419357658,0.606655713326245,0.768294853125322,0.270655644512312,0.153254805751646,0.0857900336946456
"758",11750,0.23727294855502,0.282610470971695,0.911568528006621,0.815135052738331,0.858430197945664,0.741577769722043,0.495112007146893,0.301768970447215,0.139926824194904,0.368966611427256
"759",11751,0.334196823883147,0.306567981894736,0.951512718900002,0.774255694803079,0.858430197945664,0.741577769722043,0.727357875273899,0.291892589947754,0.216589737200333,0.30992134433296
"760",11754,0.0464416456580403,0.0415528817560006,0.572648758305936,0.483993768992122,0.76237394953593,0.666689620312518,0.785035125966027,0.336289776489039,0.131549703386755,0.405799383965169
"761",11757,0.225170628896228,0.204585080501487,0.535300694028514,0.516246818315616,0.763726307598776,0.58578245863579,0.788910934155123,0.322661157264669,0.135520881800513,0.487798681664804
"762",11758,0.0799851553880113,0.176020831779429,0.557026069975869,0.539597566857884,0.639236958103942,0.542561124282565,0.818314684072816,0.317980329939398,0.140000405798673,0.460773812325026
"763",11759,0.0168681839713732,0.0415528817560006,0.542787175530835,0.531889200076578,0.639236958103942,0.58578245863579,0.845127605008846,0.303378944610233,0.126347701685159,0.473110180267588
"764",11760,0.139844575779775,0.176020831779429,0.54278680465131,0.500288333011817,0.639236958103942,0.564429170803794,0.860410257464413,0.278512316552682,0.137916257699276,0.480855637129981
"765",11761,0.139048239333053,0.145820431566465,0.506462692946917,0.405849579643647,0.638985243381296,0.564429170803794,0.783695536909111,0.235365883573569,0.179421507682256,0.485235995722825
"766",11762,0.13242879969843,0.0791195584010167,0.47344493785287,0.387230519958159,0.638985243381296,0.542561124282565,0.776672145915643,0.212090217578067,0.1852786700927,0.524897525523894
"767",11763,0.037303072878244,0.0791195584010167,0.493662114568445,0.377721430031665,0.638985243381296,0.58578245863579,0.804679367044751,0.212613976176826,0.17838184768335,0.555581269126469
"768",11764,0.103573746277374,0.145820431566465,0.504411365249729,0.396604708670238,0.638985243381296,0.564429170803794,0.852246627310678,0.229628232850857,0.158197672408568,0.590139577944508
"769",11765,0.0369998906430778,0.0415528817560006,0.541722454432221,0.441635129416098,0.627794225594036,0.542561124282565,0.834008630629221,0.22854968807936,0.174391385673181,0.602023572161521
"770",11766,0.0750649283251321,0.113665682896246,0.52964591808617,0.441635129416098,0.627794225594036,0.497119028924538,0.751603716493933,0.214608538841375,0.172968383583205,0.56172872367529
"771",11767,0.227988983763138,0.282610470971695,0.529279043774074,0.414970341501822,0.627794225594036,0.47345002819282,0.680322454623917,0.221697306287597,0.155826693647757,0.543548232985956
"772",11768,0.150948238066847,0.204585080501487,0.487992508633466,0.348322440337609,0.627794225594036,0.47345002819282,0.677554585661851,0.251918163346725,0.135984191253999,0.58854472440397
"773",11769,0.149067685815887,0.113665682896246,0.454062207946252,0.306812056033988,0.612271637650349,0.42392360188735,0.739589106928834,0.266052460015488,0.105951961330268,0.644993828133657
"774",11770,0.149067685815887,0.145820431566465,0.48230932527906,0.284901128075282,0.612271637650349,0.497119028924538,0.783855938942016,0.271399002569627,0.0833014674689708,0.665869668538093
"775",11771,0.0218034416381991,0,0.304537902114258,0.213287844545566,0.46747259860548,0.47345002819282,0.787061370132097,0.291142120286222,0.0557233780990913,0.669582596737938
"776",11772,0.146749005127422,0.176020831779429,0.281003862999808,0.225936824181398,0.477185015830232,0.520139193232302,0.676339414901978,0.327262631021564,0.0503846661724645,0.640271193381663
"777",11773,0.122148304025609,0.231753390739774,0.343510078020913,0.327925416151371,0.477185015830232,0.542561124282565,0.628414116464285,0.343872589953075,0.0484419208452553,0.533515717311567
"778",11774,0.158065389793518,0.257712384106153,0.616658422299717,0.562296280024933,0.636442419357658,0.606655713326245,0.712993887594733,0.329616030240521,0.0590649440095943,0.294980941093211
"779",11775,0.332021927455148,0.545491992483284,0.52583488740647,0.508308289265194,0.636442419357658,0.606655713326245,0.77535495976156,0.290031429110998,0.144372135958244,0.069449923807842
"780",11781,0.0661834249927991,0,0.786830465506675,0.62001186986015,0.587750150533379,0.627079923289306,0,0.381532812055761,0.056988295997202,0.512189058309535
"781",11783,0.195431584219841,0.231753390739774,0.910140612543663,0.820850324698497,0.858430197945664,0.759505251477224,0.76744216911177,0.358718946020169,0.441190863564403,0.339070268112022
"782",11784,0.161814861528814,0.231753390739774,0.827091205281955,0.640716438151503,0.76237394953593,0.704802980355667,0.814616529898527,0.389221193781867,0.313435505033404,0.368870891615876
"783",11786,0.0758491909695847,0,0.50992289754613,0.405849579643647,0.76237394953593,0.647082879744186,0.73725318805249,0.385785354792359,0.099716627453407,0.366565296448872
"785",11790,0.0612426190285452,0.0791195584010167,0.495938153399706,0.396604708670238,0.639236958103942,0.520139193232302,0.860402895654238,0.344646662562067,0.109550607098577,0.475073343960079
"786",11791,0.154483400789353,0.145820431566465,0.50450880941084,0.405849579643647,0.639236958103942,0.542561124282565,0.890032115039042,0.308592867473189,0.115926287352232,0.495832540137855
"787",11792,0.124725616378555,0.0791195584010167,0.503846253061566,0.377721430031665,0.638985243381296,0.542561124282565,0.855595960550337,0.274423403159626,0.135897753649555,0.496080271742143
"788",11793,0.156861880701685,0.113665682896246,0.469328815595219,0.358274099672593,0.638985243381296,0.564429170803794,0.801161570617352,0.247461770692817,0.170042527253459,0.537558404859587
"789",11794,0.113791491236989,0.113665682896246,0.473277791012671,0.368071441670836,0.638985243381296,0.564429170803794,0.770238481731472,0.235216767445268,0.172532856461937,0.554805650257493
"790",11795,0.0226024122890794,0.0415528817560006,0.523422300331568,0.414970341501822,0.638985243381296,0.520139193232302,0.770615696923577,0.231076276593061,0.162935166862184,0.587308614330344
"791",11796,0.0168681839713732,0.0415528817560006,0.52964591808617,0.441635129416098,0.627794225594036,0.520139193232302,0.768473271508327,0.231381828928425,0.156421955119446,0.566982042234429
"792",11797,0.164709520706961,0.176020831779429,0.52964591808617,0.441635129416098,0.627794225594036,0.497119028924538,0.71735419532894,0.233052121718996,0.160046995417497,0.541470740907519
"793",11798,0.252802495138281,0.231753390739774,0.529279043774074,0.414970341501822,0.627794225594036,0.497119028924538,0.679034408545794,0.251798088654721,0.161874573016133,0.56239737092467
"794",11799,0.161818318632174,0.204585080501487,0.493330841695632,0.368071441670836,0.627794225594036,0.497119028924538,0.692737873487552,0.285361505795252,0.141825751816205,0.590336982903333
"795",11800,0.13242879969843,0.113665682896246,0.545002213483002,0.377721430031665,0.613981979158191,0.47345002819282,0.744840276226306,0.292262235986268,0.105259427264523,0.628335104785135
"796",11801,0.15156818990313,0.145820431566465,0.491589920684093,0.306812056033988,0.612271637650349,0.449074024146648,0.767752355517376,0.289712978061017,0.0921934779738164,0.626093987245717
"797",11802,0.227238429206899,0.204585080501487,0.426590951489787,0.273616774899499,0.612271637650349,0.520139193232302,0.69559693646057,0.318177584640935,0.0814344622249039,0.659839705592166
"798",11803,0.185408290987551,0.306567981894736,0.281003862999808,0.238273338574488,0.636442419357658,0.564429170803794,0.698761550869912,0.368482846932166,0.0624792188248359,0.639547452233511
"799",11804,0.083831012579237,0.176020831779429,0.461881799821114,0.405849579643647,0.636442419357658,0.564429170803794,0.678977362770052,0.37776042963661,0.0495392332392876,0.56154876214872
"800",11805,0.0158478945378597,0.204585080501487,0.607010284594981,0.547233549798998,0.636442419357658,0.606655713326245,0.705037655809936,0.349249305393169,0.0807927300008062,0.309887901859748
"801",11806,0.328190721207274,0.492124590248654,0.525105390768581,0.500288333011817,0.636442419357658,0.564429170803794,0.794334915091527,0.30453886379905,0.144701259586583,0.0694246405957546
"802",11813,0.250985677645559,0.145820431566465,0.916458094079998,0.762279616118981,0.852238827729227,0.741577769722043,0.204792195700673,0.373417674585553,0.147290731065126,0.530788253963224
"803",11814,0.336886693559114,0.352041663558859,0.956793056394393,0.774255694803079,0.852238827729227,0.685922796487011,0.594542840484547,0.410461525007897,0.177653579682146,0.404082436028132
"804",11815,0.432058706954566,0.306567981894736,0.685001527910973,0.605938098260498,0.852238827729227,0.704802980355667,0.76939634346707,0.443924182314396,0.132745519611495,0.305742614383131
"805",11817,0.0702661414611283,0.113665682896246,0.386481807244989,0.327925416151371,0.625808606175581,0.497119028924538,0.79747677004045,0.453768213353033,0.0706367447609116,0.393925649741016
"806",11820,0.0297657051756888,0.0791195584010167,0.569534642139205,0.358274099672593,0.639236958103942,0.497119028924538,0.865945605839862,0.383713030884454,0.0964484894069472,0.473737513111176
"807",11823,0.0226024122890794,0,0.465130164110289,0.327925416151371,0.638985243381296,0.542561124282565,0.761145028541948,0.270277792765491,0.170599886889977,0.493299193350838
"808",11824,0.172117130763586,0.0791195584010167,0.476619410286329,0.348322440337609,0.638985243381296,0.520139193232302,0.705518623006671,0.26130760821234,0.177368271533859,0.497872945062377
"809",11825,0.108089372727078,0.0415528817560006,0.506441725877711,0.368071441670836,0.627794225594036,0.47345002819282,0.682533453815427,0.258491901329429,0.165416685427847,0.509686390393711
"810",11826,0.156861880701685,0.0791195584010167,0.59304248309936,0.405849579643647,0.627794225594036,0.497119028924538,0.750391543278292,0.262692171799918,0.142972173125036,0.525633163641714
"811",11827,0.0226024122890794,0,0.59304248309936,0.396604708670238,0.627794225594036,0.497119028924538,0.748100798846117,0.268251986521112,0.159589696603228,0.559108491937005
"812",11828,0.161818318632174,0.145820431566465,0.592485366733187,0.387230519958159,0.627794225594036,0.497119028924538,0.703268167153607,0.284282572098333,0.150418000566084,0.579011799606688
"813",11829,0.179344706798537,0.204585080501487,0.566763452766707,0.387230519958159,0.627794225594036,0.497119028924538,0.698733384518141,0.309368497938186,0.140689534981668,0.596026613556771
"814",11830,0.108902084004241,0.0791195584010167,0.601421725064961,0.387230519958159,0.715461016260344,0.497119028924538,0.740321894251363,0.315067090097044,0.1126620154077,0.626321738865732
"815",11831,0.12102353902862,0.0791195584010167,0.541361132409376,0.338208933560039,0.715461016260344,0.497119028924538,0.731448423834547,0.316357641160907,0.0994801542768465,0.64022914715095
"816",11832,0.267012454244097,0.329684086508448,0.549959681536302,0.348322440337609,0.720041297797859,0.564429170803794,0.665378006369027,0.347268108952158,0.0916014251594805,0.645280241298958
"817",11833,0.0930984274174942,0.257712384106153,0.436765959289606,0.377721430031665,0.720041297797859,0.564429170803794,0.648198671004022,0.383754274788195,0.0800852842178974,0.622300206835606
"818",11834,0.110234444916983,0.231753390739774,0.549676505719764,0.467340954245889,0.636442419357658,0.564429170803794,0.698376135347549,0.391341803613926,0.0791589763701001,0.476883397360243
"819",11835,0.267524382764888,0.394751479129127,0.611751270050683,0.554799150511983,0.636442419357658,0.58578245863579,0.768850130164329,0.368000871820905,0.0869073059390445,0.287694078468229
"820",11836,0.247761724457039,0.329684086508448,0.49507303074129,0.450305166020116,0.636442419357658,0.542561124282565,0.815286993157252,0.323510399734649,0.131232154440288,0.117423436826412
"821",11844,0.022606844154033,0,0.789578710321247,0.554799150511983,0.718962026093358,0.606655713326245,0.685828437269768,0.497718124835075,0.0636338185115851,0.348948916633052
"822",11846,9.96088186475811e-05,0,0.333990153441033,0.284901128075282,0.625808606175581,0.42392360188735,0.788512528774215,0.518815053507913,0.0695257777340316,0.363974747039318
"823",11847,0.0600193960795168,0.176020831779429,0.372403253169333,0.262094778184694,0.619589529496649,0.370969683609364,0.782962266505784,0.502143515330678,0.0928092569076934,0.344334303879512
"824",11849,0.0498531536969572,0.0415528817560006,0.572764144283357,0.368071441670836,0.639236958103942,0.520139193232302,0.844278002835288,0.430510681558712,0.0898832436318867,0.42452221741313
"825",11851,0.172117130763586,0.113665682896246,0.565929185833378,0.358274099672593,0.638985243381296,0.542561124282565,0.855051450039753,0.334844971358001,0.127528581462812,0.466734130356959
"826",11852,0.00922396362733756,0,0.474864988258242,0.338208933560039,0.638985243381296,0.520139193232302,0.817323018110093,0.304438134790377,0.153126321226592,0.479982072073634
"827",11853,0.172117130763586,0.0791195584010167,0.476802952264582,0.358274099672593,0.638985243381296,0.497119028924538,0.698112499591449,0.301115468429721,0.184357329391146,0.46416687289353
"828",11854,0.20541098075325,0.176020831779429,0.580092057072204,0.377721430031665,0.563293825690779,0.449074024146648,0.729397466134719,0.307903696492627,0.173399405287815,0.474713087033699
"829",11855,0.237547245076381,0.145820431566465,0.582160848893682,0.396604708670238,0.727350068386111,0.520139193232302,0.755859957823491,0.31064500613602,0.149179348216314,0.517013875692357
"830",11856,0.228220164168547,0.204585080501487,0.59304248309936,0.396604708670238,0.727350068386111,0.520139193232302,0.755474513129989,0.301010982839513,0.144334570610904,0.547919311999833
"831",11857,0.149298866221296,0.176020831779429,0.62447106439865,0.405849579643647,0.727350068386111,0.520139193232302,0.709060754043173,0.309841828877727,0.14412220461465,0.573062665410617
"832",11858,0.16659407398225,0.113665682896246,0.62447106439865,0.405849579643647,0.715461016260344,0.47345002819282,0.659577922497675,0.325819393991789,0.144072412274012,0.593386850321649
"833",11859,0.149067685815887,0.113665682896246,0.62447106439865,0.405849579643647,0.715461016260344,0.47345002819282,0.660439961958847,0.33896659540102,0.140186795041242,0.603114841476929
"834",11860,0.154118050997004,0.145820431566465,0.596404943098366,0.396604708670238,0.715461016260344,0.542561124282565,0.705048031010398,0.352829195721134,0.0994967140492701,0.626139471390335
"835",11861,0.189416221438317,0.352041663558859,0.688913507824032,0.467340954245889,0.720041297797859,0.564429170803794,0.605820223132439,0.373367284797865,0.109444838596523,0.620174893762498
"836",11862,0.1337662264598,0.204585080501487,0.605780796800563,0.458872587796339,0.720041297797859,0.564429170803794,0.675972570528672,0.398416160360076,0.106710806600879,0.589666202857011
"837",11863,0.0893789461524136,0.204585080501487,0.670811911577129,0.554799150511983,0.636442419357658,0.564429170803794,0.7312893601161,0.39611269729042,0.0829499903661847,0.509456133411335
"838",11864,0.263063292358187,0.454587121959464,0.620891390702759,0.577092350024269,0.636442419357658,0.58578245863579,0.789315588999122,0.362371278621314,0.0997627121470163,0.344293877087866
"839",11877,0.00307378281886295,0.0791195584010167,0.543603991607771,0.338208933560039,0.627455137225161,0.47345002819282,0.842699128100875,0.479710683515975,0.0809554840128525,0.387244637746682
"840",11878,0.0510685619112046,0.0791195584010167,0.565929185833378,0.358274099672593,0.639236958103942,0.47345002819282,0.853143584080622,0.418277306387454,0.0875492642098676,0.436245271161279
"841",11879,0.0824203880373326,0.0415528817560006,0.565929185833378,0.358274099672593,0.638985243381296,0.47345002819282,0.812718699019813,0.367785747638047,0.123520504058817,0.410078775746954
"842",11880,0.149067685815887,0.0791195584010167,0.569416427308318,0.358274099672593,0.638985243381296,0.497119028924538,0.75687921349787,0.354565550108549,0.143751358036334,0.413983216825729
"843",11881,0.149067685815887,0.0415528817560006,0.588710490716559,0.368071441670836,0.563293825690779,0.449074024146648,0.748559119518127,0.352796703438446,0.161168363923391,0.454592942615122
"844",11882,0.108089372727078,0.0791195584010167,0.608287189171558,0.405849579643647,0.563293825690779,0.449074024146648,0.757922139927937,0.357743184690865,0.163315039863594,0.49857191279882
"845",11883,0.227988983763138,0.176020831779429,0.581173388895933,0.396604708670238,0.727350068386111,0.497119028924538,0.774273332691011,0.35697036327851,0.134028463430802,0.524666424666844
"846",11884,0.149298866221296,0.176020831779429,0.595256613536779,0.405849579643647,0.736300348876831,0.520139193232302,0.732320274520895,0.336025106245005,0.142048095037656,0.536868149166223
"847",11885,0.16659407398225,0.329684086508448,0.606026405240781,0.414970341501822,0.72433650894141,0.497119028924538,0.663892712636726,0.335900578111456,0.151698393035589,0.546600262351658
"848",11886,0.165454285979516,0.176020831779429,0.596830850037886,0.396604708670238,0.72433650894141,0.497119028924538,0.603909604523419,0.351598070200397,0.15764597168369,0.539460906130913
"849",11887,0.149298866221296,0.145820431566465,0.5969851172576,0.423971862329936,0.72433650894141,0.497119028924538,0.620139970443984,0.370331515763893,0.151323886886583,0.56276892561717
"850",11888,0.0858780717898538,0.0791195584010167,0.626641231514507,0.475713623721846,0.72433650894141,0.564429170803794,0.672380268380644,0.38468629577945,0.118802552405361,0.606487692647616
"851",11889,0.140097208831416,0.329684086508448,0.723251960957273,0.516246818315616,0.72433650894141,0.542561124282565,0.627251442703781,0.398677374335595,0.130622501995315,0.614133543323106
"852",11890,0.201011683124072,0.282610470971695,0.713868132917168,0.547233549798998,0.72433650894141,0.606655713326245,0.699315821888476,0.410866668207542,0.114849066770653,0.582402155224214
"853",11891,0.368169709285812,0.373710818176806,0.689514879731065,0.577092350024269,0.72433650894141,0.606655713326245,0.732364083083674,0.40235479678739,0.083411277739773,0.550119960846455
"854",11892,0.328340145515044,0.510280780360892,0.633328496105518,0.577092350024269,0.72433650894141,0.606655713326245,0.78412177108274,0.354590769265971,0.103994909106299,0.370875611664986
"855",11905,0.149067685815887,0.0415528817560006,0.565885125675266,0.358274099672593,0.627198697895984,0.449074024146648,0.81666412955975,0.455228257662474,0.101764755351435,0.364272939713686
"856",11906,0.149067685815887,0.113665682896246,0.568988679821078,0.348322440337609,0.627198697895984,0.449074024146648,0.785796873177771,0.418334516607128,0.12580108328037,0.344757189769276
"857",11907,0.13242879969843,0.0415528817560006,0.564911266544749,0.358274099672593,0.562630091373652,0.397919898949678,0.73081035912397,0.420528647683835,0.14147877017647,0.360130345831652
"858",11908,0.0808277066087365,0.0415528817560006,0.632378191733208,0.358274099672593,0.562630091373652,0.397919898949678,0.774329283775372,0.412135011539327,0.148555149049423,0.421626904363777
"859",11909,0.149067685815887,0.113665682896246,0.675585784345624,0.423971862329936,0.682130590185741,0.47345002819282,0.780142543830978,0.402987016180176,0.133861797882337,0.447749295638417
"860",11910,0.24376214698459,0.176020831779429,0.68986368614625,0.432858700052997,0.736300348876831,0.520139193232302,0.763535330058535,0.394511738768641,0.11890909974389,0.45888931421656
"861",11911,0.189968856767138,0.204585080501487,0.625772128278801,0.458872587796339,0.72433650894141,0.47345002819282,0.740580935393049,0.378168192858513,0.129744875764186,0.511322001924075
"862",11912,0.108734039565358,0.113665682896246,0.62776289204359,0.458872587796339,0.72433650894141,0.520139193232302,0.724129171359503,0.374937315874062,0.146523362993759,0.5204573584067
"863",11913,0.150623931362767,0.282610470971695,0.635397209590636,0.475713623721846,0.72433650894141,0.520139193232302,0.597453039085394,0.392893764218407,0.1588907237979,0.516757975604363
"864",11914,0.087475600108129,0.176020831779429,0.726234114674613,0.475713623721846,0.72433650894141,0.497119028924538,0.616018779523164,0.404692084902952,0.141136341059655,0.545672392436386
"865",11915,0.169071872581197,0.257712384106153,0.728122115858508,0.500288333011817,0.72433650894141,0.520139193232302,0.603097195033141,0.403985568080051,0.139568410334834,0.573518098681071
"866",11916,0.203740988503662,0.352041663558859,0.719271153123423,0.539597566857884,0.72433650894141,0.542561124282565,0.572198758530651,0.412662740080082,0.148197444247134,0.596549756470203
"867",11917,0.23447127187046,0.373710818176806,0.707422949302123,0.569726764419342,0.72433650894141,0.606655713326245,0.640583689501567,0.421000522021949,0.11513364764131,0.562974985347365
"868",11918,0.269657634178278,0.373710818176806,0.753077360886474,0.605938098260498,0.72433650894141,0.58578245863579,0.602211411611039,0.406466442081644,0.116165061125245,0.486293851828916
"869",11919,0.430869131632475,0.473569219876605,0.624686884460647,0.569726764419342,0.72433650894141,0.564429170803794,0.70380330583948,0.366995948168716,0.129479033821435,0.318506645571557
"870",11932,0.154714581194762,0.145820431566465,0.565885125675266,0.368071441670836,0.627198697895984,0.449074024146648,0.741568379468282,0.517777609537302,0.125778950007636,0.289619892609049
"871",11933,0.149067685815887,0.0415528817560006,0.597299723754503,0.387230519958159,0.627198697895984,0.449074024146648,0.728726524063642,0.491204471438853,0.127767245374817,0.288937580514926
"872",11935,0.144170831149821,0.0791195584010167,0.678125396672588,0.441635129416098,0.571288698931637,0.42392360188735,0.766118681647669,0.468620985699625,0.147308236076992,0.364036476281013
"873",11936,0.151035442059804,0.176020831779429,0.697244246133928,0.475713623721846,0.634978149249936,0.47345002819282,0.772574703616344,0.45013241327983,0.112762334303152,0.390589573204251
"874",11937,0.0914321426222734,0.0415528817560006,0.697567152657944,0.475713623721846,0.72433650894141,0.520139193232302,0.746507031552564,0.436242182003819,0.116977316138729,0.41632539484149
"875",11938,0.149298866221296,0.176020831779429,0.71305403889201,0.483993768992122,0.699557042403034,0.497119028924538,0.721746802828464,0.423635286656762,0.12251984288823,0.455403804831883
"876",11939,0.150623931362767,0.231753390739774,0.703456104424368,0.475713623721846,0.72433650894141,0.47345002819282,0.693920258607355,0.41929120042453,0.131214293713989,0.488998626587622
"877",11940,0.150623931362767,0.204585080501487,0.709304410950235,0.492184391287581,0.72433650894141,0.520139193232302,0.61633661246945,0.430931495373974,0.149656262576048,0.479000541246915
"878",11941,0.201546912472755,0.204585080501487,0.718178617030265,0.524106351131348,0.72433650894141,0.542561124282565,0.587807768535101,0.433763004147421,0.12970000771981,0.518868899671625
"879",11942,0.166868683813291,0.257712384106153,0.674775387856514,0.524106351131348,0.72433650894141,0.542561124282565,0.553070303667424,0.427226586334955,0.142135082392125,0.544171034051847
"880",11943,0.152106057371946,0.231753390739774,0.724063900361085,0.569726764419342,0.72433650894141,0.564429170803794,0.564016671776952,0.43620388450868,0.143220735228069,0.540911041858454
"881",11944,0.296925509126088,0.352041663558859,0.711411017550802,0.605938098260498,0.72433650894141,0.606655713326245,0.680599118147325,0.443836407728929,0.120259374786455,0.503122560477339
"882",11945,0.274826835679761,0.415215354125646,0.737010727911878,0.62001186986015,0.72433650894141,0.564429170803794,0.732617678980309,0.418753753306431,0.103955956713644,0.395776414277294
"883",11958,0.144170831149821,0.113665682896246,0.533227133216764,0.338208933560039,0.0250116488670021,0.180920791056081,0.774984352668314,0.643128061462727,0.124314020480621,0.269591459941492
"884",11959,0.123060083609563,0.113665682896246,0.681972021539404,0.432858700052997,0.575743687134748,0.370969683609364,0.714221732272194,0.588121950614854,0.149249907297995,0.227006283120824
"885",11960,0.00803912506100861,0,0.643987960287211,0.423971862329936,0.585424652508122,0.397919898949678,0.688275934239106,0.568060676843933,0.146621286790079,0.227584566003179
"886",11961,0.123060083609563,0.0791195584010167,0.64600827803934,0.441635129416098,0.51565654684062,0.397919898949678,0.73988985453496,0.557209857182349,0.143639664716295,0.261165510500243
"887",11962,0.149298866221296,0.0791195584010167,0.686273401647531,0.492184391287581,0.668853865184025,0.47345002819282,0.744829510729244,0.531059208931996,0.141068514529986,0.279738812947377
"888",11963,0.149298866221296,0.176020831779429,0.699023093121117,0.500288333011817,0.7140761256304,0.497119028924538,0.729558981289815,0.508468662464534,0.119418027174892,0.300675534274639
"889",11964,0.133424550311147,0.145820431566465,0.701262759586332,0.483993768992122,0.688927980238868,0.497119028924538,0.697898134026324,0.489450621273124,0.121826179748883,0.355656120854322
"890",11965,0.150623931362767,0.176020831779429,0.703736292062635,0.492184391287581,0.72433650894141,0.542561124282565,0.679539932560706,0.474209855210235,0.120409614792977,0.395093917905735
"891",11966,0.150623931362767,0.231753390739774,0.71025421357113,0.531889200076578,0.72433650894141,0.520139193232302,0.644948238671317,0.468409179835828,0.129269534559348,0.440063078159599
"892",11967,0.0878008268116415,0.231753390739774,0.71025421357113,0.547233549798998,0.72433650894141,0.497119028924538,0.610997946912571,0.462878164482653,0.143545471743627,0.449263960149615
"893",11968,0.0324272108210414,0.113665682896246,0.680377148310596,0.554799150511983,0.72433650894141,0.58578245863579,0.518533897241478,0.455503412509775,0.146965742431515,0.465926765458723
"894",11969,0.347122527324515,0.306567981894736,0.689460864035851,0.605938098260498,0.72433650894141,0.58578245863579,0.483522970538553,0.454898947944614,0.160403727232875,0.493686905810854
"895",11970,0.329751929367994,0.329684086508448,0.70694348489711,0.626966283264877,0.72433650894141,0.606655713326245,0.58947159722849,0.460912906546163,0.148956287840893,0.491402735696241
"896",11971,0.401192134204021,0.510280780360892,0.731948027345394,0.647514548205899,0.72433650894141,0.627079923289306,0.629741380301004,0.440554943354868,0.142417209156699,0.436188330661638
"897",11972,0.266969001130636,0.282610470971695,0.736239066556573,0.633867403789273,0.713410716151443,0.542561124282565,0.759934177524554,0.401235528160234,0.086103503175051,0.35348768124078
"899",11985,0.0701806214833268,0.113665682896246,0.643987960287211,0.423971862329936,0.0330340124361573,0.283197582328096,0.711646494119798,0.649481851838248,0.161221266885731,0.215490133399346
"900",11986,0.108734039565358,0.0791195584010167,0.667527255972215,0.467340954245889,0.500794777747963,0.342961398243505,0.656223488626546,0.635734038548979,0.160617007855277,0.209079152922866
"901",11987,0.0677619339791817,0.0791195584010167,0.672749730094379,0.492184391287581,0.512565864136415,0.370969683609364,0.706661785014468,0.622067752950757,0.144452847036387,0.20960917279463
"902",11988,0.123060083609563,0.0791195584010167,0.711430043907876,0.516246818315616,0.641068972024125,0.397919898949678,0.70479604423232,0.592639096355921,0.131891775453692,0.197901923201902
"903",11989,0.0724201284960817,0.113665682896246,0.712305194136127,0.516246818315616,0.684598801559141,0.42392360188735,0.663205329023589,0.567955800799501,0.141189302934612,0.222285965828628
"904",11990,0.0815880640809119,0.113665682896246,0.729797970706232,0.531889200076578,0.688927980238868,0.47345002819282,0.661748159679073,0.544781482204832,0.135016238204286,0.261180557734199
"905",11991,0.0871429325987387,0.176020831779429,0.73816086200416,0.539597566857884,0.72433650894141,0.520139193232302,0.614784454933117,0.529455223307156,0.131668334569997,0.299933204066109
"906",11992,0.163965689296089,0.306567981894736,0.748457455696064,0.577092350024269,0.72433650894141,0.520139193232302,0.598128978373011,0.519448701442731,0.125511639278971,0.344173075047546
"907",11993,0.126551524471737,0.329684086508448,0.684094580134587,0.605938098260498,0.72433650894141,0.564429170803794,0.574929136588294,0.498152786408298,0.125614743193416,0.379430750505808
"908",11994,0.15406268895552,0.306567981894736,0.689698457218428,0.62001186986015,0.72433650894141,0.606655713326245,0.502316912754584,0.473939342355332,0.154736535097062,0.382917194613555
"909",11995,0.319346554365931,0.329684086508448,0.707481787541519,0.62001186986015,0.72433650894141,0.627079923289306,0.529621625215506,0.457099812806751,0.184322680771335,0.379124668603086
"910",11996,0.394416573336176,0.454587121959464,0.710329644554324,0.626966283264877,0.72433650894141,0.564429170803794,0.69669203906924,0.440286388776651,0.145992426083971,0.332097825976228
"911",11997,0.281156086811543,0.352041663558859,0.660610112785486,0.605938098260498,0.72433650894141,0.606655713326245,0.75748534278727,0.408353342042594,0.142870244784051,0.243332790127097
"912",12009,0.00146196006521682,0,0.635880965627951,0.348322440337609,0.0250116488670021,0.217092219868523,0.732070854547088,0.769220260781786,0.135382410316563,0.240737055697518
"913",12010,0.00190949106200631,0.0415528817560006,0.674971315984649,0.483993768992122,0.033032572541855,0.251065168549109,0.701899969258553,0.710602572197507,0.158491947482868,0.190470208744896
"914",12011,0.150623931362767,0.204585080501487,0.68161057424884,0.516246818315616,0.0330340124361573,0.283197582328096,0.661862670599203,0.685944630881787,0.167909219637306,0.147163696560534
"915",12012,0.058283552374348,0.0791195584010167,0.686651577162592,0.531889200076578,0.475748670245489,0.342961398243505,0.674498543791991,0.67042002322925,0.163235186902665,0.143886431889945
"916",12013,0.0018736549038932,0,0.684494799418443,0.508308289265194,0.475748670245489,0.370969683609364,0.624506112300996,0.635568787284152,0.162699889571259,0.137765714291082
"917",12014,0.00485733205965135,0,0.648873829180453,0.508308289265194,0.534046935020978,0.42392360188735,0.591059873741972,0.624509483204372,0.163534236669368,0.147149886549929
"918",12015,0.150623931362767,0.145820431566465,0.662583854439155,0.516246818315616,0.538492468699506,0.42392360188735,0.531931702003674,0.598580158678092,0.157969656121734,0.169060375103426
"919",12016,0.0976160593836143,0.145820431566465,0.671528521158195,0.531889200076578,0.72433650894141,0.520139193232302,0.517207611822638,0.579759182305867,0.137212331851052,0.210580924923461
"920",12017,0.0719779734081227,0.145820431566465,0.687158444179142,0.59881607923987,0.72433650894141,0.542561124282565,0.525303611491782,0.564180029613897,0.144526794199894,0.269813323046613
"921",12018,0.210496415515898,0.231753390739774,0.687158444179142,0.591635439812507,0.72433650894141,0.542561124282565,0.534346520454231,0.525179060616172,0.19482783196983,0.277784458317834
"922",12019,0.171959397359581,0.204585080501487,0.648219425486508,0.562296280024933,0.72433650894141,0.58578245863579,0.556212455674564,0.472225447186197,0.22409203742665,0.257104526247147
"923",12020,0.00170645334151309,0.0791195584010167,0.614987425881872,0.531889200076578,0.72433650894141,0.564429170803794,0.633583899794774,0.450951620400919,0.229321621347807,0.235566873957581
"924",12034,0.0465549736309532,0,0.6643954533839,0.508308289265194,0.033032572541855,0.251065168549109,0.643642448493506,0.728433033320181,0.170256202725228,0.113349875920172
"925",12035,0.0069960477860353,0,0.674739180407985,0.508308289265194,0.475748670245489,0.313759680941193,0.611079508681116,0.705660553816319,0.188411102779516,0.0934564597601685
"926",12037,0.00485733205965135,0,0.648470017840944,0.500288333011817,0.534046935020978,0.370969683609364,0.447070571984005,0.669921262831685,0.20979791355825,0.0973223863852712
"927",12038,0.0974003115974955,0.0791195584010167,0.661074805102944,0.500288333011817,0.538492468699506,0.42392360188735,0.451559014227618,0.646157722951531,0.170036046357287,0.111303102929679
"928",12039,0.00862608227869159,0.0415528817560006,0.681426394319175,0.539597566857884,0.72433650894141,0.564429170803794,0.444773971058865,0.619105849389658,0.15152300628014,0.164539928808124
"929",12040,0.094368943453938,0.176020831779429,0.687158444179142,0.584394708209146,0.72433650894141,0.564429170803794,0.571684944403717,0.593405113055001,0.211378746095491,0.260290463094907
"930",12041,0.0409986345631734,0.0415528817560006,0.647421158479327,0.554799150511983,0.72433650894141,0.520139193232302,0.676113748289164,0.550345679419183,0.227417025217942,0.234004841845289
"931",12054,0.00202349973478741,0.0791195584010167,0.647622443176268,0.405849579643647,0.44962064298536,0.283197582328096,0.662371839702124,0.862678946549209,0.140349261745699,0.168439862181973
"932",12055,0.00183400870455048,0,0.6553959089108,0.467340954245889,0.44962064298536,0.283197582328096,0.637960485813228,0.810855078826242,0.177131823747945,0.126243894061762
"933",12056,0.0475567106921923,0.0415528817560006,0.674739180407985,0.508308289265194,0.44962064298536,0.283197582328096,0.617433287011996,0.773037834715968,0.178557908923457,0.100308410104049
"934",12057,0.00565430709779462,0,0.684063578916836,0.508308289265194,0.475748670245489,0.313759680941193,0.587973594664771,0.745422856112301,0.212317067520311,0.0625053898906476
"935",12058,0.00565430709779462,0,0.606241235096333,0.483993768992122,0.476838724649364,0.342961398243505,0.50282194497191,0.728598676646161,0.232425815423368,0.0608282164708055
"936",12061,0.0152781265451427,0.0415528817560006,0.681426394319175,0.531889200076578,0.570307263468963,0.497119028924538,0.412988892598691,0.65172092272514,0.179855846166829,0.136698258617052
"937",12062,0.0670745252456296,0.113665682896246,0.647650602093653,0.531889200076578,0.713536034650768,0.520139193232302,0.627325224460481,0.62763907991161,0.251713255502885,0.226015293647221
"938",12081,0.0152781265451427,0.0415528817560006,0.586709054157398,0.450305166020116,0.534046935020978,0.370969683609364,0.368895510616622,0.718047720568415,0.185831310131228,0.0860557731847845
"939",12082,0.0262147818312019,0.113665682896246,0.589279754658376,0.508308289265194,0.570307263468963,0.397919898949678,0.494044508103044,0.685604067665469,0.171889644319063,0.126866778234897
"940",12083,0.0471401509340204,0.0415528817560006,0.588244529574248,0.483993768992122,0.570307263468963,0.370969683609364,0.6174887312634,0.661120039873632,0.187503763183572,0.161753419576491
"941",12103,0.0152781265451427,0.0415528817560006,0.572330505285833,0.458872587796339,0.534046935020978,0.342961398243505,0.372946065116195,0.70522593464697,0.169102691325276,0.124605146346713
"942",12104,0.0476676446262655,0.0791195584010167,0.571229085904144,0.423971862329936,0.53294382851348,0.313759680941193,0.55685791451069,0.658989672259679,0.188330121279856,0.188423984381681
"943",12123,0.00565430709779462,0,0.523886628687692,0.423971862329936,0.534046935020978,0.342961398243505,0.33162768060849,0.761863074974257,0.179788915580279,0.0534702303763248
"944",12124,0.0152781265451427,0.0415528817560006,0.523886628687692,0.432858700052997,0.53294382851348,0.313759680941193,0.492648465456794,0.694046067332648,0.164915857022733,0.106593545126724
"945",12144,0.00565430709779462,0,0.523886628687692,0.414970341501822,0.476838724649364,0.283197582328096,0.493217398624508,0.774282879929045,0.151687976901529,0.0462976004546891
"946",12145,0.0404711408709284,0,0.523886628687692,0.414970341501822,0.475748670245489,0.251065168549109,0.566660295456325,0.712360423796766,0.171277918906616,0.0818433039181072
"947",12669,0.00898198755800635,0.0415528817560006,0.0110136711294479,0.0968620896731948,0.465116029247422,0.180920791056081,0.827663892209456,0.343696090124781,0.141738526495402,0.816069301792194
"948",12702,0.0183767766867336,0.0791195584010167,0.0207392663485292,0.129136212588539,0.554843991096149,0.251065168549109,0.788480813931133,0.429617747974981,0.13228875656368,0.754136516199518
"949",12723,0.00514954814091706,0.0415528817560006,0.0207392663485292,0.129136212588539,0.554843991096149,0.283197582328096,0.700780057005692,0.500583167452396,0.104965013960426,0.754236347900999
"950",12746,0.0238254398583859,0.176020831779429,0.0207392663485292,0.129136212588539,0.551952262362474,0.251065168549109,0.676972894772919,0.548245103274651,0.397886123872666,0.466202231594475
"951",3539,0.0116829386682973,0.113665682896246,0.431485148667102,0.262094778184694,0.163331544145548,0.180920791056081,0.75382226162271,1,0.195541187993847,0.529273770870463
"952",3578,0.0143609430392373,0.0415528817560006,0.23009648991437,0.368071441670836,0.604466667551501,0.180920791056081,0.697855364589274,0.620064671766922,0.130661516798993,0.60566826276201
"953",3622,0.00953299687186726,0.113665682896246,0.232307282457006,0.377721430031665,0.604466667551501,0.217092219868523,0.76928763561067,0.567326554139291,0.0967652729893511,0.569509990674616
"954",3630,0.00218978963084267,0.0415528817560006,0.173544710389655,0.144339752562717,0.136860676377817,0,0.712814746267273,0.694409462692247,0.174071167047254,0.545442271960619
"955",3737,0.0274060766894016,0.0415528817560006,0.135836728952943,0.1869488866532,0.604466667551501,0.180920791056081,0.906658819451533,0.462433217836216,0.098025014555176,0.559077813065815
"956",3745,0.00718015274347499,0.0415528817560006,0.0459389160107938,0.225936824181398,0.108780379635016,0.251065168549109,0.793567750840318,0.228353257330618,0.272797274769024,0.556632938744593
"957",3764,0.0054372687148731,0,0.162619326100575,0.338208933560039,0.604504280375967,0.217092219868523,0.783155695442256,0.287250539262621,0.200134535082582,0.599758029965238
"958",3792,0.0308108981753806,0.0791195584010167,0.137402904262757,0.213287844545566,0.604504280375967,0.251065168549109,0.993102082621662,0.316666542305015,0.103912869898098,0.577874582190662
"959",3793,0.0769598566949096,0.282610470971695,0.151095404872958,0.284901128075282,0.604504280375967,0.313759680941193,0.92160779703538,0.275969746191446,0.170760380989715,0.565380775596518
"960",3802,0.0307742332970378,0.0415528817560006,0.0482055385387458,0.225936824181398,0.0752077734429589,0.217092219868523,0.911575249979345,0.182711931110165,0.247463086242859,0.528694907583214
"961",3819,0.0498608866189889,0,0.177476615024078,0.295961962292366,0.604466667551501,0.251065168549109,0.962966954501745,0.261992840644422,0.109432029866185,0.563612443215536
"962",3820,0.0304400061525133,0.145820431566465,0.116299466433541,0.225936824181398,0.604466667551501,0.283197582328096,0.945095183352106,0.214647277686647,0.165880533578658,0.537051579507924
"963",3821,0.0134040109999153,0.0791195584010167,0.174996898382609,0.273616774899499,0.60250018919458,0.251065168549109,0.924553849386305,0.225504024612525,0.183071452485324,0.517012546626559
"964",3847,0.0150225745020867,0.0415528817560006,0.295580473664608,0.396604708670238,0.597758459643348,0.180920791056081,0.846756764997807,0.160535339216014,0.319172697025632,0.568114840519963
"965",3848,0.00233676882713894,0,0.181470815778344,0.31746301471993,0.597758459643348,0.217092219868523,0.905673743042943,0.204184603341114,0.0956830022060559,0.516645854647481
"966",3880,0.0229741629597718,0.0791195584010167,0.124864069545823,0.273616774899499,0.605901255818015,0.180920791056081,0.847754900838693,0.30736005331596,0.107018693114102,0.530895769182544
"967",3894,0.0302213964761776,0.0415528817560006,0.3476685152551,0.396604708670238,0.597758459643348,0.217092219868523,0.894861727555847,0.128046653822107,0.31447611651827,0.401852966714473
"968",3914,0.0029311593141124,0,0.310726149263302,0.405849579643647,0.60447383120407,0.251065168549109,0.88060639645543,0.131470151658017,0.405368189209003,0.486109101222637
"969",3921,0.0223201177048312,0.0791195584010167,0.0838896810234361,0.213287844545566,0.242665412103931,0.1420592625229,0.871525795489321,0.08572938469691,0.171597807800851,0.382836087541747
"970",3936,0.0830676037969809,0.204585080501487,0.29856551524016,0.358274099672593,0.604511443583183,0.283197582328096,0.872014207285141,0.135348044601877,0.287899539177494,0.374086203180733
"971",3937,0.0192921594571894,0,0.255088867820396,0.358274099672593,0.852043826737233,0.313759680941193,0.867922206750848,0.145629241702002,0.235525708585353,0.442421998922686
"972",3954,0.0405388258950239,0.0791195584010167,0.277146316790533,0.348322440337609,0.604511443583183,0.283197582328096,0.909086767672556,0.131052863272788,0.251897436494436,0.313428657851312
"973",3955,0.019961413950458,0.0791195584010167,0.279504203677508,0.358274099672593,0.863703535296397,0.397919898949678,0.906213035460991,0.137388516806858,0.232136378360677,0.355359819349806
"974",3970,0.156203915111712,0.282610470971695,0.282869006440564,0.368071441670836,0.870511630318968,0.42392360188735,0.907261681223724,0.120456343026305,0.231215713115183,0.362468391261301
"975",3985,0.0249334320267332,0.176020831779429,0.309567196784378,0.368071441670836,0.866631398277532,0.449074024146648,0.913303295226091,0.108766410277474,0.242808539401764,0.304232860753554
"976",3986,0.0275427116676832,0.0791195584010167,0.314753962899708,0.405849579643647,0.874953823926277,0.497119028924538,0.853023066371117,0.137571125085116,0.27172442123003,0.368618817111998
"977",3988,0.0626857858252743,0.282610470971695,0.263602819027289,0.368071441670836,0.9039792533621,0.520139193232302,0.764529693111722,0.0979134830738192,0.300270859662475,0.167970470859259
"978",3989,0.0115528927069054,0,0.263602819027289,0.368071441670836,0.9039792533621,0.542561124282565,0.868366599623544,0.102651361726696,0.369445888602399,0.26023043613902
"979",4000,0.0174872913553387,0,0.290501931256546,0.405849579643647,0.869781064457701,0.47345002819282,0.923731851895103,0.0870174053229609,0.32854406062874,0.227149603441768
"980",4001,0.0559875045498891,0.231753390739774,0.323769846198455,0.432858700052997,0.878148671528918,0.520139193232302,0.756084586060914,0.122416988574267,0.332968998391874,0.227093829361057
"981",4002,0.0173198559826682,0,0.341828806471063,0.405849579643647,0.878148671528918,0.497119028924538,0.851930316136521,0.186910917018929,0.363087077147128,0.354989433879434
"982",4005,0.123803092659162,0.257712384106153,0.263602819027289,0.368071441670836,0.904469947194873,0.58578245863579,0.744864941997553,0.0782941774141568,0.282224752988727,0.0837952718048437
"983",4006,0.0459447783880098,0.176020831779429,0.264247827621069,0.377721430031665,0.9039792533621,0.542561124282565,0.844552367511244,0.0875273167351069,0.327001041740679,0.115389988888875
"984",4007,0.012190473694462,0.0415528817560006,0.265849174365311,0.387230519958159,0.893252357623724,0.449074024146648,0.885347769702266,0.0747494097104828,0.320158114147301,0.130575500221088
"985",4017,0.0359281122031167,0.176020831779429,0.328243117049058,0.432858700052997,0.878148671528918,0.542561124282565,0.793354162967135,0.0948963579469086,0.316352749681172,0.163262731224245
"986",4018,0.00484827753388747,0.0791195584010167,0.341828806471063,0.405849579643647,0.878148671528918,0.449074024146648,0.812369409714924,0.155232510982038,0.321782194386757,0.230874869097103
"987",4021,0.100641747869279,0.373710818176806,0.263566925427635,0.358274099672593,0.696888062204768,0.42392360188735,0.907452617782161,0.0827321756526422,0.374321141661188,0.130959047921471
"988",4022,0.133252826977859,0.373710818176806,0.264541061126537,0.377721430031665,0.697382894142613,0.58578245863579,0.807578120789585,0.0731515522596115,0.477360254070104,0.081576919736087
"989",4024,0.0332991435856145,0.0415528817560006,0.265849174365311,0.387230519958159,0.967561285363462,0.47345002819282,0.790879505074724,0.0502688720502326,0.274072840762323,0.0518367784803804
"990",4029,0.0498105552247922,0.176020831779429,0.375034599345496,0.467340954245889,0.965370247263007,0.627079923289306,0.617575800870713,0.0622398407171947,0.405366875935739,0.119876780213786
"991",4030,0.000953406788587384,0,0.375034599345496,0.475713623721846,0.952829898046078,0.606655713326245,0.898215845926639,0.080206116686066,0.306330744863948,0.165257706553792
"992",4037,0.000546200337581922,0.0415528817560006,0.264247827621069,0.377721430031665,0.697382894142613,0.520139193232302,0.880631316981178,0.0730609032578234,0.41964119221062,0.112552489357721
"993",4038,0.0385199243245347,0.145820431566465,0.264245242164625,0.368071441670836,0.778468344520976,0.58578245863579,0.708571743484669,0.0560922120559795,0.350907643604456,0.0487716153823061
"994",4047,0.083051818117771,0.373710818176806,0.374119111850913,0.458872587796339,0.965370247263007,0.627079923289306,0.768665802534666,0.0527501863348449,0.380293989981607,0.113362103215522
"995",4051,0.121591341572918,0.43514742707086,0.343125672960054,0.414970341501822,0.878148671528918,0.497119028924538,0.877118290794717,0.0753687271901977,0.235239875851567,0.149094493070621
"996",4052,0.00420000925661438,0,0.33102087172381,0.377721430031665,0.870430972415728,0.47345002819282,0.883490542831603,0.0918727994872112,0.330949961992285,0.310726412686636
"997",4057,0.0551003903364465,0.0415528817560006,0.263602819027289,0.368071441670836,0.697382894142613,0.47345002819282,0.880511615268629,0.0726063534050298,0.523739741183124,0.152755076205506
"998",4058,0.0025304887132442,0.0791195584010167,0.263600227434569,0.358274099672593,0.697382894142613,0.520139193232302,0.792282168118966,0.0537525334923445,0.509676560278428,0.0757033410169769
"999",4060,0.0052149586075593,0.0791195584010167,0.261996274893043,0.358274099672593,0.778468344520976,0.542561124282565,0.738419573827103,0.0349869279319751,0.32270686510865,0.017218750446362
"1000",4076,0.00852300035014652,0.113665682896246,0.213629249712879,0.338208933560039,0.696888062204768,0.42392360188735,0.893917814057546,0.0819961963233194,0.561988793705001,0.25748967130283
"1001",4080,0.0055196810213607,0.0415528817560006,0.243358865122129,0.327925416151371,0.778468344520976,0.542561124282565,0.65340897298607,0.0332329041254564,0.416094982570831,0.0382522515312542
"1002",4082,0.122168584539417,0.394751479129127,0.26140119152849,0.358274099672593,0.967561285363462,0.497119028924538,0.841322121975383,0.0354537274582811,0.307972077134922,0.0685746161557032
"1003",4091,0.0343788931591806,0.0791195584010167,0.373627871247837,0.467340954245889,0.943581395247901,0.58578245863579,0.823331605725395,0.0688401340591896,0.27632393919648,0.169545550672737
"1004",4096,0.000531445690339099,0,0.24280827357194,0.348322440337609,0.967561285363462,0.449074024146648,0.870847241821673,0.0746497762765801,0.427943065713983,0.180583174180245
"1005",4097,0.093996539354754,0.352041663558859,0.245171533302333,0.358274099672593,0.96837660647284,0.497119028924538,0.851660305047381,0.0650958256334557,0.485275655021227,0.154478299221506
"1006",4098,0.0206047871634321,0.0791195584010167,0.263602819027289,0.368071441670836,0.967561285363462,0.47345002819282,0.861000267796521,0.0526999450023965,0.480312921170105,0.0938362523993007
"1007",4099,0.00239993529665429,0.0791195584010167,0.261392602169935,0.338208933560039,0.96837660647284,0.542561124282565,0.825118904045482,0.0418296693487075,0.583896567378684,0.0941552046154859
"1008",4103,0.0470163550036891,0.306567981894736,0.26140119152849,0.358274099672593,0.967561285363462,0.497119028924538,0.852372908059542,0.0264439377424198,0.259159069461465,0.102942266116608
"1009",4108,0.000917870767753134,0.0415528817560006,0.0360388543892803,0.238273338574488,0.673532299144348,0.542561124282565,0.818169623976178,0.0223595244874636,0.190115969025549,0.141907036880047
"1010",4125,0.0108744727718437,0.0415528817560006,0.242797617086723,0.31746301471993,0.935929861735268,0.542561124282565,0.742160730876611,0.0291473604923697,0.530549684794511,0.0765356966766618
"1011",4128,0.0319931421713994,0.204585080501487,0.261369195340046,0.348322440337609,0.954151836990306,0.449074024146648,0.871509609194618,0.0209582073646445,0.222428381778449,0.111937400840937
"1012",4133,0.0266074811724484,0.0415528817560006,0.0360388543892803,0.238273338574488,0.673532299144348,0.542561124282565,0.757599898231952,0.0357841878495064,0.244228903196905,0.119595528438287
"1013",4134,0.0145198930160992,0.0415528817560006,0.116086521206687,0.20030138102957,0.0580288851829363,0.180920791056081,0.839132213929946,0.0304311475296983,0.238445281128172,0.0720703597744832
"1014",4144,0.0170125479592959,0.113665682896246,0.340156148155094,0.387230519958159,0.944401862889153,0.58578245863579,0.849372426409147,0.0527437088125714,0.298638107516301,0.137595011273748
"1015",4149,0.00414598179838532,0,0.261394986634021,0.348322440337609,0.967561285363462,0.520139193232302,0.82293363944673,0.0313703645950229,0.440701426212646,0.0805612247978544
"1016",4150,0.16910114539503,0.612064138005298,0.261394986634021,0.348322440337609,0.954151836990306,0.497119028924538,0.806776208532596,0.0240343128271709,0.474521478858242,0.0711641355581391
"1017",4151,0.000467652924905977,0,0.261394986634021,0.348322440337609,0.954151836990306,0.520139193232302,0.832262865844248,0.0202836293344246,0.493833466324508,0.0858725993689987
"1018",4153,0.0812536442789875,0.204585080501487,0.26140119152849,0.358274099672593,0.963063471460816,0.520139193232302,0.858230513442419,0.0187546628972564,0.312814058267265,0.12810995469316
"1019",4154,0.143934446616913,0.329684086508448,0.261369195340046,0.348322440337609,0.923103710581169,0.449074024146648,0.889437240908144,0.0184431407959805,0.264953796085878,0.0462850927876184
"1020",4160,0.000573002807726218,0,0.116144534013652,0.225936824181398,0.192028488767244,0.251065168549109,0.860357766209826,0.0431648798241315,0.236811192186131,0.0936785988401658
"1021",4177,0.058301368031957,0.282610470971695,0.293582090857319,0.368071441670836,0.967561285363462,0.47345002819282,0.860545209793135,0.0439851176042036,0.446532140413953,0.13409066538856
"1022",4179,0.0398217324776231,0.282610470971695,0.261394986634021,0.348322440337609,0.954151836990306,0.497119028924538,0.891203349704591,0.0184080162546172,0.379818970260397,0.0892272312230404
"1023",4181,0.0940635377267734,0.257712384106153,0.261394986634021,0.348322440337609,0.954151836990306,0.520139193232302,0.857731689853672,0.023241452995489,0.341218304424965,0.206485739623405
"1024",4182,0.0143007081045061,0.204585080501487,0.26140119152849,0.358274099672593,0.931627683374795,0.497119028924538,0.845318058159078,0.0197764729795807,0.343840356722553,0.110287950131015
"1025",4292,0.00596212605607946,0,0.446559153745111,0.423971862329936,0.574123428995738,0.47345002819282,0.860978094656127,0.0334283594171943,0.303117125610327,0.130449779178293
"1026",4298,0.00659443945391572,0,0.373221282615811,0.450305166020116,0.943581395247901,0.58578245863579,0.778750096511622,0.0297161219291684,0.310969181167024,0.243672276726025
"1027",4312,0.00294759363352359,0,0.413500523047524,0.405849579643647,0.666795805525523,0.606655713326245,0.55980190193664,0.0480965444490946,0.384923094434957,0.0589315364112232
"1028",4314,0.0162659060864273,0.0791195584010167,0.443451172270993,0.432858700052997,0.666795805525523,0.647082879744186,0.768172417473911,0,0.483133728152794,0.224457567708367
"1029",4319,0.0468380943547411,0.176020831779429,0.362250182480302,0.423971862329936,0.940044312084974,0.520139193232302,0.819752308299462,0.0359526039698923,0.303390457635097,0.248204710536186
"1030",4337,0.00659846700889342,0,0.453055129074913,0.414970341501822,0.666795805525523,0.666689620312518,0.41585951501826,0.0204845566590343,0.364852878672681,0.185918134110452
"1031",4343,0.118972223042895,0.257712384106153,0.205014661042896,0.368071441670836,0.624139721685986,0.342961398243505,0.755644819250623,0.0473097097789101,0.390220207972555,0.231147169830219
"1032",4364,0.0178285507885339,0.0791195584010167,0.406306178838329,0.348322440337609,0.668988707383424,0.741577769722043,0.500386050781778,0.0560812949300511,0.221976014744688,0.202703433457765
"1033",4365,0.0377491138198333,0.204585080501487,0.379034276814647,0.358274099672593,0.668988707383424,0.685922796487011,0.599779182456036,0.0937199451145015,0.443123104429457,0.10985973650893
"1034",4371,0.000603539445086724,0.0415528817560006,0.204807175495184,0.327925416151371,0.624139721685986,0.251065168549109,0.815316570049282,0.0604334291148684,0.288516513607655,0.415782421122767
"1035",4394,0.0282481241715818,0.113665682896246,0.390019554002916,0.405849579643647,0.668988707383424,0.704802980355667,0.622660415126239,0.0834785748961423,0.302251395062091,0.109693526293137
"1036",4395,0.00800077823366348,0.0791195584010167,0.346864414742538,0.348322440337609,0.668988707383424,0.666689620312518,0.488586306959119,0.0831509488271353,0.316070947047909,0.109475617436154
"1037",4423,0.0113523322243127,0,0.346864414742538,0.348322440337609,0.668988707383424,0.564429170803794,0.821741667415539,0.095932337283127,0.437400539077843,0.171565086243835
"1038",4438,0.113961946993985,0.231753390739774,0.389563372104957,0.396604708670238,0.668988707383424,0.666689620312518,0.695838781596116,0.115991137298784,0.265502913012948,0.261688450480783
"1039",4440,0.0207635104334939,0.0415528817560006,0.397559887462725,0.387230519958159,0.668988707383424,0.647082879744186,0.698730227081663,0.129146262703651,0.315843601696093,0.275955506997167
"1040",6753,0.037882371373359,0,0.282652584762955,0.1869488866532,0.531335032191862,0.251065168549109,0.532250967465017,0.713613641641382,0.0916375506483879,0.695592748990158
"1041",6779,0.0209534421444177,0.113665682896246,0.00756760985391526,0,0.125313484867078,0.0530563129515712,0.811057968845388,0.440927010513908,0.145764940677586,0.339939000427629
"1042",6795,0.000368124420432499,0,0.366521481783169,0.20030138102957,0.643661796235222,0.283197582328096,0.784995240055768,0.672704254659249,0.114258105225795,0.496840587915385
"1043",6811,2.56165635769688e-05,0.0415528817560006,0.175954109228803,0.0968620896731948,0.486780713795886,0.251065168549109,0.749587252174557,0.442279460516322,0.125982626768206,0.843410284429913
"1044",6812,0.024890448254346,0,0.282652584762955,0.1869488866532,0.486780713795886,0.251065168549109,0.525429743955378,0.45251931183478,0.0938469282856041,0.812132574924146
"1045",6821,0.000461027847396723,0,0.290503776691897,0.144339752562717,0.67566959857135,0.283197582328096,0.884424051446713,0.439285726357001,0.0719487722596202,0.480390065551266
"1046",6822,0.0820997341358068,0.0415528817560006,0.426878393838064,0.20030138102957,0.67566959857135,0.313759680941193,0.851804451453671,0.405605801119964,0.0972077924613133,0.418414380835642
"1047",6823,0.000822012429126852,0,0.437337573807947,0.25031945995179,0.67566959857135,0.313759680941193,0.842517950403887,0.349070007305692,0.108342382687826,0.353292819763925
"1048",6831,0.163886371365723,0.204585080501487,0.271307755597407,0.173197547480325,0.486780713795886,0.251065168549109,0.659616607716976,0.371966674542247,0.0957482103720474,0.786531047661195
"1049",6837,0.000147720529522235,0,0.562517179728924,0.295961962292366,0.702504254737297,0.42392360188735,0.278753065379225,0.460654142361308,0.102987469571451,0.486722255165166
"1050",6838,0.189184115080201,0.306567981894736,0.556016484463908,0.306812056033988,0.702504254737297,0.397919898949678,0.627513740832044,0.481187502371295,0.135892549876177,0.467048645290667
"1051",6839,0.00326120189683782,0.0415528817560006,0.409227335902015,0.173197547480325,0.67566959857135,0.313759680941193,0.889951401943462,0.4182740220956,0.107274518391699,0.568350293666622
"1052",6841,0.0991385800877726,0.0791195584010167,0.457902273549787,0.225936824181398,0.67566959857135,0.313759680941193,0.841391491517549,0.374680846535615,0.102938115819813,0.384348154932009
"1053",6842,0.0669904192207156,0,0.467875940453956,0.25031945995179,0.67566959857135,0.313759680941193,0.854455611003234,0.330746462823431,0.112964937579164,0.345703471206972
"1054",6846,0.000115726162690945,0,0.0434502108778782,0,0.125313484867078,0.0530563129515712,0.779886809714916,0.272019321415124,0.133281077481982,0.350270621799822
"1055",6849,0.000130551386208283,0,0.0285014274224762,0.0219231199102153,0.125313484867078,0.0530563129515712,0.803505653234253,0.308462874436947,0.125980910902543,0.150483346354351
"1056",6850,0.0220906102234367,0,0.102146600881048,0.042328662386547,0.125313484867078,0.0530563129515712,0.804138895381804,0.31312532252594,0.108891712021914,0.227751096606792
"1057",6855,0.000155078446392504,0,0.266849233134683,0.144339752562717,0.486780713795886,0.251065168549109,0.827099326733494,0.301527459095763,0.0763536740405698,0.788606920669093
"1058",6856,0.0953012950586052,0.0415528817560006,0.38011266433897,0.1869488866532,0.486780713795886,0.251065168549109,0.657489868528456,0.299818323649967,0.0689492364739981,0.757022245667241
"1059",6857,0.000155078446392504,0,0.28834625375948,0.173197547480325,0.543212357771047,0.283197582328096,0.731295719423611,0.292869821620918,0.0553027907076114,0.757239609820868
"1060",6859,0.00339359199716738,0,0.133367427552968,0.0796209625767488,0.486780713795886,0.217092219868523,0.552397447295564,0.341233508495171,0.0911297458333996,0.745771091434505
"1061",6862,0.156757390521751,0.204585080501487,0.601125207477319,0.377721430031665,0.707216487937249,0.449074024146648,0.712717880747085,0.463717543287307,0.177407246032146,0.637866864226808
"1062",6863,0.193746768950342,0.282610470971695,0.460226383930513,0.295961962292366,0.475258854653124,0.370969683609364,0.808843329768156,0.444515417435335,0.225977840695735,0.544145285782821
"1063",6864,0.00259525013552646,0,0.460502133931257,0.306812056033988,0.475258649668493,0.342961398243505,0.75162854527167,0.406927425254467,0.372778194694663,0.461076578962687
"1064",6867,0.066095654455136,0.113665682896246,0.46039299759859,0.238273338574488,0.690419104899926,0.342961398243505,0.878402710435825,0.425255931079914,0.125464806161454,0.530203430851253
"1065",6868,0.0565301429243656,0,0.464310125479843,0.262094778184694,0.690419104899926,0.370969683609364,0.818948881061039,0.384624185413161,0.0881786902060772,0.450717719019839
"1066",6869,0.0991385800877726,0.0791195584010167,0.472820337321785,0.295961962292366,0.690419104899926,0.370969683609364,0.843143335589715,0.330048991239136,0.114727941743312,0.369729028266456
"1067",6871,0.000369040512882706,0,0.077856896444207,0.0796209625767488,0.128170121804356,0.0530563129515712,0.874935187999052,0.22376265088293,0.176099224626085,0.245498641039318
"1068",6877,0.0420053115947345,0.145820431566465,0.102146600881048,0.042328662386547,0.125313484867078,0.0530563129515712,0.746352689658251,0.258135317702483,0.180588135610931,0.217625664728203
"1069",6878,0.0416445237261653,0.0791195584010167,0.0285014274224762,0.0219231199102153,0.125313484867078,0.0530563129515712,0.856269058650634,0.2295933195154,0.15155410624039,0.233827477299964
"1070",6880,0.0573786015016177,0.0415528817560006,0,0,0,0,0.874961716060355,0.23499847511825,0.183790508326476,0.181065548217414
"1071",6885,0.139760696336756,0.145820431566465,0.282556573709665,0.159009332456504,0.543212357771047,0.342961398243505,0.659512872273543,0.200308442526137,0.0955265228705433,0.794957114410761
"1072",6889,0.274825010746073,0.373710818176806,0.668655114334372,0.414970341501822,0.716987909062954,0.520139193232302,0.590007701313027,0.422382300606019,0.255589372080275,0.5805337836062
"1073",6890,0.101790325165884,0.0415528817560006,0.548477334415626,0.368071441670836,0.716987909062954,0.47345002819282,0.827674664502194,0.447180589382718,0.217428453440829,0.572912944010436
"1074",6891,0.202633512096643,0.231753390739774,0.460502133931257,0.31746301471993,0.625289858934726,0.449074024146648,0.850314651795071,0.422734062896201,0.305168641859971,0.417517384544675
"1075",6892,0.114380603529094,0.113665682896246,0.428116292462135,0.295961962292366,0.697071264088962,0.497119028924538,0.875238736875268,0.426576182552833,0.277993492138157,0.335951832268532
"1076",6893,0.0032900751956595,0,0.417811812246914,0.284901128075282,0.697071264088962,0.47345002819282,0.881255265904885,0.434943140020513,0.246182383045052,0.357857176858929
"1077",6895,0.0151804357737043,0.0415528817560006,0.495578333856259,0.295961962292366,0.690419104899926,0.370969683609364,0.789322076397991,0.357761401864675,0.124546046469509,0.381469508057311
"1078",6896,0.111486399879583,0.113665682896246,0.504690217383909,0.327925416151371,0.690419104899926,0.370969683609364,0.852210334892529,0.307798946049696,0.150069234593658,0.347161421035786
"1079",6899,0.0018525226872899,0,0.077856896444207,0.0796209625767488,0.128170121804356,0.0530563129515712,0.795648568925879,0.20343673826623,0.178519714301761,0.28772564780488
"1080",6908,0.0284083015628138,0.0791195584010167,0,0,0,0,0.813749699590046,0.225426086252451,0.142434724636881,0.256512905760852
"1081",6909,0.022048848590679,0,0,0,0,0,0.847903430338507,0.231056607664644,0.212734860914896,0.179817748809853
"1082",6914,0.000193198289947323,0.0415528817560006,0.166348347253852,0.144339752562717,0.564518734058431,0.397919898949678,0.769763593227827,0.166335997511234,0.124868389674615,0.795559317006092
"1083",6918,0.035365637131412,0.0791195584010167,0.584437451305523,0.405849579643647,0.690148919782646,0.47345002819282,0.70829782189365,0.388596749601089,0.208191918804794,0.629879967942817
"1084",6919,0.09728220612869,0.257712384106153,0.626797038220756,0.396604708670238,0.625289858934726,0.47345002819282,0.722926854546833,0.377122832078484,0.261830969814717,0.4811903988867
"1085",6920,0.158517865476588,0.113665682896246,0.675742420708155,0.396604708670238,0.697071264088962,0.497119028924538,0.638220651754384,0.367132159495683,0.197283905522379,0.460908025164505
"1086",6921,0.0210660351453938,0.176020831779429,0.606301086087751,0.368071441670836,0.697071264088962,0.497119028924538,0.580872889936051,0.361011402865963,0.248174748151367,0.429898966124316
"1087",6922,0.121469290813772,0.176020831779429,0.537036244589258,0.327925416151371,0.697071264088962,0.47345002819282,0.782752185712885,0.371566553878557,0.271941497835117,0.427673448010937
"1088",6923,0.111376579683461,0.145820431566465,0.444994235627021,0.306812056033988,0.697071264088962,0.397919898949678,0.778862376879418,0.346835583094415,0.178593256103433,0.349752235075424
"1089",6924,0.188736327414268,0.306567981894736,0.500585106149335,0.348322440337609,0.697071264088962,0.397919898949678,0.779916735238522,0.300899808555559,0.261796992477104,0.321429119145001
"1090",6930,0.015078425125478,0.0415528817560006,0.173863943080773,0.173197547480325,0.552133985989518,0.397919898949678,0.587294502425242,0.211729570778027,0.0646006957280593,0.688247662519185
"1091",6931,0.0182940341180337,0.0791195584010167,0.154212639980108,0.159009332456504,0.690148919782646,0.449074024146648,0.774816153770939,0.296840148481488,0.0465342668827068,0.77672977033244
"1092",6933,0.0435743718010623,0.113665682896246,0.45850545604814,0.31746301471993,0.690419104899926,0.497119028924538,0.715122245962599,0.23971304406455,0.169602244010709,0.712550783228636
"1093",6934,0.0453190246953183,0.0415528817560006,0.566925164480396,0.368071441670836,0.697071264088962,0.497119028924538,0.554257470190978,0.271665675719527,0.191459592447269,0.565958719886958
"1094",6935,0.0827193197185135,0.145820431566465,0.588621272104931,0.377721430031665,0.697071264088962,0.497119028924538,0.731416335585679,0.334853585349603,0.353847146127408,0.379808689166143
"1095",6936,0.0750211392329315,0.113665682896246,0.588621272104931,0.377721430031665,0.697071264088962,0.47345002819282,0.749632477924814,0.340078268147462,0.32807342154164,0.355401827202054
"1096",6937,0.164284127652724,0.204585080501487,0.414470974456785,0.31746301471993,0.697071264088962,0.449074024146648,0.81533093466081,0.317525642887787,0.346251669315044,0.359318409094601
"1097",6938,0.0392610380720172,0.0791195584010167,0.435346171166293,0.327925416151371,0.697071264088962,0.397919898949678,0.846038349599819,0.304948476051368,0.27150309443293,0.280263883014136
"1098",6939,0.112878132081202,0.113665682896246,0.448696048560056,0.368071441670836,0.489514327776958,0.397919898949678,0.806657684789778,0.265495157887635,0.256895642707787,0.391814984511184
"1099",6940,0.00250762822868752,0,0.561418514232182,0.377721430031665,0.489514327776958,0.397919898949678,0.829072308104389,0.205679651700532,0.340040085891804,0.332286191530516
"1100",6944,0.017358322794394,0,0.513338499740022,0.25031945995179,0.475258862846929,0.42392360188735,0.859905595411407,0.137539055836573,0.282124899442809,0.65914884217181
"1101",6945,0.195468256701577,0.204585080501487,0.643911517787835,0.295961962292366,0.625289858934726,0.47345002819282,0.443130823438152,0.164730581051261,0.267786231443651,0.544821032197789
"1102",6946,0.203787239981368,0.306567981894736,0.605819528818912,0.387230519958159,0.697071264088962,0.497119028924538,0.392200321784422,0.247195569337605,0.238600514693179,0.472977407004751
"1103",6947,0.182490290124256,0.204585080501487,0.601052083848665,0.396604708670238,0.697071264088962,0.497119028924538,0.61702238536687,0.299075066303083,0.227524131918199,0.475079213003395
"1104",6948,0.168275241129056,0.0791195584010167,0.582996592407806,0.387230519958159,0.697071264088962,0.497119028924538,0.68628064160703,0.299265067143366,0.200998384753738,0.380212454309853
"1105",6949,0.174416944122016,0.176020831779429,0.582996592407806,0.387230519958159,0.697071264088962,0.497119028924538,0.669278326414871,0.296459701684019,0.164022386412782,0.333840473872514
"1106",6951,0.150941014325688,0.113665682896246,0.599212952309497,0.414970341501822,0.700454186605335,0.42392360188735,0.746740874430297,0.201194138245859,0.297422804940734,0.304212094031049
"1107",6952,0.0126699751636316,0,0.546005481879849,0.327925416151371,0.489514327776958,0.42392360188735,0.868732639284318,0.148601075092861,0.426885946472655,0.300684342789724
"1108",6957,0.0657985563511291,0.113665682896246,0.602978583584715,0.284901128075282,0.680470508723843,0.47345002819282,0.638568726722943,0.19250181505506,0.12800174754661,0.657797788871421
"1109",6958,0.00178511225630761,0.0415528817560006,0.622819572999219,0.306812056033988,0.681081537461475,0.497119028924538,0.609749712512928,0.202139430388829,0.131452381806995,0.608799206930166
"1110",6959,0.0981651030039961,0.113665682896246,0.508203616480645,0.284901128075282,0.697071264088962,0.542561124282565,0.615514306997122,0.220451272104368,0.109631616535458,0.552856530863064
"1111",6960,0.265757999804518,0.373710818176806,0.673715958126213,0.423971862329936,0.700454186605335,0.542561124282565,0.690591493162625,0.218939844146312,0.113749793866263,0.459612439871842
"1112",6961,0.0340059582088316,0.0415528817560006,0.618390686233239,0.405849579643647,0.700454186605335,0.497119028924538,0.753616286840379,0.179189811715547,0.270084702905956,0.36943525381347
"1113",6962,0.025325042542398,0.0415528817560006,0.546005481879849,0.327925416151371,0.700454186605335,0.449074024146648,0.844586880419398,0.135047253455285,0.385174856701859,0.334290050213572
"1114",6966,0.0710446791642194,0.113665682896246,0.446000708664702,0.1869488866532,0.680470508723843,0.449074024146648,0.80059669255937,0.113367475474251,0.186490749232368,0.666264968488101
"1115",6967,0.205305449715221,0.204585080501487,0.386048445044197,0.159009332456504,0.680470508723843,0.47345002819282,0.873511454712359,0.120274329241424,0.169165103936616,0.686606612194624
"1116",6968,0.00610981197416964,0.0791195584010167,0.540036639900375,0.273616774899499,0.690419104899926,0.542561124282565,0.903384174574575,0.158355992695914,0.156427067393438,0.673503688025512
"1117",6969,0.109905799025848,0.204585080501487,0.711895559006846,0.441635129416098,0.697071264088962,0.564429170803794,0.697326646351081,0.169104527716557,0.126246165267399,0.546231335837731
"1118",6970,0.0894952873113263,0.0791195584010167,0.70797326035422,0.432858700052997,0.700454186605335,0.520139193232302,0.772998707566639,0.148643785464548,0.295335691167662,0.414536758283474
"1119",6971,0.00248249131122263,0,0.546005481879849,0.338208933560039,0.700454186605335,0.449074024146648,0.857587710994292,0.114233915706991,0.286243120028986,0.394162909600303
"1120",6974,0.0115238675331155,0.0791195584010167,0.285581697389579,0.129136212588539,0.680470508723843,0.397919898949678,0.969852955895219,0.129700174101464,0.202009564920505,0.68974046471984
"1121",6975,0.126813012749402,0.176020831779429,0.451319605117625,0.284901128075282,0.697071264088962,0.564429170803794,0.877227109853092,0.152075064353089,0.118127691239827,0.632306159254817
"1122",6976,0.367171464375775,0.473569219876605,0.695643731861128,0.414970341501822,0.700454186605335,0.542561124282565,0.796815568847808,0.127583901481682,0.223790731746618,0.468517969460231
"1123",6977,0.118612835320815,0.113665682896246,0.546005481879849,0.338208933560039,0.700454186605335,0.47345002819282,0.860666713872563,0.094070772669108,0.342040635198349,0.417631104877119
"1124",6982,0.242085357754689,0.231753390739774,0.285581697389579,0.129136212588539,0.697071264088962,0.47345002819282,0.890064567697033,0.125049235075112,0.138398325259299,0.637418797369974
"1125",6983,0.294887487349488,0.231753390739774,0.624333737650256,0.368071441670836,0.700454186605335,0.520139193232302,0.86097900417247,0.113740332046198,0.198293984446836,0.477251995118661
"1126",6984,0.217919267907142,0.257712384106153,0.546005481879849,0.348322440337609,0.700454186605335,0.497119028924538,0.843127632984711,0.0793707427228731,0.429220591621237,0.361006383217194
"1127",6988,0.0055979846463864,0,0.398704889957191,0.173197547480325,0.697071264088962,0.449074024146648,0.882412514917157,0.104714847678279,0.193884140793897,0.633240554272011
"1128",6989,0.331305174344324,0.628000850738346,0.80929592443517,0.59881607923987,0.700454186605335,0.647082879744186,0.813995346893566,0.111872745236025,0.282681264261632,0.441883961290321
"1129",6990,0.374508825476158,0.595859525062267,0.751833117664328,0.569726764419342,0.700454186605335,0.647082879744186,0.845483338612373,0.0718539039295562,0.493427666141705,0.238411617860679
"1130",6995,0.388457384101713,0.545491992483284,0.77447104075246,0.613002909529644,0.701917430291629,0.627079923289306,0.834030004083061,0.117998659367726,0.271177056006296,0.569605682964996
"1131",6996,0.500965855230104,0.880104158897146,0.811932920152521,0.660962432145773,0.705311460290412,0.666689620312518,0.531379506294521,0.0715188794860689,0.430805623235348,0.324748133909419
"1132",6997,0.293375162825486,0.67432733903765,0.751827130397207,0.591635439812507,0.489515395781616,0.627079923289306,0.721378426136282,0.0580316489255159,0.406860226160989,0.147755072440367
"1133",6998,0.221005408879605,0.282610470971695,0.629881483974343,0.423971862329936,0.711360571258839,0.647082879744186,0.852401838773853,0.026752435868615,0.386619167125023,0.372292141567224
"1134",7002,0.315761834120156,0.659121031693805,0.673433230491992,0.516246818315616,0.701917430291629,0.606655713326245,0.768122531504796,0.105172658154986,0.478423050996755,0.413327662486562
"1135",7003,0.344927676960492,0.775041590701095,0.796108188510113,0.674219536958639,0.703903355802546,0.685922796487011,0.590312402848852,0.088095057775637,0.418269123904026,0.2965214587348
"1136",7004,0.0965701227394976,0.43514742707086,0.779921924361368,0.640716438151503,0.700502508280727,0.666689620312518,0.66552245920969,0.0863309251777764,0.326222731690796,0.301923611886673
"1137",7005,0.267414274887518,0.643682526691789,0.74534448521165,0.562296280024933,0.711360571258839,0.685922796487011,0.794615005223191,0.0632128894192918,0.380349965211285,0.283093675464386
"1138",7006,0.294966977076127,0.612064138005298,0.732914084924274,0.500288333011817,0.711360571258839,0.685922796487011,0.859670928950115,0.0326362656212625,0.28262867231466,0.405365296928361
"1139",7007,0.116062483661213,0.373710818176806,0.72283927081715,0.483993768992122,0.711360571258839,0.704802980355667,0.83707144419074,0.028004465068602,0.352441461321437,0.375128082795415
"1140",7008,0.00631861508643911,0.0791195584010167,0.662168245852342,0.467340954245889,0.711360571258839,0.723348922421336,0.776533925189471,0.0264572776106834,0.440359090861808,0.287513457914053
"1141",7009,0.0422558276450948,0.176020831779429,0.535866776085641,0.348322440337609,0.700502508280727,0.47345002819282,0.854752226000066,0.134767989457697,0.681958116642489,0.369869809363664
"1142",7010,0.176222805011819,0.352041663558859,0.650887836191441,0.387230519958159,0.700502508280727,0.542561124282565,0.880813543769822,0.131775389200998,0.380887423034472,0.394546310014288
"1143",7011,0.0850473818956664,0.145820431566465,0.544489136907433,0.531889200076578,0.700502508280727,0.647082879744186,0.801234077509446,0.141297935859376,0.251974284230175,0.464537903109523
"1144",7012,0.10035519528111,0.176020831779429,0.529933706753256,0.423971862329936,0.700502508280727,0.606655713326245,0.845553425626482,0.104271273987406,0.208486797464259,0.455111685513489
"1145",7014,0.148282246191551,0.473569219876605,0.739275806102715,0.554799150511983,0.711360571258839,0.759505251477224,0.80025540368728,0.0401518353085901,0.382369200308959,0.323611354005196
"1146",7015,0.0534407588561491,0.231753390739774,0.675083248475788,0.524106351131348,0.711360571258839,0.741577769722043,0.736597911088804,0.0348007147966139,0.413270423191823,0.301410811566202
"1147",7016,0.0886344419824687,0.113665682896246,0.426723624684283,0.25031945995179,0.700502508280727,0.397919898949678,0.866242551762171,0.168934587503998,0.327142843757249,0.452037668743271
"1148",7017,0.253687491244761,0.306567981894736,0.474948485808121,0.262094778184694,0.700502508280727,0.449074024146648,0.818392172023579,0.0945532072331427,0.239440783084888,0.486886889204302
"1149",7018,0.0533114126822222,0.176020831779429,0.665406850550207,0.508308289265194,0.711360571258839,0.759505251477224,0.732971980530143,0.0362824471497999,0.381380100687889,0.331387643421183
"1150",9215,0.000334184151529981,0,0.397574270954352,0.1869488866532,0.251754182428331,0.180920791056081,0.927468145799476,0.213528665456595,0.122990490895626,1
"1151",9216,0.00390566837094899,0.0415528817560006,0.242812485827412,0.144339752562717,0.612534450473626,0.251065168549109,0.975101327087112,0.351307487164878,0.113443172048242,0.939014262456523
"1152",9217,0.0032243141784997,0.0415528817560006,0.242812485827412,0.144339752562717,0.27702305146866,0.217092219868523,1,0.455971528002419,0.107306513687156,0.903123688682765
"1153",9269,0.00389699843235307,0,0.413251159198941,0.173197547480325,0.612534450473626,0.251065168549109,0.937815618218779,0.247133865244077,0.209900290454312,0.912869683125331
"1154",9270,0.00135678535666326,0,0.242812485827412,0.144339752562717,0.612534450473626,0.251065168549109,0.925285701466655,0.401443752528206,0.195956043961349,0.8268520661325
"1155",9271,0.0147437076688492,0.0415528817560006,0.115483379722266,0.129136212588539,0.27702305146866,0.180920791056081,0.820619265830422,0.467733757025177,0.155594327027841,0.76478814558644
"1156",9327,0.00756903644057588,0.0415528817560006,0.383761824737244,0.144339752562717,0.612534450473626,0.251065168549109,0.918483469108364,0.182086570411782,0.291528861185394,0.883798005880392
"1157",9329,0.052471720922101,0.231753390739774,0.0845620997178718,0.0796209625767488,0.612534450473626,0.251065168549109,0.791173272364715,0.420812760040277,0.196119699376857,0.701650552847393
"1158",9330,0.00313626141871882,0.0415528817560006,0.0640347534038369,0.0796209625767488,0.612534450473626,0.251065168549109,0.813516239317596,0.474708044166086,0.159142489006049,0.676540097903661
"1159",9331,0.00241967452077022,0.0415528817560006,0.0640347534038369,0.0796209625767488,0.276921308542938,0.1420592625229,0.897856996480905,0.497079489166785,0.148264808421693,0.684613096331494
"1160",9336,2.42487744076334e-05,0,0.0680644459176458,0.0968620896731948,0.0789093627925648,0.09979986301953,0.924196086787383,0.441597350476025,0.0873054824759749,0.703595781651223
"1161",9341,0.00119648411631686,0.0415528817560006,0.0563970788829614,0.0796209625767488,0.260354616253695,0.0530563129515712,0.952490505654316,0.443639626830255,0.0814928538972813,0.718897749190501
"1162",9388,0.103970329814494,0.145820431566465,0.440470179594108,0.213287844545566,0.616802074791749,0.313759680941193,0.851865029975993,0.368468586416461,0.284835246454101,0.683659057852574
"1163",9389,0.045149888759329,0.145820431566465,0.424901791810663,0.225936824181398,0.890375098331211,0.342961398243505,0.844968414319295,0.415598273860883,0.223398806788605,0.603095145172484
"1164",9390,0.0026012844999011,0,0.33693249725327,0.173197547480325,0.890375098331211,0.342961398243505,0.851383227046446,0.404333725637681,0.179534419957408,0.589051501194132
"1165",9395,0.0053107366256345,0.0791195584010167,0.10089290170143,0.129136212588539,0.27702305146866,0.217092219868523,0.932354998319154,0.414826929423195,0.0879031286606147,0.585083331679993
"1166",9445,0.181544291123064,0.257712384106153,0.587931418143686,0.25031945995179,0.893104749705798,0.370969683609364,0.869428412434349,0.288070122924248,0.371130737168376,0.664968064032205
"1167",9446,0.300080888558942,0.492124590248654,0.649900799148006,0.295961962292366,0.893104749705798,0.42392360188735,0.807941313068285,0.333572731184732,0.30510177737483,0.54136380635155
"1168",9447,0.012751425107051,0,0.612979565912314,0.31746301471993,0.893104749705798,0.42392360188735,0.786419537266977,0.305303896760486,0.265462264737522,0.489680522409169
"1169",9448,0.229110590926336,0.329684086508448,0.590691528670279,0.284901128075282,0.893104749705798,0.370969683609364,0.729156525705364,0.286766223661663,0.240177499014757,0.496822985959149
"1170",9451,0.00273510541416458,0,0.246108796140178,0.159009332456504,0.109040500128536,0.1420592625229,0.8652520388585,0.357091192160363,0.0990360595251914,0.517199230944367
"1171",9452,0.00443292550248593,0.0791195584010167,0.305505942831656,0.225936824181398,0.27702305146866,0.217092219868523,0.894116562310306,0.37246206433709,0.0786278222435926,0.461867149496758
"1172",9453,0.0838759659553948,0.204585080501487,0.378493047125185,0.238273338574488,0.27702305146866,0.217092219868523,0.896945454256881,0.374880490730067,0.0742341822621673,0.471446251756393
"1173",9454,0.000270499345827048,0,0.226112545888787,0.144339752562717,0.113576631813196,0.251065168549109,0.921891104456105,0.378793660146894,0.0896001734896422,0.501771609537869
"1174",9457,0.0473121368302024,0.0791195584010167,0.307963655311207,0.144339752562717,0.59719805849862,0.251065168549109,0.860133562903832,0.355732614716842,0.118232851272416,0.564138703457153
"1175",9458,0.0473121368302024,0.145820431566465,0.273694987394289,0.129136212588539,0.59719805849862,0.180920791056081,0.883463855674767,0.369904808705369,0.0947501875189089,0.551513965335334
"1176",9502,0.24693582834966,0.352041663558859,0.473151391211103,0.213287844545566,0.893104749705798,0.370969683609364,0.845946085717983,0.217004636209808,0.397788050791253,0.654771925843896
"1177",9503,0.166919829342689,0.231753390739774,0.637231553108585,0.295961962292366,0.893104749705798,0.42392360188735,0.809763814606188,0.242496874706789,0.330785801581256,0.512721140996026
"1178",9504,0.0544853125765275,0.176020831779429,0.652658608040384,0.31746301471993,0.89595139473594,0.449074024146648,0.781092192210686,0.226977933277952,0.304325540780537,0.434759784754067
"1179",9505,0.318168749709187,0.473569219876605,0.652658608040384,0.327925416151371,0.89595139473594,0.449074024146648,0.765587125246023,0.218246051216672,0.237241880958949,0.425806628397564
"1180",9506,0.372555923917819,0.579373029351351,0.612979565912314,0.31746301471993,0.893104749705798,0.449074024146648,0.766654375693986,0.237142857486441,0.141007903868299,0.441406957034301
"1181",9509,0.0261362041543533,0.0791195584010167,0.401378015671839,0.273616774899499,0.278844017220264,0.283197582328096,0.872040866252849,0.307822204205089,0.078308033514714,0.414904684999757
"1182",9511,0.0453197798675204,0.176020831779429,0.373142244788826,0.262094778184694,0.113603655416917,0.342961398243505,0.892789373501773,0.318109587966413,0.0968708867653117,0.428976314035023
"1183",9512,0.000736277521025937,0,0.343202313067346,0.225936824181398,0.113603655416917,0.342961398243505,0.933814172755053,0.33303086012226,0.109371365091951,0.448559602913566
"1184",9513,0.0728436562656155,0.113665682896246,0.401471462968355,0.225936824181398,0.59719805849862,0.370969683609364,0.919841294337737,0.323114937084866,0.121975029083942,0.498279501424133
"1185",9514,0.042238340896751,0.145820431566465,0.392500011472054,0.213287844545566,0.59719805849862,0.370969683609364,0.857656999256974,0.311961864337695,0.104676192387532,0.478135849767577
"1186",9515,0.0477390386348203,0.0791195584010167,0.347908926737899,0.20030138102957,0.601774809647168,0.370969683609364,0.896311556618776,0.318466390594016,0.0873690594087897,0.476152122757619
"1187",9516,0.00548915765515602,0.0415528817560006,0.326446321562283,0.20030138102957,0.867096943985146,0.370969683609364,0.857826380812099,0.307108375649168,0.0933750551833439,0.478634187657942
"1188",9517,0.00261092042821652,0,0.242140514943226,0.213287844545566,0.867096943985146,0.342961398243505,0.820337696492045,0.309752750456214,0.111165119673641,0.473454040145168
"1189",9523,0.00226444009029474,0,0.277714764186644,0.20030138102957,0.286560430228637,0.1420592625229,0.846211278977005,0.402571437042042,0.126991078554265,0.635113889326071
"1190",9531,0.126534914096759,0.231753390739774,0.197678119086896,0.238273338574488,0.848265686205234,0.217092219868523,0.850422353743517,0.38248196575308,0.109842621129257,0.611354614477794
"1191",9559,0.200258866155044,0.329684086508448,0.627173730225653,0.284901128075282,0.893104749705798,0.313759680941193,0.8292703053795,0.17686079024008,0.377679127184979,0.542747606107447
"1192",9560,0.248799244744024,0.454587121959464,0.637879295285137,0.306812056033988,0.89595139473594,0.397919898949678,0.78428442550232,0.167492365221928,0.354910512322173,0.463468122589057
"1193",9561,0.305719637778038,0.492124590248654,0.652658608040384,0.306812056033988,0.89595139473594,0.449074024146648,0.801368205357651,0.182911263053975,0.245787241169617,0.436252067603849
"1194",9562,0.417993129646165,0.579373029351351,0.652658608040384,0.306812056033988,0.89595139473594,0.449074024146648,0.798482391990514,0.19538998884681,0.185486651879843,0.423059608250607
"1195",9563,0.248546723322273,0.415215354125646,0.553499574487542,0.306812056033988,0.89595139473594,0.397919898949678,0.850715724971333,0.224920862793526,0.119906690922003,0.383908664024309
"1196",9564,0.0283628469383541,0.145820431566465,0.495119079379673,0.31746301471993,0.372419022511226,0.313759680941193,0.867298881046089,0.243533998935854,0.0957540101810798,0.36924959615786
"1197",9566,0.00616542550057538,0,0.516396523720676,0.295961962292366,0.699948850502193,0.370969683609364,0.87255012127349,0.260728697703098,0.0988121861424595,0.396545679814766
"1198",9567,0.232689731576072,0.282610470971695,0.471961831739084,0.295961962292366,0.699948850502193,0.397919898949678,0.865811745210618,0.261494571121593,0.115643972283874,0.387254280352924
"1199",9568,0.352571476796013,0.329684086508448,0.495119079379673,0.31746301471993,0.633724564293364,0.42392360188735,0.88737928612766,0.266768589572938,0.11858031041694,0.378445452849421
"1200",9569,0.169915313111285,0.282610470971695,0.491077576004005,0.295961962292366,0.597200478726837,0.397919898949678,0.892498394076994,0.269239788910312,0.136015529665207,0.382387536755178
"1201",9570,0.134563591390715,0.257712384106153,0.480134174630474,0.262094778184694,0.871955575166628,0.42392360188735,0.863550691746484,0.267603942930054,0.109081068244365,0.384512148867059
"1202",9571,0.270179068329456,0.352041663558859,0.396412518732372,0.25031945995179,0.871955575166628,0.397919898949678,0.895882756963899,0.263830755560849,0.0859065015046393,0.425458433511072
"1203",9572,0.207555312404115,0.306567981894736,0.458541283232818,0.306812056033988,0.87401044919337,0.42392360188735,0.876934914265736,0.251094543395236,0.117102847202615,0.454242177478026
"1204",9573,0.150445413481552,0.282610470971695,0.530339597796578,0.31746301471993,0.910992357463379,0.449074024146648,0.837858921209061,0.247902459503448,0.15529611251887,0.43626070423845
"1205",9574,0.0200566811107988,0.0415528817560006,0.555300550489977,0.327925416151371,0.910992357463379,0.42392360188735,0.841992403790084,0.269718371236116,0.142760979216549,0.472383968247385
"1206",9575,0.0034938269112989,0.0791195584010167,0.297687095064225,0.273616774899499,0.87401044919337,0.370969683609364,0.885626775380784,0.302923405524792,0.134347652598018,0.525100906273427
"1207",9579,0.10053085826993,0.0791195584010167,0.225753868991902,0.31746301471993,0.880241241293746,0.283197582328096,0.657276290595199,0.343928516965088,0.200942914709749,0.5693517832317
"1208",9614,0.401516185628256,0.394751479129127,0.523351984164801,0.273616774899499,0.893104749705798,0.313759680941193,0.831308529093108,0.155399589077323,0.39690778798556,0.493384133103476
"1209",9615,0.0364915526003095,0.0791195584010167,0.53533449746285,0.273616774899499,0.89595139473594,0.42392360188735,0.806697540572924,0.162405712370078,0.299448450369704,0.40106803760779
"1210",9616,0.23050550122216,0.373710818176806,0.53533449746285,0.273616774899499,0.89595139473594,0.449074024146648,0.818982511367107,0.178234723768948,0.197911871323003,0.363709195061232
"1211",9617,0.171131746454192,0.282610470971695,0.53533449746285,0.284901128075282,0.89595139473594,0.449074024146648,0.834279505911679,0.191346642865725,0.145457422721299,0.338680767776784
"1212",9619,0.22832967213865,0.394751479129127,0.536076032127209,0.295961962292366,0.372419022511226,0.370969683609364,0.863374145257302,0.218495474003498,0.108000063802507,0.378816828137272
"1213",9620,0.185908737865395,0.329684086508448,0.536076032127209,0.306812056033988,0.699948850502193,0.42392360188735,0.856105759608465,0.221867577759439,0.12347084873834,0.380319062768208
"1214",9621,0.325603117429487,0.43514742707086,0.536076032127209,0.306812056033988,0.699948850502193,0.449074024146648,0.862329671059265,0.229826371887886,0.139606989040673,0.347721165045529
"1215",9622,0.433159771051876,0.67432733903765,0.536076032127209,0.306812056033988,0.892033073437826,0.497119028924538,0.859404255020544,0.232037234806325,0.141175651080197,0.328379421856272
"1216",9623,0.343003187952112,0.492124590248654,0.553499574487542,0.327925416151371,0.892033073437826,0.449074024146648,0.879008384542042,0.237332724231842,0.107617497975268,0.344266454867439
"1217",9624,0.00266025990008448,0.0415528817560006,0.460757040581499,0.284901128075282,0.871955575166628,0.42392360188735,0.905731723378651,0.248806799164583,0.0729066441005791,0.424420928424626
"1218",9625,0.279818088570997,0.282610470971695,0.288591046561793,0.213287844545566,0.871955575166628,0.370969683609364,0.901242060716827,0.244727069658819,0.0987067289591584,0.493816001051158
"1219",9627,0.0522469076952312,0.0791195584010167,0.516985190192795,0.273616774899499,0.88867523701551,0.397919898949678,0.878988317498229,0.227190330544358,0.211715646865162,0.439904341406399
"1220",9628,0.208949593201603,0.373710818176806,0.529661609546053,0.295961962292366,0.910992357463379,0.449074024146648,0.853443191659535,0.235842252490332,0.24509003949699,0.465944753266043
"1221",9629,0.138604053010073,0.0791195584010167,0.529661609546053,0.295961962292366,0.914855643869659,0.47345002819282,0.868057623819293,0.269897972449424,0.201481890789364,0.494490514088332
"1222",9630,2.75864660749981e-06,0,0.500369684001425,0.306812056033988,0.949793622393806,0.520139193232302,0.89159456488082,0.304704378431316,0.227436548363956,0.506176960282999
"1223",9631,0.137878056067577,0.373710818176806,0.516610869631683,0.348322440337609,0.957813277268563,0.58578245863579,0.816114833802831,0.328935084350718,0.303359871344404,0.525071757631647
"1224",9632,0.136803518176655,0.204585080501487,0.268289538134892,0.358274099672593,0.891116121985603,0.542561124282565,0.577927711610746,0.330011371270209,0.258226095550047,0.536941732311592
"1225",9633,0.292659327628672,0.306567981894736,0.277875624525527,0.348322440337609,0.885620047015013,0.449074024146648,0.678568463403348,0.322773687123553,0.202506391037262,0.525488475251149
"1226",9640,0.00308702760458859,0.0415528817560006,0.128191978117105,0.144339752562717,0.645541939520879,0.217092219868523,0.812687537178526,0.282656662945126,0.130597717441184,0.536177390149387
"1227",9641,0.130197417540974,0.204585080501487,0.143658183434823,0.159009332456504,0.848265686205234,0.251065168549109,0.803464556122239,0.260629300330878,0.142635877874982,0.52038638336053
"1228",9643,0.172849950049127,0.329684086508448,0.0957047895567684,0.0968620896731948,0.885741516967171,0.283197582328096,0.780339186750367,0.255468865074683,0.15622545336723,0.491841766214092
"1229",9668,0.30244775286524,0.43514742707086,0.523351984164801,0.262094778184694,0.893104749705798,0.313759680941193,0.82782606541971,0.153561407753544,0.36296586552579,0.344130414684419
"1230",9669,0.374892544767842,0.595859525062267,0.53533449746285,0.262094778184694,0.89595139473594,0.397919898949678,0.801889332101391,0.159098274068024,0.274394892108034,0.302155360469232
"1231",9670,0.27615969541408,0.562589407938659,0.53533449746285,0.284901128075282,0.89595139473594,0.370969683609364,0.820663219139351,0.171973945271518,0.15964183423369,0.315852523156981
"1232",9671,0.294419230555587,0.612064138005298,0.51013679603564,0.284901128075282,0.635183223835322,0.342961398243505,0.837024245964513,0.187854027972652,0.141783586592225,0.438505825628701
"1233",9672,0.392145757906301,0.71865125654098,0.536076032127209,0.306812056033988,0.699948850502193,0.397919898949678,0.864357278133319,0.207243009172443,0.149371605389046,0.504160072547963
"1234",9673,0.145313335106575,0.415215354125646,0.524110212350758,0.295961962292366,0.699948850502193,0.42392360188735,0.855069572646693,0.204992150055136,0.189925511907022,0.457036188563576
"1235",9674,0.367130382603166,0.528062495338288,0.524110212350758,0.295961962292366,0.699948850502193,0.42392360188735,0.858825355712503,0.21151654783808,0.188772882860983,0.383054679022751
"1236",9675,0.234778650179696,0.329684086508448,0.524110212350758,0.295961962292366,0.667558438710123,0.42392360188735,0.871817548005502,0.233771915994358,0.116645130216181,0.431333757804595
"1237",9676,0.260880569876294,0.329684086508448,0.493240698792883,0.284901128075282,0.853499507889135,0.397919898949678,0.898487281094007,0.24542061023588,0.0644976071733334,0.452703844588118
"1238",9681,0.175625149231131,0.415215354125646,0.550046177355601,0.31746301471993,0.951151727292252,0.520139193232302,0.840477138954236,0.235039251213626,0.307728353159785,0.452371266507557
"1239",9682,0.336409326351663,0.733023616676502,0.58645461243929,0.377721430031665,0.957813277268563,0.542561124282565,0.793503929043043,0.243748943941812,0.363756053056514,0.457562423692502
"1240",9683,0.293411551014332,0.306567981894736,0.590183482757368,0.377721430031665,0.957813277268563,0.58578245863579,0.588158525140899,0.272948246417804,0.22791625312834,0.487702659081498
"1241",9686,0.224811154676477,0.257712384106153,0.18950950067219,0.273616774899499,0.895077465335838,0.47345002819282,0.698761384486401,0.217450875732721,0.164854383091448,0.466371790985665
"1242",9692,0.00418654857664647,0.0415528817560006,0.383256229301365,0.25031945995179,0.848265686205234,0.313759680941193,0.800968107339198,0.220590290127576,0.154980861362724,0.444138934363675
"1243",9696,0.0500797832632943,0.0791195584010167,0.356342675196043,0.225936824181398,0.885741516967171,0.370969683609364,0.781234503222741,0.251870432230141,0.150823198279224,0.449114175683602
"1244",9718,0.0252130566114259,0.0791195584010167,0.523351984164801,0.262094778184694,0.893104749705798,0.313759680941193,0.840636130490189,0.166799272849659,0.290132495004089,0.308837591059952
"1245",9719,0.241982137689133,0.394751479129127,0.523351984164801,0.262094778184694,0.635183223835322,0.313759680941193,0.844475874149865,0.17812033330305,0.194437085028137,0.414402975429099
"1246",9720,0.0405757692173637,0.0791195584010167,0.497557607153932,0.25031945995179,0.635183223835322,0.313759680941193,0.859352972265562,0.189525022430085,0.153229544540136,0.620240152634064
"1247",9721,0.147892849451596,0.257712384106153,0.510176444626366,0.273616774899499,0.372419022511226,0.342961398243505,0.875029111331877,0.223061291341722,0.193509892980055,0.522142339101223
"1248",9724,0.217089690484376,0.0791195584010167,0.344491972335756,0.213287844545566,0.914855643869659,0.342961398243505,0.849406873099188,0.196583085830176,0.283378197291945,0.411247009060487
"1249",9725,0.232039819457559,0.257712384106153,0.516293905458405,0.284901128075282,0.951151727292252,0.497119028924538,0.849632676730072,0.202475680720608,0.31581950364299,0.429212733478201
"1250",9726,0.359655410658004,0.747208078580098,0.561720375238476,0.348322440337609,0.957813277268563,0.58578245863579,0.763649017773864,0.180212115441259,0.403278867951483,0.497462198077636
"1251",9727,0.219344662559941,0.43514742707086,0.59100719407861,0.368071441670836,0.957813277268563,0.685922796487011,0.743130750770911,0.189978895530809,0.287410881584782,0.487372406423421
"1252",9728,0.0876642368511856,0.113665682896246,0.590009390649973,0.338208933560039,1,0.685922796487011,0.742026908153818,0.184988551115541,0.173767562830026,0.458808917399939
"1253",9730,0.381290858227616,0.394751479129127,0.176571327318636,0.262094778184694,0.956046026875278,0.520139193232302,0.706540273768382,0.16907109678357,0.156344807407662,0.402964277170118
"1254",9740,0.0099876936194252,0.0791195584010167,0.385317449660524,0.262094778184694,0.888464469861282,0.370969683609364,0.748426504856694,0.200645718108588,0.167729079251658,0.3807056611626
"1255",9744,0.0550128846187145,0.0791195584010167,0.381837192456361,0.20030138102957,0.885741516967171,0.342961398243505,0.739342784417005,0.306746305824147,0.149912034943801,0.416988246166554
"1256",9761,0.112295634104224,0.145820431566465,0.386190301656982,0.113335779056159,0.583407956652194,0.180920791056081,0.672014195192702,0.192672468255375,0.428047271684006,0.386403917766258
"1257",9762,0.29280366408541,0.612064138005298,0.559651181580117,0.327925416151371,0.951151727292252,0.647082879744186,0.776985100162476,0.178616095261645,0.402124653238954,0.484532853584303
"1258",9763,0.195654292463404,0.454587121959464,0.536902622323959,0.327925416151371,1,0.723348922421336,0.790598246965112,0.153615983656889,0.305961654889082,0.426448760929861
"1259",9764,0.383897466130487,0.612064138005298,0.590009390649973,0.348322440337609,1,0.704802980355667,0.669906211762374,0.139299035668673,0.18190913372606,0.420667800255755
"1260",9765,0.253139376919965,0.231753390739774,0.511055741626948,0.31746301471993,0.998307395645779,0.627079923289306,0.672729283399508,0.134520109376378,0.171636898375867,0.408524330852314
"1261",9766,0.235157883118769,0.257712384106153,0.511055741626948,0.31746301471993,0.956046026875278,0.564429170803794,0.675678208615088,0.138501312581905,0.166175028684865,0.367604317266343
"1262",9767,0.156443895403551,0.113665682896246,0.380778145120926,0.284901128075282,0.956046026875278,0.564429170803794,0.69994909451528,0.150240234022443,0.161586423428288,0.348484967418065
"1263",9770,0.203130051966511,0.415215354125646,0.449709007438097,0.284901128075282,0.956046026875278,0.606655713326245,0.791235843328802,0.187796483684216,0.155239597763382,0.270424904734302
"1264",9771,0.00824041552148727,0,0.428932430517425,0.273616774899499,0.94724014438073,0.497119028924538,0.797287279593109,0.182842201766196,0.175057519659266,0.286130084966816
"1265",9772,0.0521406008049075,0.113665682896246,0.428932430517425,0.273616774899499,0.94724014438073,0.497119028924538,0.77697258954791,0.1720719417736,0.176077362271739,0.291900436459701
"1266",9773,0.0104180702576657,0.113665682896246,0.35638626237476,0.238273338574488,0.94724014438073,0.47345002819282,0.756312208892873,0.15465767673912,0.173141003015611,0.315983692044985
"1267",9775,0.0658172842566241,0.0791195584010167,0.403322119954456,0.25031945995179,0.94724014438073,0.497119028924538,0.729065570848029,0.139560112777568,0.190593395314227,0.308608006095609
"1268",9776,0.24820317961072,0.352041663558859,0.44567570288996,0.273616774899499,0.94724014438073,0.47345002819282,0.725659000855569,0.156114275749092,0.176743023922662,0.305317988102234
"1269",9779,0.00414045605621184,0,0.432468353877129,0.284901128075282,0.94724014438073,0.47345002819282,0.726423295405161,0.256242902184692,0.183010173393323,0.323956385361158
"1270",9781,0.0424801808812207,0.0415528817560006,0.484067517508541,0.306812056033988,0.880909690448723,0.370969683609364,0.714621329156848,0.253478663356458,0.117325875065001,0.382310346833437
"1271",9782,0.000677498498275108,0,0.434021622636239,0.284901128075282,0.882020858292538,0.342961398243505,0.770380410263293,0.247769618369344,0.089182794216217,0.392581464532839
"1272",9798,0.576471922187281,1,0.511055741626948,0.295961962292366,1,0.704802980355667,0.73911582094391,0.136451861455407,0.308158853012585,0.375264939507214
"1273",9799,0.332362852069724,0.528062495338288,0.511055741626948,0.306812056033988,1,0.685922796487011,0.665534372915031,0.1250496905268,0.181085175839809,0.378481618756817
"1274",9800,0.390392700779975,0.643682526691789,0.511055741626948,0.306812056033988,0.998307395645779,0.606655713326245,0.675146039561185,0.122767054241547,0.167072402436509,0.367715067348261
"1275",9801,0.1476633851629,0.329684086508448,0.490811760450622,0.295961962292366,0.956046026875278,0.520139193232302,0.685988227488388,0.125308448954081,0.164304972218632,0.334046673523608
"1276",9802,0.198373433028695,0.257712384106153,0.490811760450622,0.295961962292366,0.956046026875278,0.520139193232302,0.698852803737609,0.131958749860617,0.154471130164056,0.309491101983575
"1277",9803,0.309361593365783,0.562589407938659,0.30787468195141,0.25031945995179,0.956046026875278,0.542561124282565,0.730704455238143,0.141779252101212,0.166276429949569,0.26318362641091
"1278",9806,0.00262313633384387,0.0415528817560006,0.428932430517425,0.273616774899499,0.94724014438073,0.497119028924538,0.776090967457296,0.153861032483384,0.182179139280914,0.237593817877391
"1279",9807,0.0447635832469856,0.0791195584010167,0.428932430517425,0.273616774899499,0.94724014438073,0.497119028924538,0.763994757060351,0.145304404945598,0.176449318290941,0.235336957298179
"1280",9808,0.0962474014839911,0.231753390739774,0.408551489507296,0.225936824181398,0.94724014438073,0.497119028924538,0.744755261042539,0.130326140373447,0.181092970250115,0.262936942535112
"1281",9811,0.191612372822621,0.145820431566465,0.425029668919862,0.273616774899499,0.94724014438073,0.520139193232302,0.708109835689083,0.126063711183801,0.189476449980403,0.254970726694887
"1282",9813,0.123608234871456,0.113665682896246,0.458735601010947,0.295961962292366,0.949937405462649,0.564429170803794,0.672989668368973,0.16977488508657,0.231178266649219,0.246145165711844
"1283",9833,0.43722031042135,0.733023616676502,0.551853849598752,0.306812056033988,0.993621180040448,0.685922796487011,0.71359231096192,0.124807211641161,0.31085867443562,0.382968417905817
"1284",9834,0.278705367944033,0.394751479129127,0.551853849598752,0.306812056033988,0.998307395645779,0.647082879744186,0.675985431820438,0.122748712858743,0.182115638580052,0.380662062766777
"1285",9835,0.066392652503909,0.0415528817560006,0.511055741626948,0.295961962292366,0.998307395645779,0.58578245863579,0.691673395060194,0.123576667615631,0.160237020527584,0.369601859396612
"1286",9836,0.360066017819699,0.394751479129127,0.490811760450622,0.284901128075282,0.956046026875278,0.542561124282565,0.698388878084833,0.12318418328208,0.16474797931669,0.312289423497198
"1287",9837,0.177741245067536,0.257712384106153,0.490811760450622,0.284901128075282,0.998307395645779,0.542561124282565,0.72140141827809,0.122991361589049,0.150896109710939,0.27392773999243
"1288",9838,0.272399933727723,0.528062495338288,0.30787468195141,0.238273338574488,0.998307395645779,0.542561124282565,0.748839791902902,0.125923678668581,0.170928921707571,0.243670453291219
"1289",9841,0.00786982099983599,0,0.396925100828427,0.238273338574488,0.94724014438073,0.497119028924538,0.775005047113214,0.125135240991298,0.184248703383361,0.195689873707986
"1290",9844,0.073909345143987,0.0415528817560006,0.426759633582018,0.25031945995179,0.94724014438073,0.542561124282565,0.745312278597104,0.108700073175108,0.191696964062093,0.222962305235158
"1291",9849,0.187641425253809,0.204585080501487,0.491876314982675,0.306812056033988,0.949937405462649,0.564429170803794,0.619871439172994,0.142116815512185,0.202777018097633,0.176528378743745
"1292",9850,0.0181913842367668,0.0415528817560006,0.556954978571952,0.405849579643647,0.94724014438073,0.564429170803794,0.568352182077246,0.133054488561845,0.148241385474572,0.173440522359576
"1293",9851,0.183400131662286,0.306567981894736,0.474241812555645,0.387230519958159,0.948415023931491,0.520139193232302,0.665983212683116,0.156189872882598,0.105292036836448,0.263381833022777
"1294",9852,0.00331673876200177,0,0.438973518153539,0.306812056033988,0.886847771664379,0.42392360188735,0.705979010528415,0.206675878823451,0.12204322051699,0.283866539300243
"1295",9865,0.0495903056600129,0.204585080501487,0.490811760450622,0.284901128075282,0.993621180040448,0.627079923289306,0.82600850625607,0.141882213148603,0.393567386541644,0.416657439882049
"1296",9866,0.414571336312534,0.545491992483284,0.551853849598752,0.306812056033988,0.993621180040448,0.627079923289306,0.692957658803296,0.119749067767414,0.320103247152357,0.394568973231497
"1297",9867,0.334676157919797,0.528062495338288,0.551853849598752,0.306812056033988,0.996836280663427,0.564429170803794,0.68454861984117,0.119960495896152,0.193670445138752,0.400817601155783
"1298",9868,0.412749147851725,0.867466431771165,0.520873264067273,0.306812056033988,0.998307395645779,0.58578245863579,0.704839792234888,0.125030349542921,0.178272874173272,0.394250894680296
"1299",9869,0.114090994790463,0.204585080501487,0.501019752210827,0.295961962292366,0.956046026875278,0.542561124282565,0.707225971534925,0.124826914861121,0.17196755947947,0.329427407915299
"1300",9870,0.0666358891324378,0.0791195584010167,0.462366201316253,0.273616774899499,0.998307395645779,0.564429170803794,0.711246365142665,0.117100277645436,0.174536883069922,0.257596870877002
"1301",9872,0.0181080106389704,0,0.309299003554321,0.238273338574488,0.956046026875278,0.520139193232302,0.77327678979973,0.111692605375708,0.176208726804643,0.175024779067799
"1302",9875,0.0242024397112774,0,0.372518116987728,0.225936824181398,0.939035709845143,0.397919898949678,0.753728985133102,0.101892399340557,0.218381227065024,0.141224577726017
"1303",9876,0.0206902582377784,0.0791195584010167,0.372518116987728,0.225936824181398,0.939035709845143,0.397919898949678,0.735555191740354,0.0975186096449471,0.219476368523115,0.148742031125809
"1304",9877,0.0552037649732699,0.176020831779429,0.41713879729071,0.238273338574488,0.94724014438073,0.520139193232302,0.723763805896657,0.0945627364880878,0.212377974318732,0.168159121685563
"1305",9878,0.347410204149833,0.71865125654098,0.41713879729071,0.25031945995179,0.956046026875278,0.564429170803794,0.73099969230063,0.0951726746974133,0.199435655180668,0.189037848465282
"1306",9879,0.192330558941599,0.306567981894736,0.372518116987728,0.225936824181398,0.956046026875278,0.564429170803794,0.714725300405059,0.0992867948118072,0.188061843822834,0.184513424938744
"1307",9881,0.000829404353417902,0,0.371384758072418,0.25031945995179,0.949937405462649,0.564429170803794,0.684225762691149,0.117659836086891,0.214480926570653,0.186700429469216
"1308",9882,0.252554804050336,0.415215354125646,0.528796108904485,0.348322440337609,0.94724014438073,0.606655713326245,0.643236357019568,0.114065916744377,0.174150868738209,0.158678105533888
"1309",9883,0.151595579536634,0.145820431566465,0.794305906275347,0.423971862329936,0.949937405462649,0.666689620312518,0.641615718756091,0.0850532667448275,0.139924083387189,0.185450790448938
"1310",9898,0.444175096224868,0.802204119831253,0.490811760450622,0.284901128075282,0.993621180040448,0.58578245863579,0.827815541988854,0.145966797277928,0.340422886131084,0.445768850125656
"1311",9899,0.431124833199982,0.828741972385719,0.490811760450622,0.284901128075282,0.993621180040448,0.58578245863579,0.778267744564256,0.120520874549093,0.26085456003175,0.440732338600465
"1312",9900,0.371371295583735,0.689311620735801,0.511055741626948,0.295961962292366,0.996836280663427,0.58578245863579,0.746507771789421,0.119696289434107,0.169803178821044,0.451810425048145
"1313",9901,0.422773426413054,0.815548445038407,0.520873264067273,0.306812056033988,0.956046026875278,0.58578245863579,0.713941645277064,0.126087162350028,0.184512744027592,0.409939123441292
"1314",9906,0.196641902514967,0.282610470971695,0.374472832721884,0.225936824181398,0.94724014438073,0.520139193232302,0.772051865074885,0.0890476821340525,0.197983235591893,0.143894429299949
"1315",9907,0.0479635275605799,0.0415528817560006,0.374472832721884,0.225936824181398,0.939035709845143,0.397919898949678,0.761030108468479,0.0844029120075206,0.232535592441816,0.109887680557957
"1316",9908,0.0830875274154381,0.145820431566465,0.372518116987728,0.225936824181398,0.939035709845143,0.397919898949678,0.749598260646116,0.0820540231252553,0.244372671875854,0.099067596771716
"1317",9911,0.0119239333289611,0.0791195584010167,0.372518116987728,0.225936824181398,0.949937405462649,0.520139193232302,0.721192781809615,0.0830584792206008,0.190786956503503,0.142388416141373
"1318",9912,0.246112231913108,0.373710818176806,0.372518116987728,0.213287844545566,0.949937405462649,0.542561124282565,0.712848832014968,0.0883034014380868,0.193811356686885,0.150873369847333
"1319",9916,0.014239331898742,0.0415528817560006,0.794305906275347,0.423971862329936,0.948415023931491,0.666689620312518,0.536875286159489,0.0593068869915387,0.100608702664296,0.210462370067569
"1320",9918,0.0277569583943644,0,0.220149715845462,0.284901128075282,0.852176631143513,0.397919898949678,0.598769080176072,0.0406639461293051,0.141853891515227,0.233820688136016
"1321",9919,0.00138930118873323,0,0.524061182859062,0.295961962292366,0.852176631143513,0.42392360188735,0.621756765493494,0.0693830238800158,0.135840514525386,0.24659696965942
"1322",9920,0.00211050298526358,0.0415528817560006,0.604492965733073,0.348322440337609,0.556075133783762,0.397919898949678,0.585773830820706,0.170164236397913,0.16316917766621,0.236396055683175
"1323",9929,0.153501452880708,0.282610470971695,0.404596888268757,0.262094778184694,0.931757739115336,0.564429170803794,0.815816439340093,0.165698250350272,0.233694054644171,0.479766997103744
"1324",9930,0.334888152502156,0.71865125654098,0.404596888268757,0.262094778184694,0.931757739115336,0.564429170803794,0.804187372496303,0.128201400158234,0.22163467284807,0.479263649780279
"1325",9931,0.351514019804472,0.747208078580098,0.404596888268757,0.262094778184694,0.990489421527637,0.542561124282565,0.727663875427658,0.128508539543312,0.184121876653118,0.460200251206641
"1326",9932,0.332338233780575,0.628000850738346,0.404596888268757,0.273616774899499,0.947879736211596,0.542561124282565,0.76111695818066,0.13267620517075,0.178008193702311,0.400769576268152
"1327",9933,0.149183001124457,0.0791195584010167,0.404596888268757,0.262094778184694,0.947879736211596,0.520139193232302,0.735746140818666,0.132030230002753,0.20769917266848,0.345832939283572
"1328",9936,0.0170696631180052,0,0.374472832721884,0.238273338574488,0.949400902599144,0.564429170803794,0.776259107987605,0.085678730181104,0.166768836478977,0.192260859876503
"1329",9937,0.0773901352978916,0.145820431566465,0.374472832721884,0.213287844545566,0.94724014438073,0.520139193232302,0.768795652134142,0.0751579260205624,0.199808074079302,0.167893716450988
"1330",9939,0.00250189927466179,0,0.372518116987728,0.225936824181398,0.939035709845143,0.397919898949678,0.750391673551099,0.0654270551612628,0.246826434539009,0.114262784769084
"1331",9940,0.21852166938099,0.176020831779429,0.372518116987728,0.213287844545566,0.939035709845143,0.397919898949678,0.737140704341679,0.0650984730805337,0.252282969603039,0.104793758176263
"1332",9941,0.104030825460869,0.145820431566465,0.372518116987728,0.225936824181398,0.939035709845143,0.397919898949678,0.730785201555129,0.066119464026413,0.224632705761651,0.11414561408031
"1333",9944,0.0967467932490925,0.0791195584010167,0.333756928707318,0.20030138102957,0.948415023931491,0.520139193232302,0.688097059073361,0.0796748241693994,0.228370756758182,0.143985991121463
"1334",9947,0.0446560583969773,0.176020831779429,0.803768595943503,0.396604708670238,0.948415023931491,0.564429170803794,0.579362956131137,0.0889086764281618,0.0831799872884197,0.215605075940015
"1335",9948,0.00988219084171134,0.0791195584010167,0.558795717300635,0.338208933560039,0.852176631143513,0.449074024146648,0.570783326311098,0.0931238161868062,0.108639818930444,0.289073277721418
"1336",9959,0.0757032912747029,0.145820431566465,0.404596888268757,0.262094778184694,0.931757739115336,0.542561124282565,0.815946440097655,0.193981253384539,0.197502932170936,0.477774403125443
"1337",9960,0.380344222319642,0.733023616676502,0.404596888268757,0.262094778184694,0.931757739115336,0.542561124282565,0.789008100523003,0.150716095117741,0.239817578358982,0.466585547692044
"1338",9961,0.441650010065,0.628000850738346,0.404596888268757,0.273616774899499,0.928417438009209,0.520139193232302,0.693265495979449,0.145881209200859,0.228480238914736,0.452451155377615
"1339",9962,0.286966395858372,0.394751479129127,0.404596888268757,0.262094778184694,0.888867559707659,0.520139193232302,0.702411620213813,0.13967457613573,0.185018891979729,0.410917688315337
"1340",9963,0.155084279492603,0.0415528817560006,0.488637842539121,0.25031945995179,0.888867559707659,0.497119028924538,0.73947996311745,0.13281292640389,0.229565996045804,0.360221614051354
"1341",9967,0.0809347434820338,0.113665682896246,0.374472832721884,0.213287844545566,0.943567677751166,0.42392360188735,0.775260791827883,0.065428447980427,0.195661166697078,0.225043168432949
"1342",9970,0.0556976934322015,0.0415528817560006,0.372518116987728,0.225936824181398,0.939035709845143,0.370969683609364,0.733144275902014,0.0554664900594556,0.245313450862916,0.133643283818055
"1343",9975,0.000539255387490785,0,0.352627095674461,0.213287844545566,0.945723874006364,0.520139193232302,0.660240569068653,0.0574672385586313,0.289634104902425,0.160896724091622
"1344",9976,0.1607880770615,0.176020831779429,0.800717134542997,0.387230519958159,0.948415023931491,0.627079923289306,0.503795951840074,0.0707326898025207,0.188910975018054,0.187426846217337
"1345",9979,0.0114629580683463,0,0.1703073668244,0.213287844545566,0.583759075702967,0.313759680941193,0.629782043323397,0.0559427376016899,0.132354659904184,0.395300924852875
"1346",9986,0.000138773288880626,0,0.144517587344363,0.159009332456504,0.558604804174184,0.1420592625229,0.913394194452946,0.262749097235714,0.00320370813231861,0.430583345629223
"1347",9987,0.00218083493712476,0,0.144517587344363,0.159009332456504,0.54364091703127,0,0.907192435693993,0.24052865883864,0.0224818790538906,0.570859226637524
"1348",9988,0.104427370531674,0.257712384106153,0.403996615550295,0.25031945995179,0.931757739115336,0.542561124282565,0.813104051552041,0.223822176405491,0.204610987268983,0.490190502882852
"1349",9989,0.405052388260542,0.788703704721692,0.490811760450622,0.273616774899499,0.931757739115336,0.542561124282565,0.783805141610892,0.194453413512919,0.208000616752636,0.494691447338804
"1350",9990,0.319465329097383,0.67432733903765,0.404596888268757,0.273616774899499,0.928417438009209,0.520139193232302,0.770603129026106,0.167904428812884,0.171130560640548,0.496067016510439
"1351",9991,0.0541216892334248,0.145820431566465,0.404596888268757,0.262094778184694,0.888867559707659,0.497119028924538,0.691003389050121,0.146238404857765,0.175843577061308,0.470169079301653
"1352",9992,0.350439058110504,0.43514742707086,0.488637842539121,0.25031945995179,0.888867559707659,0.497119028924538,0.707545091912377,0.128524861352586,0.204523684698175,0.405458105411198
"1353",9993,0.0305590234107067,0.0415528817560006,0.401735584882727,0.238273338574488,0.5872077269428,0.42392360188735,0.709875716964098,0.104718153213123,0.214740295444568,0.337947079439073
"1354",9994,0.167087935527644,0.204585080501487,0.373251285585095,0.238273338574488,0.885620047015013,0.497119028924538,0.762589246573121,0.0748241092559828,0.174471347750933,0.3099356551027
"1355",9996,0.0696403589079789,0.0791195584010167,0.370150313658795,0.1869488866532,0.943567677751166,0.47345002819282,0.775591346729401,0.0577718177327625,0.177614302649604,0.317547935013412
"1356",9998,0.024397288818229,0.113665682896246,0.372518116987728,0.225936824181398,0.943567677751166,0.42392360188735,0.738510605165728,0.0535691631828017,0.210573887006707,0.238698056247603
